ISO3,Country,Residence Type,Service Type,Year,Coverage,Population,Service level
AFG,Afghanistan,total,Sanitation,2020,50.49965,19658673.59393,At least basic
AFG,Afghanistan,rural,Sanitation,2020,44.7967,12900038.36573,At least basic
AFG,Afghanistan,urban,Sanitation,2020,66.7092,6758635.05736,At least basic
AFG,Afghanistan,total,Hygiene,2020,38.11505,14837556.27074,Basic service
AFG,Afghanistan,rural,Hygiene,2020,29.12944,8388362.54217,Basic service
AFG,Afghanistan,urban,Hygiene,2020,63.65494,6449193.05055,Basic service
AFG,Afghanistan,total,Drinking water,2020,47.50246,18491917.97321,Basic service
AFG,Afghanistan,rural,Drinking water,2020,41.83238,12046406.63439,Basic service
AFG,Afghanistan,urban,Drinking water,2020,63.61859,6445510.44781,Basic service
AFG,Afghanistan,total,Hygiene,2020,34.22538,13323373.54618,Limited service
AFG,Afghanistan,rural,Hygiene,2020,38.2024,11001089.08858,Limited service
AFG,Afghanistan,urban,Hygiene,2020,22.92145,2322283.74872,Limited service
AFG,Afghanistan,total,Sanitation,2020,10.9432,4260006.16127,Limited service
AFG,Afghanistan,rural,Sanitation,2020,7.24273,2085676.66223,Limited service
AFG,Afghanistan,urban,Sanitation,2020,21.4611,2174329.311,Limited service
AFG,Afghanistan,total,Drinking water,2020,1.44754,563503.94995,Limited service
AFG,Afghanistan,rural,Drinking water,2020,1.95682,563503.91711,Limited service
AFG,Afghanistan,urban,Drinking water,2020,0,0,Limited service
AFG,Afghanistan,total,Hygiene,2020,27.65957,10767410.23757,No handwashing facility
AFG,Afghanistan,rural,Hygiene,2020,32.66815,9407398.6889,No handwashing facility
AFG,Afghanistan,urban,Hygiene,2020,13.42362,1360012.21998,No handwashing facility
AFG,Afghanistan,total,Sanitation,2020,10.78376,4197939.30647,Open defecation
AFG,Afghanistan,rural,Sanitation,2020,14.57777,4197939.06131,Open defecation
AFG,Afghanistan,urban,Sanitation,2020,0,0,Open defecation
AFG,Afghanistan,total,Drinking water,2020,27.58896,10739922.68756,Safely managed service
AFG,Afghanistan,rural,Drinking water,2020,24.49554,7053943.61676,Safely managed service
AFG,Afghanistan,urban,Drinking water,2020,36.38141,3685978.55219,Safely managed service
AFG,Afghanistan,total,Drinking water,2020,8.90078,3464926.74735,Surface water
AFG,Afghanistan,rural,Drinking water,2020,12.03231,3464926.54444,Surface water
AFG,Afghanistan,urban,Drinking water,2020,0,0,Surface water
AFG,Afghanistan,total,Sanitation,2020,27.77339,10811720.30379,Unimproved
AFG,Afghanistan,rural,Sanitation,2020,33.3828,9613195.67403,Unimproved
AFG,Afghanistan,urban,Sanitation,2020,11.8297,1198525.01056,Unimproved
AFG,Afghanistan,total,Drinking water,2020,14.56026,5668068.63882,Unimproved
AFG,Afghanistan,rural,Drinking water,2020,19.68295,5668069.28471,Unimproved
AFG,Afghanistan,urban,Drinking water,2020,0,0,Unimproved
AGO,Angola,total,Sanitation,2020,51.66033,16978822.85379,At least basic
AGO,Angola,rural,Sanitation,2020,24.1564,2633865.12672,At least basic
AGO,Angola,urban,Sanitation,2020,65.31454,14344958.98949,At least basic
AGO,Angola,total,Drinking water,2020,57.16774,18788902.48308,At least basic
AGO,Angola,rural,Drinking water,2020,27.80823,3032037.83228,At least basic
AGO,Angola,urban,Drinking water,2020,71.74315,15756865.98375,At least basic
AGO,Angola,total,Hygiene,2020,27.09419,8904850.87877,Basic service
AGO,Angola,rural,Hygiene,2020,13.23489,1443050.41419,Basic service
AGO,Angola,urban,Hygiene,2020,33.97459,7461800.78474,Basic service
AGO,Angola,total,Hygiene,2020,15.06199,4950312.68047,Limited service
AGO,Angola,rural,Hygiene,2020,13.72976,1497008.13343,Limited service
AGO,Angola,urban,Hygiene,2020,15.72336,3453304.70176,Limited service
AGO,Angola,total,Sanitation,2020,21.00152,6902416.36262,Limited service
AGO,Angola,rural,Sanitation,2020,6.19269,675212.69594,Limited service
AGO,Angola,urban,Sanitation,2020,28.3533,6227203.93139,Limited service
AGO,Angola,total,Drinking water,2020,9.28735,3052405.50022,Limited service
AGO,Angola,rural,Drinking water,2020,8.74049,953009.01253,Limited service
AGO,Angola,urban,Drinking water,2020,9.55884,2099396.58063,Limited service
AGO,Angola,total,Hygiene,2020,57.84382,19011106.8746,No handwashing facility
AGO,Angola,rural,Hygiene,2020,73.03535,7963325.16889,No handwashing facility
AGO,Angola,urban,Hygiene,2020,50.30204,11047780.55962,No handwashing facility
AGO,Angola,total,Sanitation,2020,17.96832,5905516.92719,Open defecation
AGO,Angola,rural,Sanitation,2020,54.16224,5905516.95678,Open defecation
AGO,Angola,urban,Sanitation,2020,0,0,Open defecation
AGO,Angola,total,Drinking water,2020,14.09409,4632200.72689,Surface water
AGO,Angola,rural,Drinking water,2020,40.51813,4417847.56738,Surface water
AGO,Angola,urban,Drinking water,2020,0.97598,214353.19095,Surface water
AGO,Angola,total,Sanitation,2020,9.36983,3079513.44788,Unimproved
AGO,Angola,rural,Sanitation,2020,15.48867,1688789.22656,Unimproved
AGO,Angola,urban,Sanitation,2020,6.33215,1390723.31193,Unimproved
AGO,Angola,total,Drinking water,2020,19.45083,6392760.77347,Unimproved
AGO,Angola,rural,Drinking water,2020,22.93315,2500489.6891,Unimproved
AGO,Angola,urban,Drinking water,2020,17.72203,3892270.28463,Unimproved
ALB,Albania,rural,Drinking water,2020,94.09135,1025916.52006,At least basic
ALB,Albania,urban,Drinking water,2020,95.66381,1709951.4903,At least basic
ALB,Albania,total,Sanitation,2020,51.60771,1485166.70773,Basic service
ALB,Albania,rural,Sanitation,2020,45.67592,498023.25455,Basic service
ALB,Albania,urban,Sanitation,2020,55.22607,987143.45561,Basic service
ALB,Albania,total,Drinking water,2020,24.3935,701996.18415,Basic service
ALB,Albania,total,Sanitation,2020,0.57195,16459.61601,Limited service
ALB,Albania,rural,Sanitation,2020,0.71872,7836.50348,Limited service
ALB,Albania,urban,Sanitation,2020,0.48242,8623.11247,Limited service
ALB,Albania,total,Drinking water,2020,1.88466,54236.63302,Limited service
ALB,Albania,rural,Drinking water,2020,2.30526,25135.24666,Limited service
ALB,Albania,urban,Drinking water,2020,1.62809,29101.3862,Limited service
ALB,Albania,total,Sanitation,2020,0,0,Open defecation
ALB,Albania,rural,Sanitation,2020,0,0,Open defecation
ALB,Albania,urban,Sanitation,2020,0,0,Open defecation
ALB,Albania,total,Sanitation,2020,47.69108,1372453.96125,Safely managed service
ALB,Albania,rural,Sanitation,2020,53.60536,584481.14199,Safely managed service
ALB,Albania,urban,Sanitation,2020,44.0834,787972.8171,Safely managed service
ALB,Albania,total,Drinking water,2020,70.67454,2033871.83701,Safely managed service
ALB,Albania,total,Drinking water,2020,0,0,Surface water
ALB,Albania,rural,Drinking water,2020,0,0,Surface water
ALB,Albania,urban,Drinking water,2020,0,0,Surface water
ALB,Albania,total,Sanitation,2020,0.12926,3719.71478,Unimproved
ALB,Albania,rural,Sanitation,2020,0,0,Unimproved
ALB,Albania,urban,Sanitation,2020,0.2081,3719.71483,Unimproved
ALB,Albania,total,Drinking water,2020,3.04731,87695.34562,Unimproved
ALB,Albania,rural,Drinking water,2020,3.60338,39289.09306,Unimproved
ALB,Albania,urban,Drinking water,2020,2.7081,48406.25235,Unimproved
AND,Andorra,rural,Drinking water,2020,100,9336.7031,At least basic
AND,Andorra,urban,Drinking water,2020,100,67928.297,At least basic
AND,Andorra,total,Sanitation,2020,0,0,Basic service
AND,Andorra,rural,Sanitation,2020,0,0,Basic service
AND,Andorra,urban,Sanitation,2020,0,0,Basic service
AND,Andorra,total,Drinking water,2020,9.36,7232.00427,Basic service
AND,Andorra,total,Sanitation,2020,0,0,Limited service
AND,Andorra,rural,Sanitation,2020,0,0,Limited service
AND,Andorra,urban,Sanitation,2020,0,0,Limited service
AND,Andorra,total,Drinking water,2020,0,0,Limited service
AND,Andorra,rural,Drinking water,2020,0,0,Limited service
AND,Andorra,urban,Drinking water,2020,0,0,Limited service
AND,Andorra,total,Sanitation,2020,0,0,Open defecation
AND,Andorra,rural,Sanitation,2020,0,0,Open defecation
AND,Andorra,urban,Sanitation,2020,0,0,Open defecation
AND,Andorra,total,Sanitation,2020,100,77265.00286,Safely managed service
AND,Andorra,rural,Sanitation,2020,100,9336.7031,Safely managed service
AND,Andorra,urban,Sanitation,2020,100,67928.297,Safely managed service
AND,Andorra,total,Drinking water,2020,90.64,70032.9986,Safely managed service
AND,Andorra,total,Drinking water,2020,0,0,Surface water
AND,Andorra,rural,Drinking water,2020,0,0,Surface water
AND,Andorra,urban,Drinking water,2020,0,0,Surface water
AND,Andorra,total,Sanitation,2020,0,0,Unimproved
AND,Andorra,rural,Sanitation,2020,0,0,Unimproved
AND,Andorra,urban,Sanitation,2020,0,0,Unimproved
AND,Andorra,total,Drinking water,2020,0,0,Unimproved
AND,Andorra,rural,Drinking water,2020,0,0,Unimproved
AND,Andorra,urban,Drinking water,2020,0,0,Unimproved
ARE,United Arab Emirates,total,Drinking water,2020,99.9656,9886997.60943,At least basic
ARE,United Arab Emirates,total,Sanitation,2020,0,0,Basic service
ARE,United Arab Emirates,total,Sanitation,2020,0.77043,76198.60872,Limited service
ARE,United Arab Emirates,total,Drinking water,2020,0,0,Limited service
ARE,United Arab Emirates,total,Sanitation,2020,0,0,Open defecation
ARE,United Arab Emirates,total,Sanitation,2020,99.22957,9814201.39128,Safely managed service
ARE,United Arab Emirates,total,Drinking water,2020,0,0,Surface water
ARE,United Arab Emirates,total,Sanitation,2020,0,0,Unimproved
ARE,United Arab Emirates,total,Drinking water,2020,0.0344,3402.69322,Unimproved
ARG,Argentina,urban,Drinking water,2020,99.79042,41543031.47982,At least basic
ARG,Argentina,urban,Sanitation,2020,51.62742,21492640.20633,Basic service
ARG,Argentina,urban,Sanitation,2020,1.24901,519965.1159,Limited service
ARG,Argentina,urban,Drinking water,2020,0,0,Limited service
ARG,Argentina,urban,Sanitation,2020,0,0,Open defecation
ARG,Argentina,urban,Sanitation,2020,47.12357,19617674.67819,Safely managed service
ARG,Argentina,urban,Drinking water,2020,0,0,Surface water
ARG,Argentina,urban,Sanitation,2020,0,0,Unimproved
ARG,Argentina,urban,Drinking water,2020,0.20958,87248.47023,Unimproved
ARM,Armenia,rural,Sanitation,2020,83.47301,907453.09144,At least basic
ARM,Armenia,rural,Drinking water,2020,100,1087121.6,At least basic
ARM,Armenia,urban,Drinking water,2020,99.95448,1875258.45048,At least basic
ARM,Armenia,total,Hygiene,2020,94.71515,2806631.53121,Basic service
ARM,Armenia,rural,Hygiene,2020,91.1048,990420.01249,Basic service
ARM,Armenia,urban,Hygiene,2020,96.80718,1816211.51989,Basic service
ARM,Armenia,total,Sanitation,2020,24.60766,729182.56106,Basic service
ARM,Armenia,urban,Sanitation,2020,28.64215,537358.95648,Basic service
ARM,Armenia,total,Drinking water,2020,13.06052,387013.78937,Basic service
ARM,Armenia,total,Hygiene,2020,0.40324,11948.83357,Limited service
ARM,Armenia,rural,Hygiene,2020,0,0,Limited service
ARM,Armenia,urban,Hygiene,2020,1.12416,21090.47685,Limited service
ARM,Armenia,total,Sanitation,2020,0.42505,12595.07879,Limited service
ARM,Armenia,rural,Sanitation,2020,1.15857,12595.07852,Limited service
ARM,Armenia,urban,Sanitation,2020,0,0,Limited service
ARM,Armenia,total,Drinking water,2020,0,0,Limited service
ARM,Armenia,rural,Drinking water,2020,0,0,Limited service
ARM,Armenia,urban,Drinking water,2020,0,0,Limited service
ARM,Armenia,total,Hygiene,2020,4.88161,144653.63783,No handwashing facility
ARM,Armenia,rural,Hygiene,2020,9.7361,105843.2275,No handwashing facility
ARM,Armenia,urban,Hygiene,2020,2.06866,38810.40507,No handwashing facility
ARM,Armenia,total,Sanitation,2020,0.01068,316.57939,Open defecation
ARM,Armenia,rural,Sanitation,2020,0.02912,316.57937,Open defecation
ARM,Armenia,urban,Sanitation,2020,0,0,Open defecation
ARM,Armenia,total,Sanitation,2020,69.32908,2054382.90867,Safely managed service
ARM,Armenia,urban,Sanitation,2020,71.35785,1338753.44352,Safely managed service
ARM,Armenia,total,Drinking water,2020,86.91066,2575366.22704,Safely managed service
ARM,Armenia,total,Drinking water,2020,0,0,Surface water
ARM,Armenia,rural,Drinking water,2020,0,0,Surface water
ARM,Armenia,urban,Drinking water,2020,0,0,Surface water
ARM,Armenia,total,Sanitation,2020,5.62753,166756.87204,Unimproved
ARM,Armenia,rural,Sanitation,2020,15.3393,166756.86838,Unimproved
ARM,Armenia,urban,Sanitation,2020,0,0,Unimproved
ARM,Armenia,total,Drinking water,2020,0.02882,853.98353,Unimproved
ARM,Armenia,rural,Drinking water,2020,0,0,Unimproved
ARM,Armenia,urban,Drinking water,2020,0.04552,853.98355,Unimproved
ASM,American Samoa,total,Sanitation,2020,54.45476,30057.39471,At least basic
ASM,American Samoa,total,Drinking water,2020,1.4118,779.27062,Basic service
ASM,American Samoa,total,Sanitation,2020,44.57549,24604.33378,Limited service
ASM,American Samoa,total,Drinking water,2020,0,0,Limited service
ASM,American Samoa,total,Sanitation,2020,0.70087,386.85827,Open defecation
ASM,American Samoa,total,Drinking water,2020,98.36197,54292.85812,Safely managed service
ASM,American Samoa,total,Drinking water,2020,0,0,Surface water
ASM,American Samoa,total,Sanitation,2020,0.26888,148.41386,Unimproved
ASM,American Samoa,total,Drinking water,2020,0.22623,124.87126,Unimproved
AUS,Australia,total,Drinking water,2020,99.96981,25492181.71118,At least basic
AUS,Australia,rural,Drinking water,2020,100,3508528.3,At least basic
AUS,Australia,total,Sanitation,2020,25.73166,6561541.90436,Basic service
AUS,Australia,urban,Drinking water,2020,1.00126,220191.18963,Basic service
AUS,Australia,total,Sanitation,2020,0,0,Limited service
AUS,Australia,total,Drinking water,2020,0,0,Limited service
AUS,Australia,rural,Drinking water,2020,0,0,Limited service
AUS,Australia,urban,Drinking water,2020,0,0,Limited service
AUS,Australia,total,Sanitation,2020,0,0,Open defecation
AUS,Australia,total,Sanitation,2020,74.25949,18936081.96316,Safely managed service
AUS,Australia,urban,Drinking water,2020,98.96374,21763463.83739,Safely managed service
AUS,Australia,total,Drinking water,2020,0,0,Surface water
AUS,Australia,rural,Drinking water,2020,0,0,Surface water
AUS,Australia,urban,Drinking water,2020,0,0,Surface water
AUS,Australia,total,Sanitation,2020,0.00885,2256.13197,Unimproved
AUS,Australia,total,Drinking water,2020,0.03019,7697.94942,Unimproved
AUS,Australia,rural,Drinking water,2020,0,0,Unimproved
AUS,Australia,urban,Drinking water,2020,0.035,7696.9732,Unimproved
AUT,Austria,rural,Drinking water,2020,100,3715320,At least basic
AUT,Austria,urban,Drinking water,2020,100,5291080,At least basic
AUT,Austria,total,Sanitation,2020,0.33008,29728.30098,Basic service
AUT,Austria,rural,Sanitation,2020,0.80015,29728.29976,Basic service
AUT,Austria,urban,Sanitation,2020,0,0,Basic service
AUT,Austria,total,Drinking water,2020,1.09936,99012.57873,Basic service
AUT,Austria,total,Sanitation,2020,0,0,Limited service
AUT,Austria,rural,Sanitation,2020,0,0,Limited service
AUT,Austria,urban,Sanitation,2020,0,0,Limited service
AUT,Austria,total,Drinking water,2020,0,0,Limited service
AUT,Austria,rural,Drinking water,2020,0,0,Limited service
AUT,Austria,urban,Drinking water,2020,0,0,Limited service
AUT,Austria,total,Sanitation,2020,0,0,Open defecation
AUT,Austria,rural,Sanitation,2020,0,0,Open defecation
AUT,Austria,urban,Sanitation,2020,0,0,Open defecation
AUT,Austria,total,Sanitation,2020,99.64252,8974204.36349,Safely managed service
AUT,Austria,rural,Sanitation,2020,99.19985,3685591.7002,Safely managed service
AUT,Austria,urban,Sanitation,2020,99.95337,5288612.6641,Safely managed service
AUT,Austria,total,Drinking water,2020,98.90064,8907387.42109,Safely managed service
AUT,Austria,total,Drinking water,2020,0,0,Surface water
AUT,Austria,rural,Drinking water,2020,0,0,Surface water
AUT,Austria,urban,Drinking water,2020,0,0,Surface water
AUT,Austria,total,Sanitation,2020,0.0274,2467.33561,Unimproved
AUT,Austria,rural,Sanitation,2020,0,0,Unimproved
AUT,Austria,urban,Sanitation,2020,0.04663,2467.33568,Unimproved
AUT,Austria,total,Drinking water,2020,0,0,Unimproved
AUT,Austria,rural,Drinking water,2020,0,0,Unimproved
AUT,Austria,urban,Drinking water,2020,0,0,Unimproved
AZE,Azerbaijan,urban,Sanitation,2020,87.56399,5007075.92381,Basic service
AZE,Azerbaijan,total,Drinking water,2020,7.72061,782806.37361,Basic service
AZE,Azerbaijan,rural,Drinking water,2020,12.85628,568374.21354,Basic service
AZE,Azerbaijan,urban,Drinking water,2020,3.75,214432.1625,Basic service
AZE,Azerbaijan,urban,Sanitation,2020,3.55672,203380.12139,Limited service
AZE,Azerbaijan,total,Drinking water,2020,1.04278,105729.40871,Limited service
AZE,Azerbaijan,rural,Drinking water,2020,2.39154,105729.40937,Limited service
AZE,Azerbaijan,urban,Drinking water,2020,0,0,Limited service
AZE,Azerbaijan,urban,Sanitation,2020,0,0,Open defecation
AZE,Azerbaijan,urban,Sanitation,2020,8.87929,507734.9548,Safely managed service
AZE,Azerbaijan,total,Drinking water,2020,88.32276,8955199.60781,Safely managed service
AZE,Azerbaijan,rural,Drinking water,2020,78.06951,3451440.7657,Safely managed service
AZE,Azerbaijan,urban,Drinking water,2020,96.25,5503758.8375,Safely managed service
AZE,Azerbaijan,total,Drinking water,2020,0,0,Surface water
AZE,Azerbaijan,rural,Drinking water,2020,0,0,Surface water
AZE,Azerbaijan,urban,Drinking water,2020,0,0,Surface water
AZE,Azerbaijan,urban,Sanitation,2020,0,0,Unimproved
AZE,Azerbaijan,total,Drinking water,2020,2.91384,295439.60936,Unimproved
AZE,Azerbaijan,rural,Drinking water,2020,6.68267,295439.6113,Unimproved
AZE,Azerbaijan,urban,Drinking water,2020,0,0,Unimproved
BDI,Burundi,total,Sanitation,2020,45.72751,5437358.35148,At least basic
BDI,Burundi,rural,Sanitation,2020,46.43954,4765064.76686,At least basic
BDI,Burundi,urban,Sanitation,2020,41.2453,672293.63129,At least basic
BDI,Burundi,total,Drinking water,2020,62.20712,7396912.73855,At least basic
BDI,Burundi,rural,Drinking water,2020,57.68576,5919016.86632,At least basic
BDI,Burundi,urban,Drinking water,2020,90.66911,1477895.93622,At least basic
BDI,Burundi,total,Hygiene,2020,6.19518,736654.75329,Basic service
BDI,Burundi,rural,Hygiene,2020,4.09907,420596.8309,Basic service
BDI,Burundi,urban,Hygiene,2020,19.3902,316057.94277,Basic service
BDI,Burundi,total,Hygiene,2020,93.80482,11154126.24635,Limited service
BDI,Burundi,rural,Hygiene,2020,95.90093,9840196.16889,Limited service
BDI,Burundi,urban,Hygiene,2020,80.6098,1313930.35723,Limited service
BDI,Burundi,total,Sanitation,2020,12.63031,1501842.50172,Limited service
BDI,Burundi,rural,Sanitation,2020,7.29923,748959.38131,Limited service
BDI,Burundi,urban,Sanitation,2020,46.18948,752883.16303,Limited service
BDI,Burundi,total,Drinking water,2020,19.43969,2311531.33835,Limited service
BDI,Burundi,rural,Drinking water,2020,21.25148,2180570.59079,Limited service
BDI,Burundi,urban,Drinking water,2020,8.03446,130960.80473,Limited service
BDI,Burundi,total,Hygiene,2020,0,0,No handwashing facility
BDI,Burundi,rural,Hygiene,2020,0,0,No handwashing facility
BDI,Burundi,urban,Hygiene,2020,0,0,No handwashing facility
BDI,Burundi,total,Sanitation,2020,2.58483,307356.61983,Open defecation
BDI,Burundi,rural,Sanitation,2020,2.92157,299776.28063,Open defecation
BDI,Burundi,urban,Sanitation,2020,0.46506,7580.34665,Open defecation
BDI,Burundi,total,Drinking water,2020,3.59492,427464.64852,Surface water
BDI,Burundi,rural,Drinking water,2020,4.166,427464.65885,Surface water
BDI,Burundi,urban,Drinking water,2020,0,0,Surface water
BDI,Burundi,total,Sanitation,2020,39.05735,4644223.72698,Unimproved
BDI,Burundi,rural,Sanitation,2020,43.33966,4446992.70408,Unimproved
BDI,Burundi,urban,Sanitation,2020,12.10016,197231.1367,Unimproved
BDI,Burundi,total,Drinking water,2020,14.75826,1754872.33915,Unimproved
BDI,Burundi,rural,Drinking water,2020,16.89675,1733740.78543,Unimproved
BDI,Burundi,urban,Drinking water,2020,1.29643,21131.5965,Unimproved
BEL,Belgium,rural,Sanitation,2020,99.48793,221496.24697,At least basic
BEL,Belgium,urban,Sanitation,2020,99.48612,11308567.60529,At least basic
BEL,Belgium,rural,Drinking water,2020,100,222636.3,At least basic
BEL,Belgium,urban,Drinking water,2020,100,11366980,At least basic
BEL,Belgium,total,Sanitation,2020,10.66545,1236084.28129,Basic service
BEL,Belgium,total,Drinking water,2020,0.08619,9988.85963,Basic service
BEL,Belgium,total,Sanitation,2020,0.51371,59537.51007,Limited service
BEL,Belgium,rural,Sanitation,2020,0.50553,1125.48903,Limited service
BEL,Belgium,urban,Sanitation,2020,0.51387,58412.02471,Limited service
BEL,Belgium,total,Drinking water,2020,0,0,Limited service
BEL,Belgium,rural,Drinking water,2020,0,0,Limited service
BEL,Belgium,urban,Drinking water,2020,0,0,Limited service
BEL,Belgium,total,Sanitation,2020,0,0,Open defecation
BEL,Belgium,rural,Sanitation,2020,0,0,Open defecation
BEL,Belgium,urban,Sanitation,2020,0,0,Open defecation
BEL,Belgium,total,Sanitation,2020,88.82071,10293979.22675,Safely managed service
BEL,Belgium,total,Drinking water,2020,99.91381,11579626.72801,Safely managed service
BEL,Belgium,total,Drinking water,2020,0,0,Surface water
BEL,Belgium,rural,Drinking water,2020,0,0,Surface water
BEL,Belgium,urban,Drinking water,2020,0,0,Surface water
BEL,Belgium,total,Sanitation,2020,0.00013,14.98236,Unimproved
BEL,Belgium,rural,Sanitation,2020,0.00654,14.57035,Unimproved
BEL,Belgium,urban,Sanitation,2020,0,0,Unimproved
BEL,Belgium,total,Drinking water,2020,0,0.41143,Unimproved
BEL,Belgium,rural,Drinking water,2020,0,0,Unimproved
BEL,Belgium,urban,Drinking water,2020,0,0,Unimproved
BEN,Benin,total,Sanitation,2020,16.96288,2056444.12294,At least basic
BEN,Benin,rural,Sanitation,2020,8.00351,500519.57714,At least basic
BEN,Benin,urban,Sanitation,2020,26.50888,1555924.4332,At least basic
BEN,Benin,total,Drinking water,2020,65.41412,7930283.71672,At least basic
BEN,Benin,rural,Drinking water,2020,58.05227,3630444.93238,At least basic
BEN,Benin,urban,Drinking water,2020,73.258,4299838.94026,At least basic
BEN,Benin,total,Hygiene,2020,12.03316,1458804.08402,Basic service
BEN,Benin,rural,Hygiene,2020,7.82327,489247.8009,Basic service
BEN,Benin,urban,Hygiene,2020,16.5187,969556.26797,Basic service
BEN,Benin,total,Hygiene,2020,44.28124,5368302.32083,Limited service
BEN,Benin,rural,Hygiene,2020,48.08754,3007275.43884,Limited service
BEN,Benin,urban,Hygiene,2020,40.22572,2361026.8959,Limited service
BEN,Benin,total,Sanitation,2020,19.65942,2383350.27405,Limited service
BEN,Benin,rural,Sanitation,2020,10.12776,633364.96229,Limited service
BEN,Benin,urban,Sanitation,2020,29.81517,1749985.27772,Limited service
BEN,Benin,total,Drinking water,2020,9.31754,1129583.28781,Limited service
BEN,Benin,rural,Drinking water,2020,12.70521,794552.01429,Limited service
BEN,Benin,urban,Drinking water,2020,5.70806,335031.28529,Limited service
BEN,Benin,total,Hygiene,2020,43.6856,5296091.81943,No handwashing facility
BEN,Benin,rural,Hygiene,2020,44.08919,2757228.69146,No handwashing facility
BEN,Benin,urban,Hygiene,2020,43.25558,2538862.73929,No handwashing facility
BEN,Benin,total,Sanitation,2020,51.57582,6252638.30956,Open defecation
BEN,Benin,rural,Sanitation,2020,70.45118,4405841.83875,Open defecation
BEN,Benin,urban,Sanitation,2020,31.46458,1846796.5381,Open defecation
BEN,Benin,total,Drinking water,2020,3.2958,399556.426,Surface water
BEN,Benin,rural,Drinking water,2020,5.26456,329232.44086,Surface water
BEN,Benin,urban,Drinking water,2020,1.19814,70323.99213,Surface water
BEN,Benin,total,Sanitation,2020,11.80188,1430765.36135,Unimproved
BEN,Benin,rural,Sanitation,2020,11.41756,714025.63858,Unimproved
BEN,Benin,urban,Sanitation,2020,12.21137,716739.72164,Unimproved
BEN,Benin,total,Drinking water,2020,21.97254,2663774.63651,Unimproved
BEN,Benin,rural,Drinking water,2020,23.97797,1499522.674,Unimproved
BEN,Benin,urban,Drinking water,2020,19.83581,1164251.96938,Unimproved
BFA,Burkina Faso,total,Sanitation,2020,21.66437,4528564.19876,At least basic
BFA,Burkina Faso,rural,Sanitation,2020,13.45883,1952259.13933,At least basic
BFA,Burkina Faso,urban,Sanitation,2020,40.26819,2576304.94092,At least basic
BFA,Burkina Faso,total,Drinking water,2020,47.21486,9869452.43766,At least basic
BFA,Burkina Faso,rural,Drinking water,2020,32.71826,4745918.10762,At least basic
BFA,Burkina Faso,urban,Drinking water,2020,80.08192,5123534.12814,At least basic
BFA,Burkina Faso,total,Hygiene,2020,9.00897,1883169.86866,Basic service
BFA,Burkina Faso,rural,Hygiene,2020,5.4566,791502.29306,Basic service
BFA,Burkina Faso,urban,Hygiene,2020,17.06299,1091667.61285,Basic service
BFA,Burkina Faso,total,Hygiene,2020,27.30326,5707276.82791,Limited service
BFA,Burkina Faso,rural,Hygiene,2020,26.5868,3856525.22139,Limited service
BFA,Burkina Faso,urban,Hygiene,2020,28.92764,1850751.74146,Limited service
BFA,Burkina Faso,total,Sanitation,2020,32.29477,6750664.56384,Limited service
BFA,Burkina Faso,rural,Sanitation,2020,24.23324,3515130.65891,Limited service
BFA,Burkina Faso,urban,Sanitation,2020,50.57208,3235534.04887,Limited service
BFA,Burkina Faso,total,Drinking water,2020,31.273,6537082.83965,Limited service
BFA,Burkina Faso,rural,Drinking water,2020,38.6269,5602991.35627,Limited service
BFA,Burkina Faso,urban,Drinking water,2020,14.60005,934091.65611,Limited service
BFA,Burkina Faso,total,Hygiene,2020,63.68777,13312830.99427,No handwashing facility
BFA,Burkina Faso,rural,Hygiene,2020,67.9566,9857384.28465,No handwashing facility
BFA,Burkina Faso,urban,Hygiene,2020,54.00937,3455447.07532,No handwashing facility
BFA,Burkina Faso,total,Sanitation,2020,39.9208,8344756.32432,Open defecation
BFA,Burkina Faso,rural,Sanitation,2020,54.71507,7936645.78854,Open defecation
BFA,Burkina Faso,urban,Sanitation,2020,6.37886,408110.76686,Open defecation
BFA,Burkina Faso,total,Drinking water,2020,0.35351,73895.07396,Surface water
BFA,Burkina Faso,rural,Drinking water,2020,0.31439,45603.98008,Surface water
BFA,Burkina Faso,urban,Drinking water,2020,0.4422,28291.09567,Surface water
BFA,Burkina Faso,total,Sanitation,2020,6.12006,1279293.08073,Unimproved
BFA,Burkina Faso,rural,Sanitation,2020,7.59287,1101376.44688,Unimproved
BFA,Burkina Faso,urban,Sanitation,2020,2.78087,177916.66747,Unimproved
BFA,Burkina Faso,total,Drinking water,2020,21.15863,4422847.79965,Unimproved
BFA,Burkina Faso,rural,Drinking water,2020,28.34045,4110898.41142,Unimproved
BFA,Burkina Faso,urban,Drinking water,2020,4.87584,311949.5092,Unimproved
BGD,Bangladesh,total,Hygiene,2020,58.40395,96185117.19122,Basic service
BGD,Bangladesh,rural,Hygiene,2020,53.84017,54817869.07823,Basic service
BGD,Bangladesh,urban,Hygiene,2020,65.79444,41367245.87477,Basic service
BGD,Bangladesh,total,Sanitation,2020,15.49528,25519077.13417,Basic service
BGD,Bangladesh,rural,Sanitation,2020,13.1646,13403661.5468,Basic service
BGD,Bangladesh,urban,Sanitation,2020,19.26952,12115415.01055,Basic service
BGD,Bangladesh,total,Drinking water,2020,39.18608,64535318.74515,Basic service
BGD,Bangladesh,rural,Drinking water,2020,35.82903,36479661.2662,Basic service
BGD,Bangladesh,urban,Drinking water,2020,44.62241,28055655.97357,Basic service
BGD,Bangladesh,total,Hygiene,2020,35.5113,58483335.99152,Limited service
BGD,Bangladesh,rural,Hygiene,2020,38.7014,39404188.53992,Limited service
BGD,Bangladesh,urban,Hygiene,2020,30.3453,19079146.03142,Limited service
BGD,Bangladesh,total,Sanitation,2020,23.84922,39277139.97664,Limited service
BGD,Bangladesh,rural,Sanitation,2020,18.47204,18807481.04251,Limited service
BGD,Bangladesh,urban,Sanitation,2020,32.55691,20469658.05192,Limited service
BGD,Bangladesh,total,Drinking water,2020,1.15643,1904510.74741,Limited service
BGD,Bangladesh,rural,Drinking water,2020,0.8581,873687.47995,Limited service
BGD,Bangladesh,urban,Drinking water,2020,1.63952,1030823.22421,Limited service
BGD,Bangladesh,total,Hygiene,2020,6.08475,10020938.85349,No handwashing facility
BGD,Bangladesh,rural,Hygiene,2020,7.45842,7593862.62111,No handwashing facility
BGD,Bangladesh,urban,Hygiene,2020,3.86026,2427080.0957,No handwashing facility
BGD,Bangladesh,total,Sanitation,2020,0,0,Open defecation
BGD,Bangladesh,rural,Sanitation,2020,0,0,Open defecation
BGD,Bangladesh,urban,Sanitation,2020,0,0,Open defecation
BGD,Bangladesh,total,Sanitation,2020,38.66942,63684430.61284,Safely managed service
BGD,Bangladesh,rural,Sanitation,2020,41.85623,42616306.45616,Safely managed service
BGD,Bangladesh,urban,Sanitation,2020,33.50876,21068122.62175,Safely managed service
BGD,Bangladesh,total,Drinking water,2020,58.51188,96362857.98697,Safely managed service
BGD,Bangladesh,rural,Drinking water,2020,62.0512,63178003.30733,Safely managed service
BGD,Bangladesh,urban,Drinking water,2020,52.78037,33184852.36062,Safely managed service
BGD,Bangladesh,total,Drinking water,2020,0.68296,1124759.66437,Surface water
BGD,Bangladesh,rural,Drinking water,2020,0.94518,962340.67345,Surface water
BGD,Bangladesh,urban,Drinking water,2020,0.25833,162418.96099,Surface water
BGD,Bangladesh,total,Sanitation,2020,21.98608,36208744.27635,Unimproved
BGD,Bangladesh,rural,Sanitation,2020,26.50712,26988470.96471,Unimproved
BGD,Bangladesh,urban,Sanitation,2020,14.66481,9220276.32206,Unimproved
BGD,Bangladesh,total,Drinking water,2020,0.46266,761944.85938,Unimproved
BGD,Bangladesh,rural,Drinking water,2020,0.31648,322227.26899,Unimproved
BGD,Bangladesh,urban,Drinking water,2020,0.69938,439721.47998,Unimproved
BGR,Bulgaria,rural,Drinking water,2020,97.40129,1645541.04407,At least basic
BGR,Bulgaria,urban,Drinking water,2020,99.52867,5234212.82156,At least basic
BGR,Bulgaria,total,Sanitation,2020,13.80619,959315.77723,Basic service
BGR,Bulgaria,rural,Sanitation,2020,23.6197,399041.81758,Basic service
BGR,Bulgaria,urban,Sanitation,2020,10.65362,560273.95837,Basic service
BGR,Bulgaria,total,Drinking water,2020,1.39408,96866.93424,Basic service
BGR,Bulgaria,total,Sanitation,2020,13.9646,970322.70056,Limited service
BGR,Bulgaria,rural,Sanitation,2020,16.28364,275103.07612,Limited service
BGR,Bulgaria,urban,Sanitation,2020,13.21962,695219.61596,Limited service
BGR,Bulgaria,total,Drinking water,2020,0,0,Limited service
BGR,Bulgaria,rural,Drinking water,2020,0,0,Limited service
BGR,Bulgaria,urban,Drinking water,2020,0,0,Limited service
BGR,Bulgaria,total,Sanitation,2020,0,0,Open defecation
BGR,Bulgaria,rural,Sanitation,2020,0,0,Open defecation
BGR,Bulgaria,urban,Sanitation,2020,0,0,Open defecation
BGR,Bulgaria,total,Sanitation,2020,72.22877,5018776.6439,Safely managed service
BGR,Bulgaria,rural,Sanitation,2020,60.0949,1015270.15028,Safely managed service
BGR,Bulgaria,urban,Sanitation,2020,76.12676,4003506.42515,Safely managed service
BGR,Bulgaria,total,Drinking water,2020,97.61734,6782886.91563,Safely managed service
BGR,Bulgaria,total,Drinking water,2020,0,0,Surface water
BGR,Bulgaria,rural,Drinking water,2020,0,0,Surface water
BGR,Bulgaria,urban,Drinking water,2020,0,0,Surface water
BGR,Bulgaria,total,Sanitation,2020,0.00043,29.87824,Unimproved
BGR,Bulgaria,rural,Sanitation,2020,0.00176,29.75616,Unimproved
BGR,Bulgaria,urban,Sanitation,2020,0,0,Unimproved
BGR,Bulgaria,total,Drinking water,2020,0.98858,68691.15027,Unimproved
BGR,Bulgaria,rural,Drinking water,2020,2.59871,43903.80527,Unimproved
BGR,Bulgaria,urban,Drinking water,2020,0.47133,24787.22372,Unimproved
BHR,Bahrain,total,Sanitation,2020,8.76618,149163.85987,Basic service
BHR,Bahrain,total,Drinking water,2020,1.01674,17300.63884,Basic service
BHR,Bahrain,total,Sanitation,2020,0,0,Limited service
BHR,Bahrain,total,Drinking water,2020,0,0,Limited service
BHR,Bahrain,total,Sanitation,2020,0,0,Open defecation
BHR,Bahrain,total,Sanitation,2020,91.23382,1552419.14006,Safely managed service
BHR,Bahrain,total,Drinking water,2020,98.98326,1684282.36125,Safely managed service
BHR,Bahrain,total,Drinking water,2020,0,0,Surface water
BHR,Bahrain,total,Sanitation,2020,0,0,Unimproved
BHR,Bahrain,total,Drinking water,2020,0,0,Unimproved
BIH,Bosnia and Herzegovina,rural,Drinking water,2020,97.33334,1627957.95593,At least basic
BIH,Bosnia and Herzegovina,urban,Drinking water,2020,94.8457,1525361.2371,At least basic
BIH,Bosnia and Herzegovina,urban,Sanitation,2020,69.02152,1110042.46428,Basic service
BIH,Bosnia and Herzegovina,total,Drinking water,2020,7.24472,237685.76493,Basic service
BIH,Bosnia and Herzegovina,urban,Sanitation,2020,0.63462,10206.31752,Limited service
BIH,Bosnia and Herzegovina,total,Drinking water,2020,3.82366,125447.34003,Limited service
BIH,Bosnia and Herzegovina,rural,Drinking water,2020,2.66667,44601.58667,Limited service
BIH,Bosnia and Herzegovina,urban,Drinking water,2020,5.02692,80845.75286,Limited service
BIH,Bosnia and Herzegovina,urban,Sanitation,2020,0,0,Open defecation
BIH,Bosnia and Herzegovina,urban,Sanitation,2020,29.84565,479994.36955,Safely managed service
BIH,Bosnia and Herzegovina,total,Drinking water,2020,88.86918,2915633.40553,Safely managed service
BIH,Bosnia and Herzegovina,total,Drinking water,2020,0,0,Surface water
BIH,Bosnia and Herzegovina,rural,Drinking water,2020,0,0,Surface water
BIH,Bosnia and Herzegovina,urban,Drinking water,2020,0,0,Surface water
BIH,Bosnia and Herzegovina,urban,Sanitation,2020,0.4982,8012.34871,Unimproved
BIH,Bosnia and Herzegovina,total,Drinking water,2020,0.06244,2048.48964,Unimproved
BIH,Bosnia and Herzegovina,rural,Drinking water,2020,0,0,Unimproved
BIH,Bosnia and Herzegovina,urban,Drinking water,2020,0.12737,2048.4896,Unimproved
BLM,Saint Barthélemy,total,Sanitation,2020,100,0,At least basic
BLM,Saint Barthélemy,urban,Sanitation,2020,100,0,At least basic
BLM,Saint Barthélemy,total,Drinking water,2020,0,0,Basic service
BLM,Saint Barthélemy,urban,Drinking water,2020,0,0,Basic service
BLM,Saint Barthélemy,total,Sanitation,2020,0,0,Limited service
BLM,Saint Barthélemy,urban,Sanitation,2020,0,0,Limited service
BLM,Saint Barthélemy,total,Drinking water,2020,0,0,Limited service
BLM,Saint Barthélemy,urban,Drinking water,2020,0,0,Limited service
BLM,Saint Barthélemy,total,Sanitation,2020,0,0,Open defecation
BLM,Saint Barthélemy,urban,Sanitation,2020,0,0,Open defecation
BLM,Saint Barthélemy,total,Drinking water,2020,100,0,Safely managed service
BLM,Saint Barthélemy,urban,Drinking water,2020,100,0,Safely managed service
BLM,Saint Barthélemy,total,Drinking water,2020,0,0,Surface water
BLM,Saint Barthélemy,urban,Drinking water,2020,0,0,Surface water
BLM,Saint Barthélemy,total,Sanitation,2020,0,0,Unimproved
BLM,Saint Barthélemy,urban,Sanitation,2020,0,0,Unimproved
BLM,Saint Barthélemy,total,Drinking water,2020,0,0,Unimproved
BLM,Saint Barthélemy,urban,Drinking water,2020,0,0,Unimproved
BLR,Belarus,rural,Drinking water,2020,98.56413,1910879.44844,At least basic
BLR,Belarus,urban,Drinking water,2020,96.01087,7210996.38461,At least basic
BLR,Belarus,total,Sanitation,2020,24.00927,2268713.18104,Basic service
BLR,Belarus,rural,Sanitation,2020,47.61546,923129.01125,Basic service
BLR,Belarus,urban,Sanitation,2020,17.91579,1345584.13125,Basic service
BLR,Belarus,total,Drinking water,2020,1.92358,181765.19276,Basic service
BLR,Belarus,total,Sanitation,2020,1.63975,154945.47109,Limited service
BLR,Belarus,rural,Sanitation,2020,1.69045,32772.99217,Limited service
BLR,Belarus,urban,Sanitation,2020,1.62667,122172.47501,Limited service
BLR,Belarus,total,Drinking water,2020,3.37212,318642.40078,Limited service
BLR,Belarus,rural,Drinking water,2020,0.9956,19301.81207,Limited service
BLR,Belarus,urban,Drinking water,2020,3.98557,299340.57842,Limited service
BLR,Belarus,total,Sanitation,2020,0,0,Open defecation
BLR,Belarus,rural,Sanitation,2020,0,0,Open defecation
BLR,Belarus,urban,Sanitation,2020,0,0,Open defecation
BLR,Belarus,total,Sanitation,2020,73.89505,6982580.11665,Safely managed service
BLR,Belarus,rural,Sanitation,2020,48.98194,949621.14091,Safely managed service
BLR,Belarus,urban,Sanitation,2020,80.32588,6032958.77359,Safely managed service
BLR,Belarus,total,Drinking water,2020,94.61115,8940110.95157,Safely managed service
BLR,Belarus,total,Drinking water,2020,0,0,Surface water
BLR,Belarus,rural,Drinking water,2020,0,0,Surface water
BLR,Belarus,urban,Drinking water,2020,0,0,Surface water
BLR,Belarus,total,Sanitation,2020,0.45593,43082.23141,Unimproved
BLR,Belarus,rural,Sanitation,2020,1.71216,33193.85574,Unimproved
BLR,Belarus,urban,Sanitation,2020,0.13166,9888.61985,Unimproved
BLR,Belarus,total,Drinking water,2020,0.09315,8802.45526,Unimproved
BLR,Belarus,rural,Drinking water,2020,0.44028,8535.79277,Unimproved
BLR,Belarus,urban,Drinking water,2020,0.00355,266.90674,Unimproved
BLZ,Belize,total,Sanitation,2020,88.21428,350758.49898,At least basic
BLZ,Belize,rural,Sanitation,2020,83.64879,179523.63363,At least basic
BLZ,Belize,urban,Sanitation,2020,93.56837,171234.86013,At least basic
BLZ,Belize,total,Drinking water,2020,98.40195,391266.8361,At least basic
BLZ,Belize,rural,Drinking water,2020,97.99521,210313.33839,At least basic
BLZ,Belize,urban,Drinking water,2020,98.87896,180953.49945,At least basic
BLZ,Belize,total,Hygiene,2020,90.27548,358954.27691,Basic service
BLZ,Belize,rural,Hygiene,2020,88.68668,190335.74232,Basic service
BLZ,Belize,urban,Hygiene,2020,92.13873,168618.53444,Basic service
BLZ,Belize,total,Hygiene,2020,9.72452,38666.72308,Limited service
BLZ,Belize,rural,Hygiene,2020,11.31332,24280.19768,Limited service
BLZ,Belize,urban,Hygiene,2020,7.86127,14386.52557,Limited service
BLZ,Belize,total,Sanitation,2020,9.04826,35977.77309,Limited service
BLZ,Belize,rural,Sanitation,2020,12.07178,25907.97423,Limited service
BLZ,Belize,urban,Sanitation,2020,5.50247,10069.79919,Limited service
BLZ,Belize,total,Drinking water,2020,1.24911,4966.72617,Limited service
BLZ,Belize,rural,Drinking water,2020,1.35832,2915.16626,Limited service
BLZ,Belize,urban,Drinking water,2020,1.12104,2051.55992,Limited service
BLZ,Belize,total,Hygiene,2020,0,0,No handwashing facility
BLZ,Belize,rural,Hygiene,2020,0,0,No handwashing facility
BLZ,Belize,urban,Hygiene,2020,0,0,No handwashing facility
BLZ,Belize,total,Sanitation,2020,0.56937,2263.91612,Open defecation
BLZ,Belize,rural,Sanitation,2020,0.43909,942.34779,Open defecation
BLZ,Belize,urban,Sanitation,2020,0.72215,1321.56831,Open defecation
BLZ,Belize,total,Drinking water,2020,0,0,Surface water
BLZ,Belize,rural,Drinking water,2020,0,0,Surface water
BLZ,Belize,urban,Drinking water,2020,0,0,Surface water
BLZ,Belize,total,Sanitation,2020,2.1681,8620.82613,Unimproved
BLZ,Belize,rural,Sanitation,2020,3.84034,8241.98802,Unimproved
BLZ,Belize,urban,Sanitation,2020,0.20701,378.83828,Unimproved
BLZ,Belize,total,Drinking water,2020,0.34893,1387.43781,Unimproved
BLZ,Belize,rural,Drinking water,2020,0.64647,1387.43784,Unimproved
BLZ,Belize,urban,Drinking water,2020,0,0,Unimproved
BMU,Bermuda,total,Sanitation,2020,99.90314,62212.68063,At least basic
BMU,Bermuda,urban,Sanitation,2020,99.90314,62212.68063,At least basic
BMU,Bermuda,total,Drinking water,2020,99.90314,62212.68063,At least basic
BMU,Bermuda,urban,Drinking water,2020,99.90314,62212.68063,At least basic
BMU,Bermuda,total,Sanitation,2020,0,0,Limited service
BMU,Bermuda,urban,Sanitation,2020,0,0,Limited service
BMU,Bermuda,total,Drinking water,2020,0,0,Limited service
BMU,Bermuda,urban,Drinking water,2020,0,0,Limited service
BMU,Bermuda,total,Sanitation,2020,0,0,Open defecation
BMU,Bermuda,urban,Sanitation,2020,0,0,Open defecation
BMU,Bermuda,total,Drinking water,2020,0,0,Surface water
BMU,Bermuda,urban,Drinking water,2020,0,0,Surface water
BMU,Bermuda,total,Sanitation,2020,0.09686,60.31762,Unimproved
BMU,Bermuda,urban,Sanitation,2020,0.09686,60.31762,Unimproved
BMU,Bermuda,total,Drinking water,2020,0.09686,60.31762,Unimproved
BMU,Bermuda,urban,Drinking water,2020,0.09686,60.31762,Unimproved
BOL,Bolivia (Plurinational State of),rural,Sanitation,2020,44.02312,1535328.92536,At least basic
BOL,Bolivia (Plurinational State of),total,Drinking water,2020,93.39007,10901449.7266,At least basic
BOL,Bolivia (Plurinational State of),rural,Drinking water,2020,79.93665,2787831.27985,At least basic
BOL,Bolivia (Plurinational State of),urban,Drinking water,2020,99.12212,8113619.00568,At least basic
BOL,Bolivia (Plurinational State of),total,Hygiene,2020,26.93653,3144308.69935,Basic service
BOL,Bolivia (Plurinational State of),rural,Hygiene,2020,21.89414,763569.39651,Basic service
BOL,Bolivia (Plurinational State of),urban,Hygiene,2020,29.08492,2380739.36939,Basic service
BOL,Bolivia (Plurinational State of),total,Sanitation,2020,12.83421,1498141.15794,Basic service
BOL,Bolivia (Plurinational State of),urban,Sanitation,2020,15.10816,1236674.86171,Basic service
BOL,Bolivia (Plurinational State of),total,Hygiene,2020,13.09119,1528138.24639,Limited service
BOL,Bolivia (Plurinational State of),rural,Hygiene,2020,25.97131,905762.79287,Limited service
BOL,Bolivia (Plurinational State of),urban,Hygiene,2020,7.60341,622375.48415,Limited service
BOL,Bolivia (Plurinational State of),total,Sanitation,2020,17.32293,2022110.87484,Limited service
BOL,Bolivia (Plurinational State of),rural,Sanitation,2020,4.40685,153690.97618,Limited service
BOL,Bolivia (Plurinational State of),urban,Sanitation,2020,22.82603,1868419.94305,Limited service
BOL,Bolivia (Plurinational State of),total,Drinking water,2020,0.13659,15944.25218,Limited service
BOL,Bolivia (Plurinational State of),rural,Drinking water,2020,0.24474,8535.30704,Limited service
BOL,Bolivia (Plurinational State of),urban,Drinking water,2020,0.09051,7408.94536,Limited service
BOL,Bolivia (Plurinational State of),total,Hygiene,2020,59.97228,7000581.91768,No handwashing facility
BOL,Bolivia (Plurinational State of),rural,Hygiene,2020,52.13454,1818218.82352,No handwashing facility
BOL,Bolivia (Plurinational State of),urban,Hygiene,2020,63.31167,5182363.00018,No handwashing facility
BOL,Bolivia (Plurinational State of),total,Sanitation,2020,9.79331,1143175.73881,Open defecation
BOL,Bolivia (Plurinational State of),rural,Sanitation,2020,32.72575,1141327.38111,Open defecation
BOL,Bolivia (Plurinational State of),urban,Sanitation,2020,0.02258,1848.37842,Open defecation
BOL,Bolivia (Plurinational State of),total,Sanitation,2020,52.92221,6177625.38533,Safely managed service
BOL,Bolivia (Plurinational State of),urban,Sanitation,2020,59.90808,4903762.85351,Safely managed service
BOL,Bolivia (Plurinational State of),total,Drinking water,2020,4.89833,571783.13087,Surface water
BOL,Bolivia (Plurinational State of),rural,Drinking water,2020,15.86449,553282.07745,Surface water
BOL,Bolivia (Plurinational State of),urban,Drinking water,2020,0.22602,18501.06384,Surface water
BOL,Bolivia (Plurinational State of),total,Sanitation,2020,7.12733,831975.84331,Unimproved
BOL,Bolivia (Plurinational State of),rural,Sanitation,2020,18.84427,657203.65168,Unimproved
BOL,Bolivia (Plurinational State of),urban,Sanitation,2020,2.13515,174771.96307,Unimproved
BOL,Bolivia (Plurinational State of),total,Drinking water,2020,1.57501,183851.47246,Unimproved
BOL,Bolivia (Plurinational State of),rural,Drinking water,2020,3.95413,137902.42915,Unimproved
BOL,Bolivia (Plurinational State of),urban,Drinking water,2020,0.56135,45948.80267,Unimproved
BRA,Brazil,rural,Sanitation,2020,62.8979,17282805.80197,At least basic
BRA,Brazil,total,Sanitation,2020,41.37216,87940409.95546,Basic service
BRA,Brazil,urban,Sanitation,2020,43.43936,80398378.71973,Basic service
BRA,Brazil,total,Drinking water,2020,13.55519,28812824.0289,Basic service
BRA,Brazil,rural,Drinking water,2020,24.15573,6637405.83117,Basic service
BRA,Brazil,urban,Drinking water,2020,11.98141,22175419.29743,Basic service
BRA,Brazil,total,Sanitation,2020,0.09649,205090.47001,Limited service
BRA,Brazil,rural,Sanitation,2020,0.74639,205090.46314,Limited service
BRA,Brazil,urban,Sanitation,2020,0,0,Limited service
BRA,Brazil,total,Drinking water,2020,0.12655,268991.81373,Limited service
BRA,Brazil,rural,Drinking water,2020,0.97895,268991.80546,Limited service
BRA,Brazil,urban,Drinking water,2020,0,0,Limited service
BRA,Brazil,total,Sanitation,2020,0.30413,646453.05897,Open defecation
BRA,Brazil,rural,Sanitation,2020,2.35266,646453.03903,Open defecation
BRA,Brazil,urban,Sanitation,2020,0,0,Open defecation
BRA,Brazil,total,Sanitation,2020,48.70632,103529854.82262,Safely managed service
BRA,Brazil,urban,Sanitation,2020,50.67438,93789089.49836,Safely managed service
BRA,Brazil,total,Drinking water,2020,85.76567,182302993.08593,Safely managed service
BRA,Brazil,rural,Drinking water,2020,71.78953,19726008.50444,Safely managed service
BRA,Brazil,urban,Drinking water,2020,87.84059,162576993.42347,Safely managed service
BRA,Brazil,urban,Drinking water,2020,0,0,Surface water
BRA,Brazil,total,Sanitation,2020,9.52091,20237599.70569,Unimproved
BRA,Brazil,rural,Sanitation,2020,34.00305,9343208.36804,Unimproved
BRA,Brazil,urban,Sanitation,2020,5.88625,10894387.78376,Unimproved
BRA,Brazil,total,Drinking water,2020,0.5526,1174599.05868,Unimproved
BRA,Brazil,rural,Drinking water,2020,3.07579,845151.85783,Unimproved
BRA,Brazil,urban,Drinking water,2020,0.178,329443.28836,Unimproved
BRB,Barbados,total,Sanitation,2020,98.09246,281889.28504,At least basic
BRB,Barbados,total,Drinking water,2020,98.51445,283101.96031,At least basic
BRB,Barbados,total,Sanitation,2020,1.90754,5481.71013,Limited service
BRB,Barbados,total,Drinking water,2020,0.2676,769.00645,Limited service
BRB,Barbados,total,Drinking water,2020,0,0,Surface water
BRB,Barbados,total,Sanitation,2020,0,0,Unimproved
BRB,Barbados,total,Drinking water,2020,1.21795,3500.03224,Unimproved
BRN,Brunei Darussalam,total,Drinking water,2020,99.90004,437045.69055,At least basic
BRN,Brunei Darussalam,urban,Drinking water,2020,99.65,341132.31859,At least basic
BRN,Brunei Darussalam,total,Drinking water,2020,0,0,Limited service
BRN,Brunei Darussalam,urban,Drinking water,2020,0,0,Limited service
BRN,Brunei Darussalam,total,Drinking water,2020,0,0,Surface water
BRN,Brunei Darussalam,urban,Drinking water,2020,0,0,Surface water
BRN,Brunei Darussalam,total,Drinking water,2020,0.09996,437.32201,Unimproved
BRN,Brunei Darussalam,urban,Drinking water,2020,0.35,1198.15664,Unimproved
BTN,Bhutan,total,Hygiene,2020,91.68615,707461.31907,Basic service
BTN,Bhutan,rural,Hygiene,2020,93.39909,415716.24499,Basic service
BTN,Bhutan,urban,Hygiene,2020,89.35112,291745.07447,Basic service
BTN,Bhutan,total,Sanitation,2020,11.2899,87114.18939,Basic service
BTN,Bhutan,rural,Sanitation,2020,9.63993,42907.02419,Basic service
BTN,Bhutan,urban,Sanitation,2020,13.53908,44207.16479,Basic service
BTN,Bhutan,total,Drinking water,2020,60.66552,468102.46837,Basic service
BTN,Bhutan,rural,Drinking water,2020,69.13119,307700.65469,Basic service
BTN,Bhutan,urban,Drinking water,2020,49.12536,160401.81571,Basic service
BTN,Bhutan,total,Hygiene,2020,8.00566,61772.64281,Limited service
BTN,Bhutan,rural,Hygiene,2020,6.24461,27794.53356,Limited service
BTN,Bhutan,urban,Hygiene,2020,10.40628,33978.10883,Limited service
BTN,Bhutan,total,Sanitation,2020,9.84979,76002.13308,Limited service
BTN,Bhutan,rural,Sanitation,2020,6.65599,29625.57303,Limited service
BTN,Bhutan,urban,Sanitation,2020,14.20349,46376.55928,Limited service
BTN,Bhutan,total,Drinking water,2020,2.46071,18987.15376,Limited service
BTN,Bhutan,rural,Drinking water,2020,3.26881,14549.34887,Limited service
BTN,Bhutan,urban,Drinking water,2020,1.35914,4437.80508,Limited service
BTN,Bhutan,total,Hygiene,2020,0.30819,2378.03806,No handwashing facility
BTN,Bhutan,rural,Hygiene,2020,0.35631,1585.91146,No handwashing facility
BTN,Bhutan,urban,Hygiene,2020,0.2426,792.12671,No handwashing facility
BTN,Bhutan,total,Sanitation,2020,0,0,Open defecation
BTN,Bhutan,rural,Sanitation,2020,0,0,Open defecation
BTN,Bhutan,urban,Sanitation,2020,0,0,Open defecation
BTN,Bhutan,total,Sanitation,2020,65.21666,503219.56221,Safely managed service
BTN,Bhutan,rural,Sanitation,2020,66.77418,297209.65761,Safely managed service
BTN,Bhutan,urban,Sanitation,2020,63.09349,206009.90502,Safely managed service
BTN,Bhutan,total,Drinking water,2020,36.6477,282778.03503,Safely managed service
BTN,Bhutan,rural,Drinking water,2020,27.6,122846.68644,Safely managed service
BTN,Bhutan,urban,Drinking water,2020,48.98127,159931.34646,Safely managed service
BTN,Bhutan,total,Drinking water,2020,0.04964,383.03237,Surface water
BTN,Bhutan,rural,Drinking water,2020,0,0,Surface water
BTN,Bhutan,urban,Drinking water,2020,0.11731,383.03236,Surface water
BTN,Bhutan,total,Sanitation,2020,13.64366,105276.11533,Unimproved
BTN,Bhutan,rural,Sanitation,2020,16.9299,75354.4352,Unimproved
BTN,Bhutan,urban,Sanitation,2020,9.16394,29921.68089,Unimproved
BTN,Bhutan,total,Drinking water,2020,0.17642,1361.31044,Unimproved
BTN,Bhutan,rural,Drinking water,2020,0,0,Unimproved
BTN,Bhutan,urban,Drinking water,2020,0.41692,1361.3104,Unimproved
BWA,Botswana,total,Sanitation,2020,80.02625,1881917.1868,At least basic
BWA,Botswana,rural,Sanitation,2020,52.42396,359032.71488,At least basic
BWA,Botswana,urban,Sanitation,2020,91.36788,1522884.49397,At least basic
BWA,Botswana,total,Drinking water,2020,92.21356,2168517.17762,At least basic
BWA,Botswana,rural,Drinking water,2020,79.04372,541341.86016,At least basic
BWA,Botswana,urban,Drinking water,2020,14.5528,242560.3728,Basic service
BWA,Botswana,total,Sanitation,2020,5.57456,131092.6562,Limited service
BWA,Botswana,rural,Sanitation,2020,10.61193,72677.24592,Limited service
BWA,Botswana,urban,Sanitation,2020,3.50473,58415.41054,Limited service
BWA,Botswana,total,Drinking water,2020,4.72304,111068.16518,Limited service
BWA,Botswana,rural,Drinking water,2020,15.15495,103790.74866,Limited service
BWA,Botswana,urban,Drinking water,2020,0.43662,7277.41372,Limited service
BWA,Botswana,total,Sanitation,2020,9.81038,230703.2786,Open defecation
BWA,Botswana,rural,Sanitation,2020,31.49564,215702.21167,Open defecation
BWA,Botswana,urban,Sanitation,2020,0.90001,15001.06111,Open defecation
BWA,Botswana,urban,Drinking water,2020,83.07218,1384615.02264,Safely managed service
BWA,Botswana,total,Drinking water,2020,1.33087,31297.10647,Surface water
BWA,Botswana,rural,Drinking water,2020,4.20521,28799.96012,Surface water
BWA,Botswana,urban,Drinking water,2020,0.14982,2497.14558,Surface water
BWA,Botswana,total,Sanitation,2020,4.58882,107911.92477,Unimproved
BWA,Botswana,rural,Sanitation,2020,5.46848,37451.65024,Unimproved
BWA,Botswana,urban,Sanitation,2020,4.22738,70460.33736,Unimproved
BWA,Botswana,total,Drinking water,2020,1.73253,40742.52574,Unimproved
BWA,Botswana,rural,Drinking water,2020,1.59612,10931.24246,Unimproved
BWA,Botswana,urban,Drinking water,2020,1.78858,29811.34524,Unimproved
CAF,Central African Republic,total,Hygiene,2020,21.50713,1038743.61783,Basic service
CAF,Central African Republic,rural,Hygiene,2020,12.2115,340908.47376,Basic service
CAF,Central African Republic,urban,Hygiene,2020,34.2401,697835.17693,Basic service
CAF,Central African Republic,total,Sanitation,2020,0.51483,24864.98798,Basic service
CAF,Central African Republic,rural,Sanitation,2020,0.0297,829.06402,Basic service
CAF,Central African Republic,urban,Sanitation,2020,1.17935,24035.9243,Basic service
CAF,Central African Republic,total,Drinking water,2020,31.01908,1498148.54347,Basic service
CAF,Central African Republic,rural,Drinking water,2020,25.81596,720704.34918,Basic service
CAF,Central African Republic,urban,Drinking water,2020,38.14622,777444.25483,Basic service
CAF,Central African Republic,total,Hygiene,2020,15.48073,747682.95486,Limited service
CAF,Central African Republic,rural,Hygiene,2020,15.33676,428156.38303,Limited service
CAF,Central African Republic,urban,Hygiene,2020,15.67795,319526.606,Limited service
CAF,Central African Republic,total,Sanitation,2020,15.78225,762245.62691,Limited service
CAF,Central African Republic,rural,Sanitation,2020,6.49147,181222.33451,Limited service
CAF,Central African Republic,urban,Sanitation,2020,28.50859,581023.31219,Limited service
CAF,Central African Republic,total,Drinking water,2020,25.68237,1240398.02868,Limited service
CAF,Central African Republic,rural,Drinking water,2020,19.40589,541754.28656,Limited service
CAF,Central African Republic,urban,Drinking water,2020,34.27978,698643.78873,Limited service
CAF,Central African Republic,total,Hygiene,2020,63.01213,3043337.39013,No handwashing facility
CAF,Central African Republic,rural,Hygiene,2020,72.45174,2022635.34383,No handwashing facility
CAF,Central African Republic,urban,Hygiene,2020,50.08195,1020702.03887,No handwashing facility
CAF,Central African Republic,total,Sanitation,2020,25.14773,1214576.0461,Open defecation
CAF,Central African Republic,rural,Sanitation,2020,38.60934,1077857.02767,Open defecation
CAF,Central African Republic,urban,Sanitation,2020,6.70828,136719.09627,Open defecation
CAF,Central African Republic,total,Sanitation,2020,13.60381,657031.75186,Safely managed service
CAF,Central African Republic,rural,Sanitation,2020,5.91756,165200.44513,Safely managed service
CAF,Central African Republic,urban,Sanitation,2020,24.13228,491831.32455,Safely managed service
CAF,Central African Republic,total,Drinking water,2020,6.18332,298639.67783,Safely managed service
CAF,Central African Republic,rural,Drinking water,2020,2.29063,63947.52416,Safely managed service
CAF,Central African Republic,urban,Drinking water,2020,11.51545,234692.161,Safely managed service
CAF,Central African Republic,total,Drinking water,2020,3.57611,172717.70758,Surface water
CAF,Central African Republic,rural,Drinking water,2020,6.11444,170696.92201,Surface water
CAF,Central African Republic,urban,Drinking water,2020,0.09915,2020.79767,Surface water
CAF,Central African Republic,total,Sanitation,2020,44.95138,2171045.5871,Unimproved
CAF,Central African Republic,rural,Sanitation,2020,48.95194,1366591.42848,Unimproved
CAF,Central African Republic,urban,Sanitation,2020,39.47149,804454.14269,Unimproved
CAF,Central African Republic,total,Drinking water,2020,33.53911,1619860.04278,Unimproved
CAF,Central African Republic,rural,Drinking water,2020,46.37307,1294597.21834,Unimproved
CAF,Central African Republic,urban,Drinking water,2020,15.9594,325262.79771,Unimproved
CAN,Canada,rural,Drinking water,2020,99.06049,6893519.19418,At least basic
CAN,Canada,urban,Drinking water,2020,99.25828,30554931.76924,At least basic
CAN,Canada,total,Sanitation,2020,14.66447,5534686.52123,Basic service
CAN,Canada,rural,Sanitation,2020,14.74927,1026386.65711,Basic service
CAN,Canada,urban,Sanitation,2020,14.6453,4508299.93901,Basic service
CAN,Canada,total,Drinking water,2020,0.18286,69016.58781,Basic service
CAN,Canada,total,Sanitation,2020,0,0,Limited service
CAN,Canada,rural,Sanitation,2020,0,0,Limited service
CAN,Canada,urban,Sanitation,2020,0,0,Limited service
CAN,Canada,total,Drinking water,2020,0,0,Limited service
CAN,Canada,rural,Drinking water,2020,0,0,Limited service
CAN,Canada,urban,Drinking water,2020,0,0,Limited service
CAN,Canada,total,Sanitation,2020,0,0,Open defecation
CAN,Canada,rural,Sanitation,2020,0,0,Open defecation
CAN,Canada,urban,Sanitation,2020,0,0,Open defecation
CAN,Canada,total,Sanitation,2020,84.36839,31842450.58379,Safely managed service
CAN,Canada,rural,Sanitation,2020,84.1023,5852593.56373,Safely managed service
CAN,Canada,urban,Sanitation,2020,84.42855,25989857.4425,Safely managed service
CAN,Canada,total,Drinking water,2020,99.03895,37379433.9794,Safely managed service
CAN,Canada,total,Drinking water,2020,0,0,Surface water
CAN,Canada,rural,Drinking water,2020,0,0,Surface water
CAN,Canada,urban,Drinking water,2020,0,0,Surface water
CAN,Canada,total,Sanitation,2020,0.96714,365018.89197,Unimproved
CAN,Canada,rural,Sanitation,2020,1.14843,79918.27916,Unimproved
CAN,Canada,urban,Sanitation,2020,0.92615,285100.61787,Unimproved
CAN,Canada,total,Drinking water,2020,0.77819,293705.43355,Unimproved
CAN,Canada,rural,Drinking water,2020,0.9395,65379.13679,Unimproved
CAN,Canada,urban,Drinking water,2020,0.74172,228326.30064,Unimproved
CHE,Switzerland,rural,Drinking water,2020,100,2257557.3,At least basic
CHE,Switzerland,urban,Drinking water,2020,100,6397061,At least basic
CHE,Switzerland,total,Sanitation,2020,0.24832,21490.92621,Basic service
CHE,Switzerland,rural,Sanitation,2020,0.95195,21490.92592,Basic service
CHE,Switzerland,urban,Sanitation,2020,0,0,Basic service
CHE,Switzerland,total,Drinking water,2020,1.8,155783.26922,Basic service
CHE,Switzerland,total,Sanitation,2020,0.10013,8665.54584,Limited service
CHE,Switzerland,rural,Sanitation,2020,0.1002,2262.08147,Limited service
CHE,Switzerland,urban,Sanitation,2020,0.1001,6403.46446,Limited service
CHE,Switzerland,total,Drinking water,2020,0,0,Limited service
CHE,Switzerland,rural,Drinking water,2020,0,0,Limited service
CHE,Switzerland,urban,Drinking water,2020,0,0,Limited service
CHE,Switzerland,total,Sanitation,2020,0,0,Open defecation
CHE,Switzerland,rural,Sanitation,2020,0,0,Open defecation
CHE,Switzerland,urban,Sanitation,2020,0,0,Open defecation
CHE,Switzerland,total,Sanitation,2020,99.65156,8624461.77201,Safely managed service
CHE,Switzerland,rural,Sanitation,2020,98.94784,2233804.29257,Safely managed service
CHE,Switzerland,urban,Sanitation,2020,99.8999,6390657.53554,Safely managed service
CHE,Switzerland,total,Drinking water,2020,98.2,8498834.7306,Safely managed service
CHE,Switzerland,total,Drinking water,2020,0,0,Surface water
CHE,Switzerland,rural,Drinking water,2020,0,0,Surface water
CHE,Switzerland,urban,Drinking water,2020,0,0,Surface water
CHE,Switzerland,total,Sanitation,2020,0,0,Unimproved
CHE,Switzerland,rural,Sanitation,2020,0,0,Unimproved
CHE,Switzerland,urban,Sanitation,2020,0,0,Unimproved
CHE,Switzerland,total,Drinking water,2020,0,0,Unimproved
CHE,Switzerland,rural,Drinking water,2020,0,0,Unimproved
CHE,Switzerland,urban,Drinking water,2020,0,0,Unimproved
CHL,Chile,rural,Sanitation,2020,100,2346132.5,At least basic
CHL,Chile,rural,Drinking water,2020,100,2346132.5,At least basic
CHL,Chile,total,Sanitation,2020,21.3986,4090600.25616,Basic service
CHL,Chile,urban,Sanitation,2020,18.64974,3127576.06785,Basic service
CHL,Chile,total,Drinking water,2020,1.22863,234868.23043,Basic service
CHL,Chile,urban,Drinking water,2020,1.23408,206955.33492,Basic service
CHL,Chile,total,Sanitation,2020,0,0,Limited service
CHL,Chile,rural,Sanitation,2020,0,0,Limited service
CHL,Chile,urban,Sanitation,2020,0,0,Limited service
CHL,Chile,total,Drinking water,2020,0,0,Limited service
CHL,Chile,rural,Drinking water,2020,0,0,Limited service
CHL,Chile,urban,Drinking water,2020,0,0,Limited service
CHL,Chile,total,Sanitation,2020,0,0,Open defecation
CHL,Chile,rural,Sanitation,2020,0,0,Open defecation
CHL,Chile,urban,Sanitation,2020,0,0,Open defecation
CHL,Chile,total,Sanitation,2020,78.6014,15025607.49915,Safely managed service
CHL,Chile,urban,Sanitation,2020,81.35026,13642498.93215,Safely managed service
CHL,Chile,total,Drinking water,2020,98.77136,18881339.52623,Safely managed service
CHL,Chile,urban,Drinking water,2020,98.76592,16563119.66508,Safely managed service
CHL,Chile,total,Drinking water,2020,0,0,Surface water
CHL,Chile,rural,Drinking water,2020,0,0,Surface water
CHL,Chile,urban,Drinking water,2020,0,0,Surface water
CHL,Chile,total,Sanitation,2020,0,0.24469,Unimproved
CHL,Chile,rural,Sanitation,2020,0,0,Unimproved
CHL,Chile,urban,Sanitation,2020,0,0,Unimproved
CHL,Chile,total,Drinking water,2020,0,0.24469,Unimproved
CHL,Chile,rural,Drinking water,2020,0,0,Unimproved
CHL,Chile,urban,Drinking water,2020,0,0,Unimproved
CHN,China,total,Drinking water,2020,94.26111,1379172433.89708,At least basic
CHN,China,rural,Drinking water,2020,89.66123,502274417.49435,At least basic
CHN,China,total,Sanitation,2020,22.72037,332430945.89244,Basic service
CHN,China,rural,Sanitation,2020,43.94426,246171896.86784,Basic service
CHN,China,urban,Sanitation,2020,9.55303,86259045.92727,Basic service
CHN,China,urban,Drinking water,2020,2.07414,18728398.83656,Basic service
CHN,China,total,Sanitation,2020,2.54522,37240108.26348,Limited service
CHN,China,rural,Sanitation,2020,2.69656,15105871.49959,Limited service
CHN,China,urban,Sanitation,2020,2.45133,22134236.73734,Limited service
CHN,China,total,Drinking water,2020,0.81472,11920517.57842,Limited service
CHN,China,rural,Drinking water,2020,1.83268,10266508.72338,Limited service
CHN,China,urban,Drinking water,2020,0.18318,1654008.70781,Limited service
CHN,China,total,Sanitation,2020,0.32134,4701721.15249,Open defecation
CHN,China,rural,Sanitation,2020,0.30052,1683471.42706,Open defecation
CHN,China,urban,Sanitation,2020,0.33427,3018249.71754,Open defecation
CHN,China,total,Sanitation,2020,69.65581,1019162309.61924,Safely managed service
CHN,China,rural,Sanitation,2020,43.92951,246089298.17376,Safely managed service
CHN,China,urban,Sanitation,2020,85.61645,773073015.06428,Safely managed service
CHN,China,urban,Drinking water,2020,95.04075,858169641.73864,Safely managed service
CHN,China,total,Drinking water,2020,0.19872,2907496.34316,Surface water
CHN,China,rural,Drinking water,2020,0,0,Surface water
CHN,China,urban,Drinking water,2020,0.322,2907496.37248,Surface water
CHN,China,total,Sanitation,2020,4.75726,69605395.20402,Unimproved
CHN,China,rural,Sanitation,2020,9.12916,51140758.05415,Unimproved
CHN,China,urban,Sanitation,2020,2.04493,18464636.52647,Unimproved
CHN,China,total,Drinking water,2020,4.72545,69140000.16782,Unimproved
CHN,China,rural,Drinking water,2020,8.50609,47650361.29537,Unimproved
CHN,China,urban,Drinking water,2020,2.37994,21489638.33548,Unimproved
CIV,Côte d’Ivoire,total,Sanitation,2020,34.56596,9117905.32003,At least basic
CIV,Côte d’Ivoire,rural,Sanitation,2020,20.50201,2611776.23936,At least basic
CIV,Côte d’Ivoire,urban,Sanitation,2020,47.70186,6506129.03436,At least basic
CIV,Côte d’Ivoire,total,Hygiene,2020,21.62138,5703346.11758,Basic service
CIV,Côte d’Ivoire,rural,Hygiene,2020,11.14032,1419179.87238,Basic service
CIV,Côte d’Ivoire,urban,Hygiene,2020,31.4108,4284166.30455,Basic service
CIV,Côte d’Ivoire,total,Drinking water,2020,35.70429,9418175.33704,Basic service
CIV,Côte d’Ivoire,rural,Drinking water,2020,41.14586,5241622.03198,Basic service
CIV,Côte d’Ivoire,urban,Drinking water,2020,30.6218,4176553.27495,Basic service
CIV,Côte d’Ivoire,total,Hygiene,2020,36.9419,9744636.01983,Limited service
CIV,Côte d’Ivoire,rural,Hygiene,2020,50.11343,6384012.92517,Limited service
CIV,Côte d’Ivoire,urban,Hygiene,2020,24.63953,3360623.02018,Limited service
CIV,Côte d’Ivoire,total,Sanitation,2020,22.53705,5944886.03997,Limited service
CIV,Côte d’Ivoire,rural,Sanitation,2020,14.47733,1844285.31059,Limited service
CIV,Côte d’Ivoire,urban,Sanitation,2020,30.06493,4100600.7752,Limited service
CIV,Côte d’Ivoire,total,Drinking water,2020,8.93542,2357010.19832,Limited service
CIV,Côte d’Ivoire,rural,Drinking water,2020,13.34317,1699802.88742,Limited service
CIV,Côte d’Ivoire,urban,Drinking water,2020,4.81854,657207.28591,Limited service
CIV,Côte d’Ivoire,total,Hygiene,2020,41.43673,10930293.84941,No handwashing facility
CIV,Côte d’Ivoire,rural,Hygiene,2020,38.74624,4935932.26743,No handwashing facility
CIV,Côte d’Ivoire,urban,Hygiene,2020,43.94967,5994361.70254,No handwashing facility
CIV,Côte d’Ivoire,total,Sanitation,2020,25.25768,6662540.7579,Open defecation
CIV,Côte d’Ivoire,rural,Sanitation,2020,41.48727,5285115.33471,Open defecation
CIV,Côte d’Ivoire,urban,Sanitation,2020,10.09905,1377425.33102,Open defecation
CIV,Côte d’Ivoire,total,Drinking water,2020,35.20478,9286414.95947,Safely managed service
CIV,Côte d’Ivoire,rural,Drinking water,2020,14.57659,1856930.12657,Safely managed service
CIV,Côte d’Ivoire,urban,Drinking water,2020,54.47176,7429484.94953,Safely managed service
CIV,Côte d’Ivoire,total,Drinking water,2020,5.96307,1572954.08483,Surface water
CIV,Côte d’Ivoire,rural,Drinking water,2020,7.75911,988442.12165,Surface water
CIV,Côte d’Ivoire,urban,Drinking water,2020,4.28554,584511.9529,Surface water
CIV,Côte d’Ivoire,total,Sanitation,2020,17.6393,4652944.21183,Unimproved
CIV,Côte d’Ivoire,rural,Sanitation,2020,23.53339,2997948.07202,Unimproved
CIV,Côte d’Ivoire,urban,Sanitation,2020,12.13416,1654996.10628,Unimproved
CIV,Côte d’Ivoire,total,Drinking water,2020,14.19244,3743721.41902,Unimproved
CIV,Côte d’Ivoire,rural,Drinking water,2020,23.17528,2952327.83225,Unimproved
CIV,Côte d’Ivoire,urban,Drinking water,2020,5.80237,791393.53669,Unimproved
CMR,Cameroon,total,Sanitation,2020,44.63112,11847717.10441,At least basic
CMR,Cameroon,rural,Sanitation,2020,22.66788,2553777.98203,At least basic
CMR,Cameroon,urban,Sanitation,2020,60.82501,9293939.63198,At least basic
CMR,Cameroon,total,Drinking water,2020,65.72042,17446053.53641,At least basic
CMR,Cameroon,rural,Drinking water,2020,43.52758,4903845.04974,At least basic
CMR,Cameroon,urban,Drinking water,2020,82.08359,12542208.02574,At least basic
CMR,Cameroon,total,Hygiene,2020,36.41861,9667635.9608,Basic service
CMR,Cameroon,rural,Hygiene,2020,22.03013,2481929.04642,Basic service
CMR,Cameroon,urban,Hygiene,2020,47.02749,7185706.85861,Basic service
CMR,Cameroon,total,Hygiene,2020,59.71149,15850929.94823,Limited service
CMR,Cameroon,rural,Hygiene,2020,73.69974,8303060.03734,Limited service
CMR,Cameroon,urban,Hygiene,2020,49.3977,7547869.96477,Limited service
CMR,Cameroon,total,Sanitation,2020,15.05621,3996801.06201,Limited service
CMR,Cameroon,rural,Sanitation,2020,5.08209,572551.20866,Limited service
CMR,Cameroon,urban,Sanitation,2020,22.41031,3424249.81548,Limited service
CMR,Cameroon,total,Drinking water,2020,12.87475,3417713.26166,Limited service
CMR,Cameroon,rural,Drinking water,2020,12.6726,1427703.16225,Limited service
CMR,Cameroon,urban,Drinking water,2020,13.0238,1990010.09886,Limited service
CMR,Cameroon,total,Hygiene,2020,3.8699,1027298.07132,No handwashing facility
CMR,Cameroon,rural,Hygiene,2020,4.27012,481074.8981,No handwashing facility
CMR,Cameroon,urban,Hygiene,2020,3.57481,546223.167,No handwashing facility
CMR,Cameroon,total,Sanitation,2020,5.54589,1472205.42095,Open defecation
CMR,Cameroon,rural,Sanitation,2020,11.93313,1344394.2872,Open defecation
CMR,Cameroon,urban,Sanitation,2020,0.83647,127811.15835,Open defecation
CMR,Cameroon,total,Drinking water,2020,6.40383,1699951.18684,Surface water
CMR,Cameroon,rural,Drinking water,2020,13.67601,1540748.37723,Surface water
CMR,Cameroon,urban,Drinking water,2020,1.04192,159202.83667,Surface water
CMR,Cameroon,total,Sanitation,2020,34.76677,9229139.92471,Unimproved
CMR,Cameroon,rural,Sanitation,2020,60.3169,6795340.57146,Unimproved
CMR,Cameroon,urban,Sanitation,2020,15.92822,2433799.44905,Unimproved
CMR,Cameroon,total,Drinking water,2020,15.00101,3982146.72041,Unimproved
CMR,Cameroon,rural,Drinking water,2020,30.12381,3393767.31389,Unimproved
CMR,Cameroon,urban,Drinking water,2020,3.8507,588379.46503,Unimproved
COD,Democratic Republic of the Congo,total,Hygiene,2020,19.17279,17171423.16669,Basic service
COD,Democratic Republic of the Congo,rural,Hygiene,2020,12.33363,6004919.43796,Basic service
COD,Democratic Republic of the Congo,urban,Hygiene,2020,27.31931,11166503.73782,Basic service
COD,Democratic Republic of the Congo,total,Sanitation,2020,2.69765,2416049.14935,Basic service
COD,Democratic Republic of the Congo,rural,Sanitation,2020,0.04928,23993.71338,Basic service
COD,Democratic Republic of the Congo,urban,Sanitation,2020,5.85226,2392055.4384,Basic service
COD,Democratic Republic of the Congo,total,Drinking water,2020,26.9644,24149694.66873,Basic service
COD,Democratic Republic of the Congo,rural,Drinking water,2020,20.98456,10216831.93392,Basic service
COD,Democratic Republic of the Congo,urban,Drinking water,2020,34.08732,13932862.73703,Basic service
COD,Democratic Republic of the Congo,total,Hygiene,2020,38.41174,34402099.2653,Limited service
COD,Democratic Republic of the Congo,rural,Hygiene,2020,39.01729,18996493.80337,Limited service
COD,Democratic Republic of the Congo,urban,Hygiene,2020,37.69044,15405605.4611,Limited service
COD,Democratic Republic of the Congo,total,Sanitation,2020,20.13036,18029037.37123,Limited service
COD,Democratic Republic of the Congo,rural,Sanitation,2020,9.29783,4526867.16515,Limited service
COD,Democratic Republic of the Congo,urban,Sanitation,2020,33.03361,13502170.21574,Limited service
COD,Democratic Republic of the Congo,total,Drinking water,2020,13.44122,12038149.88777,Limited service
COD,Democratic Republic of the Congo,rural,Drinking water,2020,12.68294,6174990.88917,Limited service
COD,Democratic Republic of the Congo,urban,Drinking water,2020,14.34446,5863159.0005,Limited service
COD,Democratic Republic of the Congo,total,Hygiene,2020,42.41546,37987885.41576,No handwashing facility
COD,Democratic Republic of the Congo,rural,Hygiene,2020,48.64908,23685959.61556,No handwashing facility
COD,Democratic Republic of the Congo,urban,Hygiene,2020,34.99025,14301927.23026,No handwashing facility
COD,Democratic Republic of the Congo,total,Sanitation,2020,12.02538,10770103.1472,Open defecation
COD,Democratic Republic of the Congo,rural,Sanitation,2020,18.84649,9175860.72446,Open defecation
COD,Democratic Republic of the Congo,urban,Sanitation,2020,3.90038,1594242.4102,Open defecation
COD,Democratic Republic of the Congo,total,Sanitation,2020,12.69103,11366261.78124,Safely managed service
COD,Democratic Republic of the Congo,rural,Sanitation,2020,11.1708,5438768.25028,Safely managed service
COD,Democratic Republic of the Congo,urban,Sanitation,2020,14.50186,5927493.53147,Safely managed service
COD,Democratic Republic of the Congo,total,Drinking water,2020,18.98773,17005677.25155,Safely managed service
COD,Democratic Republic of the Congo,rural,Drinking water,2020,0.99823,486011.95011,Safely managed service
COD,Democratic Republic of the Congo,urban,Drinking water,2020,40.41604,16519665.31696,Safely managed service
COD,Democratic Republic of the Congo,total,Drinking water,2020,8.06433,7222529.72832,Surface water
COD,Democratic Republic of the Congo,rural,Drinking water,2020,14.11828,6873821.70914,Surface water
COD,Democratic Republic of the Congo,urban,Drinking water,2020,0.85313,348708.01466,Surface water
COD,Democratic Republic of the Congo,total,Sanitation,2020,52.45558,46979956.55993,Unimproved
COD,Democratic Republic of the Congo,rural,Sanitation,2020,60.6356,29521882.14235,Unimproved
COD,Democratic Republic of the Congo,urban,Sanitation,2020,42.71189,17458074.40665,Unimproved
COD,Democratic Republic of the Congo,total,Drinking water,2020,32.54232,29145356.4681,Unimproved
COD,Democratic Republic of the Congo,rural,Drinking water,2020,51.21598,24935715.51912,Unimproved
COD,Democratic Republic of the Congo,urban,Drinking water,2020,10.29906,4209640.928,Unimproved
COG,Congo,total,Sanitation,2020,20.45975,1128987.57469,At least basic
COG,Congo,rural,Sanitation,2020,6.25685,111073.18629,At least basic
COG,Congo,urban,Sanitation,2020,27.19612,1017914.52054,At least basic
COG,Congo,total,Drinking water,2020,27.88762,1538864.25838,Basic service
COG,Congo,rural,Drinking water,2020,26.66627,473386.48295,Basic service
COG,Congo,urban,Drinking water,2020,28.46689,1065477.86501,Basic service
COG,Congo,total,Sanitation,2020,34.22803,1888734.33583,Limited service
COG,Congo,rural,Sanitation,2020,8.8749,157549.54881,Limited service
COG,Congo,urban,Sanitation,2020,46.25291,1731184.8929,Limited service
COG,Congo,total,Drinking water,2020,10.46117,577257.09689,Limited service
COG,Congo,rural,Drinking water,2020,10.63239,188748.88968,Limited service
COG,Congo,urban,Drinking water,2020,10.37996,388508.24101,Limited service
COG,Congo,total,Sanitation,2020,8.45099,466333.34854,Open defecation
COG,Congo,rural,Sanitation,2020,23.01214,408517.43514,Open defecation
COG,Congo,urban,Sanitation,2020,1.5447,57815.94309,Open defecation
COG,Congo,total,Drinking water,2020,45.8969,2532632.97236,Safely managed service
COG,Congo,rural,Drinking water,2020,19.05814,338324.91364,Safely managed service
COG,Congo,urban,Drinking water,2020,58.6264,2194308.20199,Safely managed service
COG,Congo,total,Drinking water,2020,6.19514,341853.28546,Surface water
COG,Congo,rural,Drinking water,2020,19.23803,341518.34159,Surface water
COG,Congo,urban,Drinking water,2020,0.00895,334.96607,Surface water
COG,Congo,total,Sanitation,2020,36.86123,2034036.70237,Unimproved
COG,Congo,rural,Sanitation,2020,61.8561,1098085.23114,Unimproved
COG,Congo,urban,Sanitation,2020,25.00627,935951.47207,Unimproved
COG,Congo,total,Drinking water,2020,9.55918,527484.38669,Unimproved
COG,Congo,rural,Drinking water,2020,24.40517,433246.77196,Unimproved
COG,Congo,urban,Drinking water,2020,2.51779,94237.52589,Unimproved
COK,Cook Islands,total,Sanitation,2020,99.08539,17403.35758,At least basic
COK,Cook Islands,total,Drinking water,2020,99.97161,17559.01376,At least basic
COK,Cook Islands,total,Sanitation,2020,0,0,Limited service
COK,Cook Islands,total,Drinking water,2020,0,0,Limited service
COK,Cook Islands,total,Drinking water,2020,0,0,Surface water
COK,Cook Islands,total,Sanitation,2020,0.91461,160.64198,Unimproved
COK,Cook Islands,total,Drinking water,2020,0.02839,4.98638,Unimproved
COL,Colombia,rural,Sanitation,2020,84.38419,7975568.66572,At least basic
COL,Colombia,total,Hygiene,2020,68.02786,34614536.57248,Basic service
COL,Colombia,rural,Hygiene,2020,31.50031,2977250.89407,Basic service
COL,Colombia,urban,Hygiene,2020,76.36067,31637285.81927,Basic service
COL,Colombia,total,Sanitation,2020,75.36575,38348268.27783,Basic service
COL,Colombia,urban,Sanitation,2020,79.20274,32814795.43995,Basic service
COL,Colombia,total,Drinking water,2020,24.4823,12457300.65554,Basic service
COL,Colombia,rural,Drinking water,2020,46.5616,4400768.09234,Basic service
COL,Colombia,urban,Drinking water,2020,19.44548,8056532.47442,Basic service
COL,Colombia,total,Hygiene,2020,4.05198,2061761.95979,Limited service
COL,Colombia,rural,Hygiene,2020,5.37688,508195.907,Limited service
COL,Colombia,urban,Hygiene,2020,3.74973,1553566.04785,Limited service
COL,Colombia,total,Sanitation,2020,3.30808,1683245.71475,Limited service
COL,Colombia,rural,Sanitation,2020,3.34961,316587.97606,Limited service
COL,Colombia,urban,Sanitation,2020,3.2986,1366657.73836,Limited service
COL,Colombia,total,Drinking water,2020,0.18615,94719.58713,Limited service
COL,Colombia,rural,Drinking water,2020,0.73123,69112.00426,Limited service
COL,Colombia,urban,Drinking water,2020,0.06181,25607.58084,Limited service
COL,Colombia,total,Hygiene,2020,27.92017,14206585.68856,No handwashing facility
COL,Colombia,rural,Hygiene,2020,63.1228,5966049.17511,No handwashing facility
COL,Colombia,urban,Hygiene,2020,19.8896,8240536.07985,No handwashing facility
COL,Colombia,total,Sanitation,2020,2.58548,1315569.29726,Open defecation
COL,Colombia,rural,Sanitation,2020,11.29028,1067099.8919,Open defecation
COL,Colombia,urban,Sanitation,2020,0.59971,248469.37186,Open defecation
COL,Colombia,total,Sanitation,2020,18.31488,9319138.31066,Safely managed service
COL,Colombia,urban,Sanitation,2020,16.59863,6877042.69855,Safely managed service
COL,Colombia,total,Drinking water,2020,73.00936,37149266.14142,Safely managed service
COL,Colombia,rural,Drinking water,2020,40.20547,3800018.32456,Safely managed service
COL,Colombia,urban,Drinking water,2020,80.49271,33349247.94474,Safely managed service
COL,Colombia,total,Drinking water,2020,1.36857,696370.18139,Surface water
COL,Colombia,rural,Drinking water,2020,7.36783,696370.15821,Surface water
COL,Colombia,urban,Drinking water,2020,0,0,Surface water
COL,Colombia,total,Sanitation,2020,0.42581,216662.399,Unimproved
COL,Colombia,rural,Sanitation,2020,0.97593,92239.6456,Unimproved
COL,Colombia,urban,Sanitation,2020,0.30031,124422.75128,Unimproved
COL,Colombia,total,Drinking water,2020,0.95362,485227.43655,Unimproved
COL,Colombia,rural,Drinking water,2020,5.13387,485227.42034,Unimproved
COL,Colombia,urban,Drinking water,2020,0,0,Unimproved
CPV,Cabo Verde,total,Sanitation,2020,79.11569,439873.75442,At least basic
CPV,Cabo Verde,rural,Sanitation,2020,71.89043,133292.67267,At least basic
CPV,Cabo Verde,urban,Sanitation,2020,82.73071,306581.07318,At least basic
CPV,Cabo Verde,total,Drinking water,2020,88.76961,493548.36557,At least basic
CPV,Cabo Verde,rural,Drinking water,2020,80.11452,148541.04551,At least basic
CPV,Cabo Verde,urban,Drinking water,2020,93.1,345007.30236,At least basic
CPV,Cabo Verde,total,Sanitation,2020,6.4362,35784.49321,Limited service
CPV,Cabo Verde,rural,Sanitation,2020,1.40243,2600.25741,Limited service
CPV,Cabo Verde,urban,Sanitation,2020,8.95474,33184.23544,Limited service
CPV,Cabo Verde,total,Drinking water,2020,7.90415,43946.13021,Limited service
CPV,Cabo Verde,rural,Drinking water,2020,9.91113,18376.30783,Limited service
CPV,Cabo Verde,urban,Drinking water,2020,6.9,25569.82197,Limited service
CPV,Cabo Verde,total,Sanitation,2020,14.44811,80329.76461,Open defecation
CPV,Cabo Verde,rural,Sanitation,2020,26.70714,49517.95157,Open defecation
CPV,Cabo Verde,urban,Sanitation,2020,8.31455,30811.81233,Open defecation
CPV,Cabo Verde,total,Drinking water,2020,0.1171,651.03423,Surface water
CPV,Cabo Verde,rural,Drinking water,2020,0.35113,651.03422,Surface water
CPV,Cabo Verde,urban,Drinking water,2020,0,0,Surface water
CPV,Cabo Verde,total,Sanitation,2020,0,0,Unimproved
CPV,Cabo Verde,rural,Sanitation,2020,0,0,Unimproved
CPV,Cabo Verde,urban,Sanitation,2020,0,0,Unimproved
CPV,Cabo Verde,total,Drinking water,2020,3.20915,17842.4762,Unimproved
CPV,Cabo Verde,rural,Drinking water,2020,9.62322,17842.49133,Unimproved
CPV,Cabo Verde,urban,Drinking water,2020,0,0,Unimproved
CRI,Costa Rica,total,Hygiene,2020,85.91587,4376652.15354,Basic service
CRI,Costa Rica,rural,Hygiene,2020,83.30639,816025.46006,Basic service
CRI,Costa Rica,urban,Hygiene,2020,86.5371,3560626.8945,Basic service
CRI,Costa Rica,total,Sanitation,2020,67.71056,3449253.00895,Basic service
CRI,Costa Rica,rural,Sanitation,2020,60.21041,589789.38393,Basic service
CRI,Costa Rica,urban,Sanitation,2020,69.49611,2859463.785,Basic service
CRI,Costa Rica,total,Drinking water,2020,19.29449,982883.31988,Basic service
CRI,Costa Rica,rural,Drinking water,2020,18.5917,182114.48608,Basic service
CRI,Costa Rica,urban,Drinking water,2020,19.4618,800768.87916,Basic service
CRI,Costa Rica,total,Hygiene,2020,9.47817,482828.75654,Limited service
CRI,Costa Rica,rural,Hygiene,2020,11.75653,115160.80872,Limited service
CRI,Costa Rica,urban,Hygiene,2020,8.93576,367667.96941,Limited service
CRI,Costa Rica,total,Sanitation,2020,0.76053,38742.29796,Limited service
CRI,Costa Rica,rural,Sanitation,2020,0.33872,3317.91134,Limited service
CRI,Costa Rica,urban,Sanitation,2020,0.86095,35424.38846,Limited service
CRI,Costa Rica,total,Drinking water,2020,0.18946,9651.28164,Limited service
CRI,Costa Rica,rural,Drinking water,2020,0.35375,3465.1484,Limited service
CRI,Costa Rica,urban,Drinking water,2020,0.15035,6186.13363,Limited service
CRI,Costa Rica,total,Hygiene,2020,4.60596,234633.09063,No handwashing facility
CRI,Costa Rica,rural,Hygiene,2020,4.93707,48360.97907,No handwashing facility
CRI,Costa Rica,urban,Hygiene,2020,4.52713,186271.93054,No handwashing facility
CRI,Costa Rica,total,Sanitation,2020,0.12659,6448.43693,Open defecation
CRI,Costa Rica,rural,Sanitation,2020,0.25133,2461.8474,Open defecation
CRI,Costa Rica,urban,Sanitation,2020,0.09689,3986.58978,Open defecation
CRI,Costa Rica,total,Sanitation,2020,30.20444,1538648.39373,Safely managed service
CRI,Costa Rica,rural,Sanitation,2020,36.57438,358263.33731,Safely managed service
CRI,Costa Rica,urban,Sanitation,2020,28.68796,1180385.12552,Safely managed service
CRI,Costa Rica,total,Drinking water,2020,80.51605,4101579.21534,Safely managed service
CRI,Costa Rica,rural,Drinking water,2020,81.05455,793967.61552,Safely managed service
CRI,Costa Rica,urban,Drinking water,2020,80.38785,3307611.78733,Safely managed service
CRI,Costa Rica,total,Drinking water,2020,0,0,Surface water
CRI,Costa Rica,rural,Drinking water,2020,0,0,Surface water
CRI,Costa Rica,urban,Drinking water,2020,0,0,Surface water
CRI,Costa Rica,total,Sanitation,2020,1.19789,61021.86223,Unimproved
CRI,Costa Rica,rural,Sanitation,2020,2.62517,25714.77008,Unimproved
CRI,Costa Rica,urban,Sanitation,2020,0.8581,35306.91149,Unimproved
CRI,Costa Rica,total,Drinking water,2020,0,0.18288,Unimproved
CRI,Costa Rica,rural,Drinking water,2020,0,0,Unimproved
CRI,Costa Rica,urban,Drinking water,2020,0,0,Unimproved
CUB,Cuba,total,Drinking water,2020,97.00269,10987122.56616,At least basic
CUB,Cuba,rural,Drinking water,2020,94.38665,2438147.14723,At least basic
CUB,Cuba,urban,Drinking water,2020,97.77557,8548976.0009,At least basic
CUB,Cuba,total,Hygiene,2020,92.20205,10443372.46364,Basic service
CUB,Cuba,rural,Hygiene,2020,86.3806,2231339.11331,Basic service
CUB,Cuba,urban,Hygiene,2020,93.92193,8212033.84994,Basic service
CUB,Cuba,total,Sanitation,2020,54.71882,6197790.64605,Basic service
CUB,Cuba,rural,Sanitation,2020,35.36912,913636.82665,Basic service
CUB,Cuba,urban,Sanitation,2020,60.43545,5284154.10987,Basic service
CUB,Cuba,total,Hygiene,2020,7.13713,808395.13998,Limited service
CUB,Cuba,rural,Hygiene,2020,13.6194,351809.18669,Limited service
CUB,Cuba,urban,Hygiene,2020,5.22202,456585.99477,Limited service
CUB,Cuba,total,Sanitation,2020,1.66155,188197.02706,Limited service
CUB,Cuba,rural,Sanitation,2020,0.68829,17779.63146,Limited service
CUB,Cuba,urban,Sanitation,2020,1.94908,170417.40424,Limited service
CUB,Cuba,total,Drinking water,2020,1.47138,166658.07696,Limited service
CUB,Cuba,rural,Drinking water,2020,2.59175,66948.80922,Limited service
CUB,Cuba,urban,Drinking water,2020,1.14039,99709.27624,Limited service
CUB,Cuba,total,Hygiene,2020,0.66082,74848.39615,No handwashing facility
CUB,Cuba,rural,Hygiene,2020,0,0,No handwashing facility
CUB,Cuba,urban,Hygiene,2020,0.85605,74848.15678,No handwashing facility
CUB,Cuba,total,Sanitation,2020,0.24071,27263.87953,Open defecation
CUB,Cuba,rural,Sanitation,2020,0.6406,16547.52053,Open defecation
CUB,Cuba,urban,Sanitation,2020,0.12256,10716.36047,Open defecation
CUB,Cuba,total,Sanitation,2020,36.63753,4149792.56038,Safely managed service
CUB,Cuba,rural,Sanitation,2020,50.95448,1316229.76891,Safely managed service
CUB,Cuba,urban,Sanitation,2020,32.40777,2833562.99597,Safely managed service
CUB,Cuba,total,Drinking water,2020,0.27311,30933.87132,Surface water
CUB,Cuba,rural,Drinking water,2020,1.11562,28818.20888,Surface water
CUB,Cuba,urban,Drinking water,2020,0.0242,2115.6643,Surface water
CUB,Cuba,total,Sanitation,2020,6.74139,763571.8872,Unimproved
CUB,Cuba,rural,Sanitation,2020,12.34751,318954.55252,Unimproved
CUB,Cuba,urban,Sanitation,2020,5.08513,444617.12954,Unimproved
CUB,Cuba,total,Drinking water,2020,1.25281,141901.14849,Unimproved
CUB,Cuba,rural,Drinking water,2020,1.90597,49234.10747,Unimproved
CUB,Cuba,urban,Drinking water,2020,1.05984,92666.80395,Unimproved
CYP,Cyprus,rural,Sanitation,2020,98.7897,395741.91878,At least basic
CYP,Cyprus,rural,Drinking water,2020,99.84576,399972.42622,At least basic
CYP,Cyprus,urban,Drinking water,2020,99.72516,804553.4107,At least basic
CYP,Cyprus,total,Sanitation,2020,22.31156,269381.03771,Basic service
CYP,Cyprus,urban,Sanitation,2020,13.37766,107927.07914,Basic service
CYP,Cyprus,total,Drinking water,2020,0,0,Basic service
CYP,Cyprus,total,Sanitation,2020,0,0,Limited service
CYP,Cyprus,rural,Sanitation,2020,0,0,Limited service
CYP,Cyprus,urban,Sanitation,2020,0,0,Limited service
CYP,Cyprus,total,Drinking water,2020,0,0,Limited service
CYP,Cyprus,rural,Drinking water,2020,0,0,Limited service
CYP,Cyprus,urban,Drinking water,2020,0,0,Limited service
CYP,Cyprus,total,Sanitation,2020,0,0,Open defecation
CYP,Cyprus,rural,Sanitation,2020,0,0,Open defecation
CYP,Cyprus,urban,Sanitation,2020,0,0,Open defecation
CYP,Cyprus,total,Sanitation,2020,77.0844,930687.03448,Safely managed service
CYP,Cyprus,urban,Sanitation,2020,86.31933,696399.11039,Safely managed service
CYP,Cyprus,total,Drinking water,2020,99.76517,1204525.79256,Safely managed service
CYP,Cyprus,total,Drinking water,2020,0,0,Surface water
CYP,Cyprus,rural,Drinking water,2020,0,0,Surface water
CYP,Cyprus,urban,Drinking water,2020,0,0,Surface water
CYP,Cyprus,total,Sanitation,2020,0.60404,7292.92776,Unimproved
CYP,Cyprus,rural,Sanitation,2020,1.21031,4848.36732,Unimproved
CYP,Cyprus,urban,Sanitation,2020,0.30301,2444.5605,Unimproved
CYP,Cyprus,total,Drinking water,2020,0.23483,2835.20741,Unimproved
CYP,Cyprus,rural,Drinking water,2020,0.15424,617.86357,Unimproved
CYP,Cyprus,urban,Drinking water,2020,0.27484,2217.34392,Unimproved
CZE,Czechia,rural,Sanitation,2020,99.24986,2756965.2523,At least basic
CZE,Czechia,urban,Sanitation,2020,99.09274,7859222.817,At least basic
CZE,Czechia,total,Sanitation,2020,13.92908,1491662.62927,Basic service
CZE,Czechia,total,Drinking water,2020,1.99812,213978.43215,Basic service
CZE,Czechia,rural,Drinking water,2020,2.15657,59905.20659,Basic service
CZE,Czechia,urban,Drinking water,2020,1.94263,154073.21682,Basic service
CZE,Czechia,total,Sanitation,2020,0.85676,91749.86135,Limited service
CZE,Czechia,rural,Sanitation,2020,0.71256,19793.59635,Limited service
CZE,Czechia,urban,Sanitation,2020,0.90726,71956.26113,Limited service
CZE,Czechia,total,Drinking water,2020,0,0,Limited service
CZE,Czechia,rural,Drinking water,2020,0,0,Limited service
CZE,Czechia,urban,Drinking water,2020,0,0,Limited service
CZE,Czechia,total,Sanitation,2020,0,0,Open defecation
CZE,Czechia,rural,Sanitation,2020,0,0,Open defecation
CZE,Czechia,urban,Sanitation,2020,0,0,Open defecation
CZE,Czechia,total,Sanitation,2020,85.20442,9124525.7547,Safely managed service
CZE,Czechia,total,Drinking water,2020,97.88247,10482216.15128,Safely managed service
CZE,Czechia,rural,Drinking water,2020,97.66103,2712830.86168,Safely managed service
CZE,Czechia,urban,Drinking water,2020,97.96002,7769384.85426,Safely managed service
CZE,Czechia,total,Drinking water,2020,0,0,Surface water
CZE,Czechia,rural,Drinking water,2020,0,0,Surface water
CZE,Czechia,urban,Drinking water,2020,0,0,Surface water
CZE,Czechia,total,Sanitation,2020,0.00975,1043.75479,Unimproved
CZE,Czechia,rural,Sanitation,2020,0.03758,1043.9989,Unimproved
CZE,Czechia,urban,Sanitation,2020,0,0,Unimproved
CZE,Czechia,total,Drinking water,2020,0.11941,12787.41689,Unimproved
CZE,Czechia,rural,Drinking water,2020,0.1824,5066.73164,Unimproved
CZE,Czechia,urban,Drinking water,2020,0.09735,7720.92884,Unimproved
DEU,Germany,rural,Drinking water,2020,100,18890766,At least basic
DEU,Germany,urban,Drinking water,2020,100,64893176,At least basic
DEU,Germany,total,Sanitation,2020,2.10021,1759637.32836,Basic service
DEU,Germany,rural,Sanitation,2020,7.36588,1391471.94333,Basic service
DEU,Germany,urban,Sanitation,2020,0.56734,368165.27567,Basic service
DEU,Germany,total,Drinking water,2020,0.00697,5843.51536,Basic service
DEU,Germany,total,Sanitation,2020,0.77438,648808.77155,Limited service
DEU,Germany,rural,Sanitation,2020,1.00806,190431.10885,Limited service
DEU,Germany,urban,Sanitation,2020,0.70636,458377.63072,Limited service
DEU,Germany,total,Drinking water,2020,0,0,Limited service
DEU,Germany,rural,Drinking water,2020,0,0,Limited service
DEU,Germany,urban,Drinking water,2020,0,0,Limited service
DEU,Germany,total,Sanitation,2020,0,0,Open defecation
DEU,Germany,rural,Sanitation,2020,0,0,Open defecation
DEU,Germany,urban,Sanitation,2020,0,0,Open defecation
DEU,Germany,total,Sanitation,2020,97.12541,81375499.85309,Safely managed service
DEU,Germany,rural,Sanitation,2020,91.62605,17308862.94801,Safely managed service
DEU,Germany,urban,Sanitation,2020,98.7263,64066633.09036,Safely managed service
DEU,Germany,total,Drinking water,2020,99.99303,83778102.44099,Safely managed service
DEU,Germany,total,Drinking water,2020,0,0,Surface water
DEU,Germany,rural,Drinking water,2020,0,0,Surface water
DEU,Germany,urban,Drinking water,2020,0,0,Surface water
DEU,Germany,total,Sanitation,2020,0,0,Unimproved
DEU,Germany,rural,Sanitation,2020,0,0,Unimproved
DEU,Germany,urban,Sanitation,2020,0,0,Unimproved
DEU,Germany,total,Drinking water,2020,0,0,Unimproved
DEU,Germany,rural,Drinking water,2020,0,0,Unimproved
DEU,Germany,urban,Drinking water,2020,0,0,Unimproved
DJI,Djibouti,total,Drinking water,2020,76.04992,751374.722,At least basic
DJI,Djibouti,rural,Drinking water,2020,47.28073,102479.99671,At least basic
DJI,Djibouti,urban,Drinking water,2020,84.13502,648894.79647,At least basic
DJI,Djibouti,total,Sanitation,2020,29.64262,292869.67578,Basic service
DJI,Djibouti,rural,Sanitation,2020,0.97467,2112.57537,Basic service
DJI,Djibouti,urban,Sanitation,2020,37.69926,290757.11994,Basic service
DJI,Djibouti,total,Sanitation,2020,7.05251,69678.91722,Limited service
DJI,Djibouti,rural,Sanitation,2020,2.33013,5050.5009,Limited service
DJI,Djibouti,urban,Sanitation,2020,8.37965,64628.42074,Limited service
DJI,Djibouti,total,Drinking water,2020,14.75748,145804.21435,Limited service
DJI,Djibouti,rural,Drinking water,2020,12.06161,26143.28789,Limited service
DJI,Djibouti,urban,Drinking water,2020,15.51511,119660.9349,Limited service
DJI,Djibouti,total,Sanitation,2020,16.1821,159879.50168,Open defecation
DJI,Djibouti,rural,Sanitation,2020,64.13027,139001.02467,Open defecation
DJI,Djibouti,urban,Sanitation,2020,2.70708,20878.48069,Open defecation
DJI,Djibouti,total,Sanitation,2020,37.08002,366351.29879,Safely managed service
DJI,Djibouti,rural,Sanitation,2020,20.92939,45364.01906,Safely managed service
DJI,Djibouti,urban,Sanitation,2020,41.61888,320987.30194,Safely managed service
DJI,Djibouti,total,Drinking water,2020,2.17672,21506.05727,Surface water
DJI,Djibouti,rural,Drinking water,2020,9.92215,21506.05763,Surface water
DJI,Djibouti,urban,Drinking water,2020,0,0,Surface water
DJI,Djibouti,total,Sanitation,2020,10.04275,99222.60652,Unimproved
DJI,Djibouti,rural,Sanitation,2020,11.63554,25219.79001,Unimproved
DJI,Djibouti,urban,Sanitation,2020,9.59513,74002.80666,Unimproved
DJI,Djibouti,total,Drinking water,2020,7.01588,69316.9957,Unimproved
DJI,Djibouti,rural,Drinking water,2020,30.7355,66618.56402,Unimproved
DJI,Djibouti,urban,Drinking water,2020,0.34987,2698.4177,Unimproved
DNK,Denmark,rural,Sanitation,2020,99.59759,685575.32305,At least basic
DNK,Denmark,urban,Sanitation,2020,99.59718,5083298.30607,At least basic
DNK,Denmark,rural,Drinking water,2020,100,688345.31,At least basic
DNK,Denmark,urban,Drinking water,2020,100,5103857.5,At least basic
DNK,Denmark,total,Sanitation,2020,7.70803,446464.5237,Basic service
DNK,Denmark,total,Drinking water,2020,3.26928,189363.1062,Basic service
DNK,Denmark,total,Sanitation,2020,0.40277,23329.34766,Limited service
DNK,Denmark,rural,Sanitation,2020,0.40241,2770.00125,Limited service
DNK,Denmark,urban,Sanitation,2020,0.40282,20559.34541,Limited service
DNK,Denmark,total,Drinking water,2020,0,0,Limited service
DNK,Denmark,rural,Drinking water,2020,0,0,Limited service
DNK,Denmark,urban,Drinking water,2020,0,0,Limited service
DNK,Denmark,total,Sanitation,2020,0,0,Open defecation
DNK,Denmark,rural,Sanitation,2020,0,0,Open defecation
DNK,Denmark,urban,Sanitation,2020,0,0,Open defecation
DNK,Denmark,total,Sanitation,2020,91.8892,5322409.18964,Safely managed service
DNK,Denmark,total,Drinking water,2020,96.73072,5602839.95479,Safely managed service
DNK,Denmark,total,Drinking water,2020,0,0,Surface water
DNK,Denmark,rural,Drinking water,2020,0,0,Surface water
DNK,Denmark,urban,Drinking water,2020,0,0,Surface water
DNK,Denmark,total,Sanitation,2020,0,0,Unimproved
DNK,Denmark,rural,Sanitation,2020,0,0,Unimproved
DNK,Denmark,urban,Sanitation,2020,0,0,Unimproved
DNK,Denmark,total,Drinking water,2020,0,0,Unimproved
DNK,Denmark,rural,Drinking water,2020,0,0,Unimproved
DNK,Denmark,urban,Drinking water,2020,0,0,Unimproved
DOM,Dominican Republic,total,Sanitation,2020,87.17818,9457005.76459,At least basic
DOM,Dominican Republic,rural,Sanitation,2020,77.05544,1459464.06827,At least basic
DOM,Dominican Republic,urban,Sanitation,2020,89.31948,7997541.27251,At least basic
DOM,Dominican Republic,total,Drinking water,2020,96.68681,10488492.69287,At least basic
DOM,Dominican Republic,rural,Drinking water,2020,90.30447,1710406.41504,At least basic
DOM,Dominican Republic,urban,Drinking water,2020,98.03689,8778085.71062,At least basic
DOM,Dominican Republic,total,Hygiene,2020,46.90198,5087881.54863,Basic service
DOM,Dominican Republic,rural,Hygiene,2020,32.95143,624114.67506,Basic service
DOM,Dominican Republic,urban,Hygiene,2020,49.85299,4463766.80775,Basic service
DOM,Dominican Republic,total,Hygiene,2020,13.7979,1496783.45044,Limited service
DOM,Dominican Republic,rural,Hygiene,2020,12.91754,244663.90348,Limited service
DOM,Dominican Republic,urban,Hygiene,2020,13.98413,1252119.52718,Limited service
DOM,Dominican Republic,total,Sanitation,2020,9.14087,991593.10784,Limited service
DOM,Dominican Republic,rural,Sanitation,2020,14.28415,270548.16774,Limited service
DOM,Dominican Republic,urban,Sanitation,2020,8.05289,721044.92616,Limited service
DOM,Dominican Republic,total,Drinking water,2020,0.46704,50663.90439,Limited service
DOM,Dominican Republic,rural,Drinking water,2020,1.38532,26238.48665,Limited service
DOM,Dominican Republic,urban,Drinking water,2020,0.27279,24425.41699,Limited service
DOM,Dominican Republic,total,Hygiene,2020,39.30012,4263239.0172,No handwashing facility
DOM,Dominican Republic,rural,Hygiene,2020,54.13103,1025265.52733,No handwashing facility
DOM,Dominican Republic,urban,Hygiene,2020,36.16288,3237973.6418,No handwashing facility
DOM,Dominican Republic,total,Sanitation,2020,2.25239,244337.42937,Open defecation
DOM,Dominican Republic,rural,Sanitation,2020,5.92677,112255.66887,Open defecation
DOM,Dominican Republic,urban,Sanitation,2020,1.47514,132081.75676,Open defecation
DOM,Dominican Republic,total,Drinking water,2020,1.57672,171041.14181,Surface water
DOM,Dominican Republic,rural,Drinking water,2020,7.1951,136278.40475,Surface water
DOM,Dominican Republic,urban,Drinking water,2020,0.38824,34762.73396,Surface water
DOM,Dominican Republic,total,Sanitation,2020,1.42855,154968.02321,Unimproved
DOM,Dominican Republic,rural,Sanitation,2020,2.73364,51776.25802,Unimproved
DOM,Dominican Republic,urban,Sanitation,2020,1.15249,103192.00714,Unimproved
DOM,Dominican Republic,total,Drinking water,2020,1.26943,137706.41573,Unimproved
DOM,Dominican Republic,rural,Drinking water,2020,1.11512,21120.82909,Unimproved
DOM,Dominican Republic,urban,Drinking water,2020,1.30207,116585.82898,Unimproved
DZA,Algeria,total,Hygiene,2020,84.62598,37109375.86555,Basic service
DZA,Algeria,rural,Hygiene,2020,75.08318,8648345.41194,Basic service
DZA,Algeria,urban,Hygiene,2020,88.02556,28461032.17113,Basic service
DZA,Algeria,total,Sanitation,2020,68.35288,29973451.42706,Basic service
DZA,Algeria,rural,Sanitation,2020,56.90393,6554395.64346,Basic service
DZA,Algeria,urban,Sanitation,2020,72.43151,23419057.18475,Basic service
DZA,Algeria,total,Drinking water,2020,22.05587,9671730.95093,Basic service
DZA,Algeria,rural,Drinking water,2020,21.3218,2455920.52975,Basic service
DZA,Algeria,urban,Drinking water,2020,22.31738,7215810.86305,Basic service
DZA,Algeria,total,Hygiene,2020,10.60613,4650898.16293,Limited service
DZA,Algeria,rural,Hygiene,2020,16.05149,1848867.12216,Limited service
DZA,Algeria,urban,Hygiene,2020,8.66625,2802031.22627,Limited service
DZA,Algeria,total,Sanitation,2020,10.50615,4607057.46339,Limited service
DZA,Algeria,rural,Sanitation,2020,11.8184,1361284.70153,Limited service
DZA,Algeria,urban,Sanitation,2020,10.03867,3245772.96332,Limited service
DZA,Algeria,total,Drinking water,2020,4.98588,2186360.80181,Limited service
DZA,Algeria,rural,Drinking water,2020,8.79672,1013237.50851,Limited service
DZA,Algeria,urban,Drinking water,2020,3.62829,1173123.375,Limited service
DZA,Algeria,total,Hygiene,2020,4.76789,2090769.94959,No handwashing facility
DZA,Algeria,rural,Hygiene,2020,8.86533,1021140.41372,No handwashing facility
DZA,Algeria,urban,Hygiene,2020,3.3082,1069628.61424,No handwashing facility
DZA,Algeria,total,Sanitation,2020,0,0,Open defecation
DZA,Algeria,rural,Sanitation,2020,0,0,Open defecation
DZA,Algeria,urban,Sanitation,2020,0,0,Open defecation
DZA,Algeria,total,Sanitation,2020,17.61259,7723304.45889,Safely managed service
DZA,Algeria,rural,Sanitation,2020,22.55927,2598456.63157,Safely managed service
DZA,Algeria,urban,Sanitation,2020,15.85036,5124848.15406,Safely managed service
DZA,Algeria,total,Drinking water,2020,72.38146,31740024.16225,Safely managed service
DZA,Algeria,rural,Drinking water,2020,68.71573,7914920.91924,Safely managed service
DZA,Algeria,urban,Drinking water,2020,73.68735,23825104.68798,Safely managed service
DZA,Algeria,total,Drinking water,2020,0.04495,19712.15502,Surface water
DZA,Algeria,rural,Drinking water,2020,0.17114,19712.15525,Surface water
DZA,Algeria,urban,Drinking water,2020,0,0,Surface water
DZA,Algeria,total,Sanitation,2020,3.52838,1547230.65153,Unimproved
DZA,Algeria,rural,Sanitation,2020,8.7184,1004216.02345,Unimproved
DZA,Algeria,urban,Sanitation,2020,1.67946,543013.69788,Unimproved
DZA,Algeria,total,Drinking water,2020,0.53184,233215.92954,Unimproved
DZA,Algeria,rural,Drinking water,2020,0.9946,114561.88771,Unimproved
DZA,Algeria,urban,Drinking water,2020,0.36698,118653.07365,Unimproved
ECU,Ecuador,total,Hygiene,2020,87.17496,15380331.04471,Basic service
ECU,Ecuador,rural,Hygiene,2020,78.50464,4963231.62894,Basic service
ECU,Ecuador,urban,Hygiene,2020,92.01697,10417098.97532,Basic service
ECU,Ecuador,total,Sanitation,2020,49.89298,8802648.68124,Basic service
ECU,Ecuador,rural,Sanitation,2020,29.03654,1835752.26947,Basic service
ECU,Ecuador,urban,Sanitation,2020,61.54043,6966896.1515,Basic service
ECU,Ecuador,total,Drinking water,2020,28.5331,5034111.78525,Basic service
ECU,Ecuador,rural,Drinking water,2020,34.23661,2164511.78011,Basic service
ECU,Ecuador,urban,Drinking water,2020,25.34793,2869599.86601,Basic service
ECU,Ecuador,total,Hygiene,2020,9.42749,1663297.31387,Limited service
ECU,Ecuador,rural,Hygiene,2020,16.19388,1023811.92683,Limited service
ECU,Ecuador,urban,Hygiene,2020,5.64874,639485.34325,Limited service
ECU,Ecuador,total,Sanitation,2020,7.35305,1297303.77122,Limited service
ECU,Ecuador,rural,Sanitation,2020,7.56428,478230.184,Limited service
ECU,Ecuador,urban,Sanitation,2020,7.23509,819073.55059,Limited service
ECU,Ecuador,total,Drinking water,2020,0.00345,608.94369,Limited service
ECU,Ecuador,rural,Drinking water,2020,0.00963,608.94375,Limited service
ECU,Ecuador,urban,Drinking water,2020,0,0,Limited service
ECU,Ecuador,total,Hygiene,2020,3.39755,599431.63542,No handwashing facility
ECU,Ecuador,rural,Hygiene,2020,5.30148,335170.9558,No handwashing facility
ECU,Ecuador,urban,Hygiene,2020,2.33428,264260.68108,No handwashing facility
ECU,Ecuador,total,Sanitation,2020,0.90508,159683.44541,Open defecation
ECU,Ecuador,rural,Sanitation,2020,2.52575,159683.44167,Open defecation
ECU,Ecuador,urban,Sanitation,2020,0,0,Open defecation
ECU,Ecuador,total,Sanitation,2020,41.63194,7345148.24511,Safely managed service
ECU,Ecuador,rural,Sanitation,2020,60.26801,3810272.74886,Safely managed service
ECU,Ecuador,urban,Sanitation,2020,31.22448,3534875.29758,Safely managed service
ECU,Ecuador,total,Drinking water,2020,66.82666,11790268.51373,Safely managed service
ECU,Ecuador,rural,Drinking water,2020,52.81414,3339023.03948,Safely managed service
ECU,Ecuador,urban,Drinking water,2020,74.65207,8451245.13399,Safely managed service
ECU,Ecuador,total,Drinking water,2020,2.0323,358559.83587,Surface water
ECU,Ecuador,rural,Drinking water,2020,5.67143,358559.82738,Surface water
ECU,Ecuador,urban,Drinking water,2020,0,0,Surface water
ECU,Ecuador,total,Sanitation,2020,0.21695,38275.85702,Unimproved
ECU,Ecuador,rural,Sanitation,2020,0.60542,38275.85613,Unimproved
ECU,Ecuador,urban,Sanitation,2020,0,0,Unimproved
ECU,Ecuador,total,Drinking water,2020,2.60449,459510.91987,Unimproved
ECU,Ecuador,rural,Drinking water,2020,7.2682,459510.90916,Unimproved
ECU,Ecuador,urban,Drinking water,2020,0,0,Unimproved
EGY,Egypt,total,Drinking water,2020,99.44018,101761517.38858,At least basic
EGY,Egypt,rural,Drinking water,2020,99.33283,58162031.48166,At least basic
EGY,Egypt,urban,Drinking water,2020,99.58373,43599482.92253,At least basic
EGY,Egypt,total,Hygiene,2020,89.83093,91927953.50689,Basic service
EGY,Egypt,rural,Hygiene,2020,87.65689,51325454.70555,Basic service
EGY,Egypt,urban,Hygiene,2020,92.73845,40602498.84313,Basic service
EGY,Egypt,total,Sanitation,2020,30.26444,30970939.28465,Basic service
EGY,Egypt,rural,Sanitation,2020,32.78618,19197187.61601,Basic service
EGY,Egypt,urban,Sanitation,2020,26.89193,11773751.62768,Basic service
EGY,Egypt,total,Hygiene,2020,9.49936,9721113.1147,Limited service
EGY,Egypt,rural,Hygiene,2020,12.34311,7227221.29445,Limited service
EGY,Egypt,urban,Hygiene,2020,5.69619,2493891.76739,Limited service
EGY,Egypt,total,Sanitation,2020,1.61652,1654258.99356,Limited service
EGY,Egypt,rural,Sanitation,2020,2.68858,1574236.2402,Limited service
EGY,Egypt,urban,Sanitation,2020,0.18278,80022.73315,Limited service
EGY,Egypt,total,Drinking water,2020,0.23761,243155.87505,Limited service
EGY,Egypt,rural,Drinking water,2020,0.33594,196702.92658,Limited service
EGY,Egypt,urban,Drinking water,2020,0.1061,46452.9461,Limited service
EGY,Egypt,total,Hygiene,2020,0.66971,685341.3651,No handwashing facility
EGY,Egypt,rural,Hygiene,2020,0,0,No handwashing facility
EGY,Egypt,urban,Hygiene,2020,1.56536,685341.3851,No handwashing facility
EGY,Egypt,total,Sanitation,2020,0,0,Open defecation
EGY,Egypt,rural,Sanitation,2020,0,0,Open defecation
EGY,Egypt,urban,Sanitation,2020,0,0,Open defecation
EGY,Egypt,total,Sanitation,2020,67.06103,68626507.97757,Safely managed service
EGY,Egypt,rural,Sanitation,2020,62.73532,36733207.20506,Safely managed service
EGY,Egypt,urban,Sanitation,2020,72.84614,31893300.85459,Safely managed service
EGY,Egypt,total,Drinking water,2020,0,0,Surface water
EGY,Egypt,rural,Drinking water,2020,0,0,Surface water
EGY,Egypt,urban,Drinking water,2020,0,0,Surface water
EGY,Egypt,total,Sanitation,2020,1.058,1082701.7391,Unimproved
EGY,Egypt,rural,Sanitation,2020,1.78992,1048044.9399,Unimproved
EGY,Egypt,urban,Sanitation,2020,0.07916,34656.78545,Unimproved
EGY,Egypt,total,Drinking water,2020,0.32221,329736.73803,Unimproved
EGY,Egypt,rural,Drinking water,2020,0.33122,193939.94876,Unimproved
EGY,Egypt,urban,Drinking water,2020,0.31017,135796.78854,Unimproved
ESP,Spain,rural,Sanitation,2020,100,8972243,At least basic
ESP,Spain,urban,Sanitation,2020,99.88042,37737354.46086,At least basic
ESP,Spain,total,Sanitation,2020,4.23815,1981536.34614,Basic service
ESP,Spain,total,Drinking water,2020,0.33828,158161.69107,Basic service
ESP,Spain,rural,Drinking water,2020,1.3,116639.159,Basic service
ESP,Spain,urban,Drinking water,2020,0.1099,41522.531,Basic service
ESP,Spain,total,Sanitation,2020,0.08088,37812.98116,Limited service
ESP,Spain,rural,Sanitation,2020,0,0,Limited service
ESP,Spain,urban,Sanitation,2020,0.10008,37812.97928,Limited service
ESP,Spain,total,Drinking water,2020,0,0,Limited service
ESP,Spain,rural,Drinking water,2020,0,0,Limited service
ESP,Spain,urban,Drinking water,2020,0,0,Limited service
ESP,Spain,total,Sanitation,2020,0,0,Open defecation
ESP,Spain,rural,Sanitation,2020,0,0,Open defecation
ESP,Spain,urban,Sanitation,2020,0,0,Open defecation
ESP,Spain,total,Sanitation,2020,95.66522,44728061.80098,Safely managed service
ESP,Spain,total,Drinking water,2020,99.58733,46561838.64839,Safely managed service
ESP,Spain,rural,Drinking water,2020,98.7,8855603.841,Safely managed service
ESP,Spain,urban,Drinking water,2020,99.79805,37706232.83482,Safely managed service
ESP,Spain,total,Drinking water,2020,0,0,Surface water
ESP,Spain,rural,Drinking water,2020,0,0,Surface water
ESP,Spain,urban,Drinking water,2020,0,0,Surface water
ESP,Spain,total,Sanitation,2020,0.01576,7368.87126,Unimproved
ESP,Spain,rural,Sanitation,2020,0,0,Unimproved
ESP,Spain,urban,Sanitation,2020,0.01951,7369.84749,Unimproved
ESP,Spain,total,Drinking water,2020,0.07439,34779.66101,Unimproved
ESP,Spain,rural,Drinking water,2020,0,0,Unimproved
ESP,Spain,urban,Drinking water,2020,0.09205,34780.63606,Unimproved
EST,Estonia,rural,Sanitation,2020,99.38009,405658.89879,At least basic
EST,Estonia,urban,Sanitation,2020,99.03584,909495.28619,At least basic
EST,Estonia,urban,Drinking water,2020,99.98545,918216.07692,At least basic
EST,Estonia,total,Sanitation,2020,6.08104,80667.37581,Basic service
EST,Estonia,total,Drinking water,2020,3.82972,50802.66879,Basic service
EST,Estonia,total,Sanitation,2020,0.69949,9278.9825,Limited service
EST,Estonia,rural,Sanitation,2020,0.61991,2530.41336,Limited service
EST,Estonia,urban,Sanitation,2020,0.73486,6748.56894,Limited service
EST,Estonia,total,Drinking water,2020,0,0,Limited service
EST,Estonia,urban,Drinking water,2020,0,0,Limited service
EST,Estonia,total,Sanitation,2020,0,0,Open defecation
EST,Estonia,rural,Sanitation,2020,0,0,Open defecation
EST,Estonia,urban,Sanitation,2020,0,0,Open defecation
EST,Estonia,total,Sanitation,2020,93.06073,1234486.8587,Safely managed service
EST,Estonia,total,Drinking water,2020,95.76107,1270307.89195,Safely managed service
EST,Estonia,total,Drinking water,2020,0,0,Surface water
EST,Estonia,urban,Drinking water,2020,0,0,Surface water
EST,Estonia,total,Sanitation,2020,0.15874,2105.78306,Unimproved
EST,Estonia,rural,Sanitation,2020,0,0,Unimproved
EST,Estonia,urban,Sanitation,2020,0.2293,2105.81352,Unimproved
EST,Estonia,total,Drinking water,2020,0.40922,5428.43932,Unimproved
EST,Estonia,urban,Drinking water,2020,0.01455,133.58124,Unimproved
ETH,Ethiopia,total,Hygiene,2020,8.17269,9395619.47383,Basic service
ETH,Ethiopia,rural,Hygiene,2020,4.82514,4343701.76878,Basic service
ETH,Ethiopia,urban,Hygiene,2020,20.25519,5051917.82857,Basic service
ETH,Ethiopia,total,Sanitation,2020,2.231,2564840.9884,Basic service
ETH,Ethiopia,rural,Sanitation,2020,1.33347,1200415.54558,Basic service
ETH,Ethiopia,urban,Sanitation,2020,5.47054,1364425.47651,Basic service
ETH,Ethiopia,total,Drinking water,2020,37.03815,42580388.7685,Basic service
ETH,Ethiopia,rural,Drinking water,2020,34.78459,31313868.20801,Basic service
ETH,Ethiopia,urban,Drinking water,2020,45.17206,11266520.63405,Basic service
ETH,Ethiopia,total,Hygiene,2020,53.69855,61733773.53183,Limited service
ETH,Ethiopia,rural,Hygiene,2020,52.08934,46891986.88916,Limited service
ETH,Ethiopia,urban,Hygiene,2020,59.50675,14841786.67639,Limited service
ETH,Ethiopia,total,Sanitation,2020,8.82612,10146824.80905,Limited service
ETH,Ethiopia,rural,Sanitation,2020,2.64449,2380626.21335,Limited service
ETH,Ethiopia,urban,Sanitation,2020,31.13784,7766198.82659,Limited service
ETH,Ethiopia,total,Drinking water,2020,26.74072,30742089.68554,Limited service
ETH,Ethiopia,rural,Drinking water,2020,30.18668,27174726.10944,Limited service
ETH,Ethiopia,urban,Drinking water,2020,14.30301,3567363.43047,Limited service
ETH,Ethiopia,total,Hygiene,2020,38.12876,43834190.51379,No handwashing facility
ETH,Ethiopia,rural,Hygiene,2020,43.08552,38786544.86434,No handwashing facility
ETH,Ethiopia,urban,Hygiene,2020,20.23806,5047645.37781,No handwashing facility
ETH,Ethiopia,total,Sanitation,2020,16.99518,19538263.60915,Open defecation
ETH,Ethiopia,rural,Sanitation,2020,20.9279,18839762.78075,Open defecation
ETH,Ethiopia,urban,Sanitation,2020,2.80057,698500.67029,Open defecation
ETH,Ethiopia,total,Sanitation,2020,6.67927,7678733.86199,Safely managed service
ETH,Ethiopia,rural,Sanitation,2020,4.12008,3708984.42301,Safely managed service
ETH,Ethiopia,urban,Sanitation,2020,15.91634,3969749.53285,Safely managed service
ETH,Ethiopia,total,Drinking water,2020,12.57742,14459451.87553,Safely managed service
ETH,Ethiopia,rural,Drinking water,2020,5.24554,4722156.56263,Safely managed service
ETH,Ethiopia,urban,Drinking water,2020,39.04077,9737295.58223,Safely managed service
ETH,Ethiopia,total,Drinking water,2020,5.00865,5758120.65983,Surface water
ETH,Ethiopia,rural,Drinking water,2020,6.28756,5660205.63397,Surface water
ETH,Ethiopia,urban,Drinking water,2020,0.39258,97914.9753,Surface water
ETH,Ethiopia,total,Sanitation,2020,65.26843,75034920.72681,Unimproved
ETH,Ethiopia,rural,Sanitation,2020,70.97407,63892443.03551,Unimproved
ETH,Ethiopia,urban,Sanitation,2020,44.67471,11142475.49327,Unimproved
ETH,Ethiopia,total,Drinking water,2020,18.63506,21423533.006,Unimproved
ETH,Ethiopia,rural,Drinking water,2020,23.49561,21151275.48774,Unimproved
ETH,Ethiopia,urban,Drinking water,2020,1.09158,272255.3757,Unimproved
FIN,Finland,rural,Sanitation,2020,99.45334,798075.37945,At least basic
FIN,Finland,urban,Sanitation,2020,99.44701,4712053.73951,At least basic
FIN,Finland,rural,Drinking water,2020,100,802462.13,At least basic
FIN,Finland,urban,Drinking water,2020,100,4738256,At least basic
FIN,Finland,total,Sanitation,2020,15.34806,850392.94193,Basic service
FIN,Finland,total,Drinking water,2020,0.36207,20061.55326,Basic service
FIN,Finland,total,Sanitation,2020,0.552,30584.55758,Limited service
FIN,Finland,rural,Sanitation,2020,0.5461,4382.21998,Limited service
FIN,Finland,urban,Sanitation,2020,0.553,26202.33734,Limited service
FIN,Finland,total,Drinking water,2020,0,0,Limited service
FIN,Finland,rural,Drinking water,2020,0,0,Limited service
FIN,Finland,urban,Drinking water,2020,0,0,Limited service
FIN,Finland,total,Sanitation,2020,0,0,Open defecation
FIN,Finland,rural,Sanitation,2020,0,0,Open defecation
FIN,Finland,urban,Sanitation,2020,0,0,Open defecation
FIN,Finland,total,Sanitation,2020,84.09986,4659736.16078,Safely managed service
FIN,Finland,total,Drinking water,2020,99.63793,5520656.62981,Safely managed service
FIN,Finland,total,Drinking water,2020,0,0,Surface water
FIN,Finland,rural,Drinking water,2020,0,0,Surface water
FIN,Finland,urban,Drinking water,2020,0,0,Surface water
FIN,Finland,total,Sanitation,2020,0.00008,4.33977,Unimproved
FIN,Finland,rural,Sanitation,2020,0.00056,4.52288,Unimproved
FIN,Finland,urban,Sanitation,2020,0,0,Unimproved
FIN,Finland,total,Drinking water,2020,0,0,Unimproved
FIN,Finland,rural,Drinking water,2020,0,0,Unimproved
FIN,Finland,urban,Drinking water,2020,0,0,Unimproved
FJI,Fiji,total,Sanitation,2020,99.16077,888920.81094,At least basic
FJI,Fiji,rural,Sanitation,2020,99.32687,380676.85949,At least basic
FJI,Fiji,urban,Sanitation,2020,99.03674,508243.95898,At least basic
FJI,Fiji,total,Drinking water,2020,94.30106,845356.22604,At least basic
FJI,Fiji,rural,Drinking water,2020,89.08802,341435.79786,At least basic
FJI,Fiji,urban,Drinking water,2020,98.19424,503920.40131,At least basic
FJI,Fiji,total,Sanitation,2020,0.83923,7523.19321,Limited service
FJI,Fiji,rural,Sanitation,2020,0.67313,2579.8289,Limited service
FJI,Fiji,urban,Sanitation,2020,0.96327,4943.36404,Limited service
FJI,Fiji,total,Drinking water,2020,0,0,Limited service
FJI,Fiji,rural,Drinking water,2020,0,0,Limited service
FJI,Fiji,urban,Drinking water,2020,0,0,Limited service
FJI,Fiji,total,Sanitation,2020,0,0,Open defecation
FJI,Fiji,rural,Sanitation,2020,0,0,Open defecation
FJI,Fiji,urban,Sanitation,2020,0,0,Open defecation
FJI,Fiji,total,Drinking water,2020,2.38033,21338.34339,Surface water
FJI,Fiji,rural,Drinking water,2020,5.15208,19745.68366,Surface water
FJI,Fiji,urban,Drinking water,2020,0.31035,1592.65933,Surface water
FJI,Fiji,total,Sanitation,2020,0,0,Unimproved
FJI,Fiji,rural,Sanitation,2020,0,0,Unimproved
FJI,Fiji,urban,Sanitation,2020,0,0,Unimproved
FJI,Fiji,total,Drinking water,2020,3.3186,29749.41538,Unimproved
FJI,Fiji,rural,Drinking water,2020,5.7599,22075.19418,Unimproved
FJI,Fiji,urban,Drinking water,2020,1.49541,7674.25099,Unimproved
FLK,Falkland Islands (Malvinas),total,Sanitation,2020,100,3483,At least basic
FLK,Falkland Islands (Malvinas),rural,Sanitation,2020,100,748.56628,At least basic
FLK,Falkland Islands (Malvinas),urban,Sanitation,2020,100,2734.4336,At least basic
FLK,Falkland Islands (Malvinas),total,Drinking water,2020,95.30893,3319.61001,At least basic
FLK,Falkland Islands (Malvinas),rural,Drinking water,2020,78.17294,585.17629,At least basic
FLK,Falkland Islands (Malvinas),urban,Drinking water,2020,100,2734.4336,At least basic
FLK,Falkland Islands (Malvinas),total,Sanitation,2020,0,0,Limited service
FLK,Falkland Islands (Malvinas),rural,Sanitation,2020,0,0,Limited service
FLK,Falkland Islands (Malvinas),urban,Sanitation,2020,0,0,Limited service
FLK,Falkland Islands (Malvinas),total,Drinking water,2020,0,0,Limited service
FLK,Falkland Islands (Malvinas),rural,Drinking water,2020,0,0,Limited service
FLK,Falkland Islands (Malvinas),urban,Drinking water,2020,0,0,Limited service
FLK,Falkland Islands (Malvinas),total,Sanitation,2020,0,0,Open defecation
FLK,Falkland Islands (Malvinas),rural,Sanitation,2020,0,0,Open defecation
FLK,Falkland Islands (Malvinas),urban,Sanitation,2020,0,0,Open defecation
FLK,Falkland Islands (Malvinas),total,Drinking water,2020,0,0,Surface water
FLK,Falkland Islands (Malvinas),rural,Drinking water,2020,0,0,Surface water
FLK,Falkland Islands (Malvinas),urban,Drinking water,2020,0,0,Surface water
FLK,Falkland Islands (Malvinas),total,Sanitation,2020,0,0.00006,Unimproved
FLK,Falkland Islands (Malvinas),rural,Sanitation,2020,0,0,Unimproved
FLK,Falkland Islands (Malvinas),urban,Sanitation,2020,0,0,Unimproved
FLK,Falkland Islands (Malvinas),total,Drinking water,2020,4.69107,163.39006,Unimproved
FLK,Falkland Islands (Malvinas),rural,Drinking water,2020,21.82706,163.38999,Unimproved
FLK,Falkland Islands (Malvinas),urban,Drinking water,2020,0,0,Unimproved
FRA,France,rural,Sanitation,2020,98.89224,12280719.51893,At least basic
FRA,France,urban,Sanitation,2020,98.59013,52110039.93678,At least basic
FRA,France,rural,Drinking water,2020,100,12418284,At least basic
FRA,France,total,Sanitation,2020,20.05913,13093298.67986,Basic service
FRA,France,total,Drinking water,2020,0.75117,490316.38407,Basic service
FRA,France,urban,Drinking water,2020,0.35658,188469.36277,Basic service
FRA,France,total,Sanitation,2020,1.35239,882753.57686,Limited service
FRA,France,rural,Sanitation,2020,1.10775,137564.07251,Limited service
FRA,France,urban,Sanitation,2020,1.40987,745189.51885,Limited service
FRA,France,total,Drinking water,2020,0,0,Limited service
FRA,France,rural,Drinking water,2020,0,0,Limited service
FRA,France,urban,Drinking water,2020,0,0,Limited service
FRA,France,total,Sanitation,2020,0,0,Open defecation
FRA,France,rural,Sanitation,2020,0,0,Open defecation
FRA,France,urban,Sanitation,2020,0,0,Open defecation
FRA,France,total,Sanitation,2020,78.58848,51297458.76939,Safely managed service
FRA,France,total,Drinking water,2020,99.24883,64783194.6427,Safely managed service
FRA,France,urban,Drinking water,2020,99.64342,52666758.63565,Safely managed service
FRA,France,total,Drinking water,2020,0,0,Surface water
FRA,France,rural,Drinking water,2020,0,0,Surface water
FRA,France,urban,Drinking water,2020,0,0,Surface water
FRA,France,total,Sanitation,2020,0,0.9791,Unimproved
FRA,France,rural,Sanitation,2020,0,0,Unimproved
FRA,France,urban,Sanitation,2020,0,0,Unimproved
FRA,France,total,Drinking water,2020,0,0.9791,Unimproved
FRA,France,rural,Drinking water,2020,0,0,Unimproved
FRA,France,urban,Drinking water,2020,0,0,Unimproved
FRO,Faroe Islands,total,Drinking water,2020,100,48865,At least basic
FRO,Faroe Islands,total,Drinking water,2020,0,0,Limited service
FRO,Faroe Islands,total,Drinking water,2020,0,0,Surface water
FRO,Faroe Islands,total,Drinking water,2020,0,0,Unimproved
GAB,Gabon,total,Sanitation,2020,49.82417,1108950.39874,At least basic
GAB,Gabon,rural,Sanitation,2020,39.72639,87606.69046,At least basic
GAB,Gabon,urban,Sanitation,2020,50.93468,1021343.72478,At least basic
GAB,Gabon,total,Drinking water,2020,85.34193,1899479.32523,At least basic
GAB,Gabon,rural,Drinking water,2020,44.74589,98675.954,At least basic
GAB,Gabon,urban,Drinking water,2020,89.80654,1800803.28354,At least basic
GAB,Gabon,total,Sanitation,2020,28.89406,643103.10341,Limited service
GAB,Gabon,rural,Sanitation,2020,15.35993,33872.52575,Limited service
GAB,Gabon,urban,Sanitation,2020,30.38249,609230.56064,Limited service
GAB,Gabon,total,Drinking water,2020,7.73526,172165.91676,Limited service
GAB,Gabon,rural,Drinking water,2020,10.51115,23179.7304,Limited service
GAB,Gabon,urban,Drinking water,2020,7.42998,148986.18224,Limited service
GAB,Gabon,total,Sanitation,2020,2.00731,44677.31429,Open defecation
GAB,Gabon,rural,Sanitation,2020,4.8429,10679.81135,Open defecation
GAB,Gabon,urban,Sanitation,2020,1.69546,33997.50201,Open defecation
GAB,Gabon,total,Sanitation,2020,19.27446,428997.15167,Unimproved
GAB,Gabon,rural,Sanitation,2020,40.07078,88366.16492,Unimproved
GAB,Gabon,urban,Sanitation,2020,16.98736,340631.02318,Unimproved
GAB,Gabon,total,Drinking water,2020,6.92281,154082.88399,Unimproved
GAB,Gabon,rural,Drinking water,2020,44.74296,98669.50284,Unimproved
GAB,Gabon,urban,Drinking water,2020,2.76348,55413.37978,Unimproved
GBR,United Kingdom of Great Britain and Northern Ireland,rural,Drinking water,2020,100,10927609,At least basic
GBR,United Kingdom of Great Britain and Northern Ireland,urban,Drinking water,2020,100,56958400,At least basic
GBR,United Kingdom of Great Britain and Northern Ireland,total,Sanitation,2020,1.0119,686941.07358,Basic service
GBR,United Kingdom of Great Britain and Northern Ireland,rural,Sanitation,2020,5.8985,644565.08724,Basic service
GBR,United Kingdom of Great Britain and Northern Ireland,urban,Sanitation,2020,0.0744,42376.0215,Basic service
GBR,United Kingdom of Great Britain and Northern Ireland,total,Drinking water,2020,0.17752,120512.24747,Basic service
GBR,United Kingdom of Great Britain and Northern Ireland,total,Sanitation,2020,0.72048,489103.10305,Limited service
GBR,United Kingdom of Great Britain and Northern Ireland,rural,Sanitation,2020,0.30023,32807.4881,Limited service
GBR,United Kingdom of Great Britain and Northern Ireland,urban,Sanitation,2020,0.8011,456295.62772,Limited service
GBR,United Kingdom of Great Britain and Northern Ireland,total,Drinking water,2020,0,0,Limited service
GBR,United Kingdom of Great Britain and Northern Ireland,rural,Drinking water,2020,0,0,Limited service
GBR,United Kingdom of Great Britain and Northern Ireland,urban,Drinking water,2020,0,0,Limited service
GBR,United Kingdom of Great Britain and Northern Ireland,total,Sanitation,2020,0,0,Open defecation
GBR,United Kingdom of Great Britain and Northern Ireland,rural,Sanitation,2020,0,0,Open defecation
GBR,United Kingdom of Great Britain and Northern Ireland,urban,Sanitation,2020,0,0,Open defecation
GBR,United Kingdom of Great Britain and Northern Ireland,total,Sanitation,2020,98.09506,66592818.33088,Safely managed service
GBR,United Kingdom of Great Britain and Northern Ireland,rural,Sanitation,2020,93.57627,10225649.30452,Safely managed service
GBR,United Kingdom of Great Britain and Northern Ireland,urban,Sanitation,2020,98.962,56367170.95362,Safely managed service
GBR,United Kingdom of Great Britain and Northern Ireland,total,Drinking water,2020,99.82248,67765494.77633,Safely managed service
GBR,United Kingdom of Great Britain and Northern Ireland,total,Drinking water,2020,0,0,Surface water
GBR,United Kingdom of Great Britain and Northern Ireland,rural,Drinking water,2020,0,0,Surface water
GBR,United Kingdom of Great Britain and Northern Ireland,urban,Drinking water,2020,0,0,Surface water
GBR,United Kingdom of Great Britain and Northern Ireland,total,Sanitation,2020,0.17256,117145.49318,Unimproved
GBR,United Kingdom of Great Britain and Northern Ireland,rural,Sanitation,2020,0.225,24587.12025,Unimproved
GBR,United Kingdom of Great Britain and Northern Ireland,urban,Sanitation,2020,0.1625,92557.4,Unimproved
GBR,United Kingdom of Great Britain and Northern Ireland,total,Drinking water,2020,0,0.97756,Unimproved
GBR,United Kingdom of Great Britain and Northern Ireland,rural,Drinking water,2020,0,0,Unimproved
GBR,United Kingdom of Great Britain and Northern Ireland,urban,Drinking water,2020,0,0,Unimproved
GEO,Georgia,total,Hygiene,2020,91.69696,3657952.15222,Basic service
GEO,Georgia,rural,Hygiene,2020,87.44337,1414388.57214,Basic service
GEO,Georgia,urban,Hygiene,2020,94.59791,2243563.87921,Basic service
GEO,Georgia,total,Sanitation,2020,51.348,2048361.66796,Basic service
GEO,Georgia,rural,Sanitation,2020,27.98077,452586.47838,Basic service
GEO,Georgia,urban,Sanitation,2020,67.28448,1595775.37663,Basic service
GEO,Georgia,total,Drinking water,2020,30.99324,1236374.47326,Basic service
GEO,Georgia,rural,Drinking water,2020,53.95444,872708.14,Basic service
GEO,Georgia,urban,Drinking water,2020,15.33368,363666.41144,Basic service
GEO,Georgia,total,Hygiene,2020,6.87203,274137.36012,Limited service
GEO,Georgia,rural,Hygiene,2020,10.98139,177622.95483,Limited service
GEO,Georgia,urban,Hygiene,2020,4.06945,96514.42352,Limited service
GEO,Georgia,total,Sanitation,2020,0.96683,38568.70912,Limited service
GEO,Georgia,rural,Sanitation,2020,0.26456,4279.26243,Limited service
GEO,Georgia,urban,Sanitation,2020,1.44578,34289.45047,Limited service
GEO,Georgia,total,Drinking water,2020,0,0,Limited service
GEO,Georgia,rural,Drinking water,2020,0,0,Limited service
GEO,Georgia,urban,Drinking water,2020,0,0,Limited service
GEO,Georgia,total,Hygiene,2020,1.43101,57085.48874,No handwashing facility
GEO,Georgia,rural,Hygiene,2020,1.57524,25479.37355,No handwashing facility
GEO,Georgia,urban,Hygiene,2020,1.33264,31605.99793,No handwashing facility
GEO,Georgia,total,Sanitation,2020,0.0067,267.26703,Open defecation
GEO,Georgia,rural,Sanitation,2020,0,0,Open defecation
GEO,Georgia,urban,Sanitation,2020,0.01127,267.26707,Open defecation
GEO,Georgia,total,Sanitation,2020,34.41873,1373023.26078,Safely managed service
GEO,Georgia,rural,Sanitation,2020,44.48195,719491.56844,Safely managed service
GEO,Georgia,urban,Sanitation,2020,27.5556,653531.79391,Safely managed service
GEO,Georgia,total,Drinking water,2020,66.3549,2647013.17861,Safely managed service
GEO,Georgia,rural,Drinking water,2020,40.31745,652131.00819,Safely managed service
GEO,Georgia,urban,Drinking water,2020,84.11248,1994882.4085,Safely managed service
GEO,Georgia,total,Drinking water,2020,0.0191,761.88946,Surface water
GEO,Georgia,rural,Drinking water,2020,0.02419,391.30636,Surface water
GEO,Georgia,urban,Drinking water,2020,0.01563,370.58317,Surface water
GEO,Georgia,total,Sanitation,2020,13.25974,528954.09512,Unimproved
GEO,Georgia,rural,Sanitation,2020,27.27271,441133.59079,Unimproved
GEO,Georgia,urban,Sanitation,2020,3.70287,87820.41191,Unimproved
GEO,Georgia,total,Drinking water,2020,2.63276,105025.45874,Unimproved
GEO,Georgia,rural,Drinking water,2020,5.70392,92260.44546,Unimproved
GEO,Georgia,urban,Drinking water,2020,0.53822,12764.89684,Unimproved
GHA,Ghana,total,Hygiene,2020,41.54222,12908391.89853,Basic service
GHA,Ghana,rural,Hygiene,2020,34.8757,4622048.94534,Basic service
GHA,Ghana,urban,Hygiene,2020,46.50018,8286342.96518,Basic service
GHA,Ghana,total,Sanitation,2020,10.37767,3224648.89203,Basic service
GHA,Ghana,rural,Sanitation,2020,2.43793,323096.70117,Basic service
GHA,Ghana,urban,Sanitation,2020,16.28254,2901552.21327,Basic service
GHA,Ghana,total,Drinking water,2020,44.38055,13790343.38828,Basic service
GHA,Ghana,rural,Drinking water,2020,55.81429,7397023.44234,Basic service
GHA,Ghana,urban,Drinking water,2020,35.87717,6393319.90001,Basic service
GHA,Ghana,total,Hygiene,2020,36.56991,11363348.97383,Limited service
GHA,Ghana,rural,Hygiene,2020,39.74624,5267537.16213,Limited service
GHA,Ghana,urban,Hygiene,2020,34.20765,6095811.79445,Limited service
GHA,Ghana,total,Sanitation,2020,47.4416,14741503.52325,Limited service
GHA,Ghana,rural,Sanitation,2020,35.39446,4690799.99314,Limited service
GHA,Ghana,urban,Sanitation,2020,56.40118,10050703.55746,Limited service
GHA,Ghana,total,Drinking water,2020,6.58606,2046483.5239,Limited service
GHA,Ghana,rural,Drinking water,2020,11.93455,1581676.25393,Limited service
GHA,Ghana,urban,Drinking water,2020,2.60834,464807.25148,Limited service
GHA,Ghana,total,Hygiene,2020,21.88787,6801205.08414,No handwashing facility
GHA,Ghana,rural,Hygiene,2020,25.37807,3363334.92036,No handwashing facility
GHA,Ghana,urban,Hygiene,2020,19.29217,3437869.24749,No handwashing facility
GHA,Ghana,total,Sanitation,2020,17.77812,5524185.33844,Open defecation
GHA,Ghana,rural,Sanitation,2020,31.61358,4189722.29629,Open defecation
GHA,Ghana,urban,Sanitation,2020,7.48856,1334462.99413,Open defecation
GHA,Ghana,total,Sanitation,2020,13.3248,4140408.21312,Safely managed service
GHA,Ghana,rural,Sanitation,2020,14.98328,1985722.3504,Safely managed service
GHA,Ghana,urban,Sanitation,2020,12.09137,2154685.85565,Safely managed service
GHA,Ghana,total,Drinking water,2020,41.41045,12867446.67364,Safely managed service
GHA,Ghana,rural,Drinking water,2020,16.07846,2130865.92651,Safely managed service
GHA,Ghana,urban,Drinking water,2020,60.25009,10736580.81878,Safely managed service
GHA,Ghana,total,Drinking water,2020,4.81073,1494833.99948,Surface water
GHA,Ghana,rural,Drinking water,2020,11.17335,1480794.61109,Surface water
GHA,Ghana,urban,Drinking water,2020,0.07878,14039.36656,Surface water
GHA,Ghana,total,Sanitation,2020,11.0778,3442200.03005,Unimproved
GHA,Ghana,rural,Sanitation,2020,15.57075,2063579.65913,Unimproved
GHA,Ghana,urban,Sanitation,2020,7.73635,1378619.37897,Unimproved
GHA,Ghana,total,Drinking water,2020,2.81222,873838.41377,Unimproved
GHA,Ghana,rural,Drinking water,2020,4.99936,662560.7652,Unimproved
GHA,Ghana,urban,Drinking water,2020,1.18561,211276.66424,Unimproved
GIB,Gibraltar,total,Sanitation,2020,100,33691,At least basic
GIB,Gibraltar,urban,Sanitation,2020,100,33691,At least basic
GIB,Gibraltar,total,Drinking water,2020,0,0,Basic service
GIB,Gibraltar,urban,Drinking water,2020,0,0,Basic service
GIB,Gibraltar,total,Sanitation,2020,0,0,Limited service
GIB,Gibraltar,urban,Sanitation,2020,0,0,Limited service
GIB,Gibraltar,total,Drinking water,2020,0,0,Limited service
GIB,Gibraltar,urban,Drinking water,2020,0,0,Limited service
GIB,Gibraltar,total,Sanitation,2020,0,0,Open defecation
GIB,Gibraltar,urban,Sanitation,2020,0,0,Open defecation
GIB,Gibraltar,total,Drinking water,2020,100,33691,Safely managed service
GIB,Gibraltar,urban,Drinking water,2020,100,33691,Safely managed service
GIB,Gibraltar,total,Drinking water,2020,0,0,Surface water
GIB,Gibraltar,urban,Drinking water,2020,0,0,Surface water
GIB,Gibraltar,total,Sanitation,2020,0,0,Unimproved
GIB,Gibraltar,urban,Sanitation,2020,0,0,Unimproved
GIB,Gibraltar,total,Drinking water,2020,0,0,Unimproved
GIB,Gibraltar,urban,Drinking water,2020,0,0,Unimproved
GIN,Guinea,total,Sanitation,2020,29.77614,3910438.55941,At least basic
GIN,Guinea,rural,Sanitation,2020,20.5476,1703411.59163,At least basic
GIN,Guinea,urban,Sanitation,2020,45.57415,2207026.92902,At least basic
GIN,Guinea,total,Drinking water,2020,63.96179,8399968.60116,At least basic
GIN,Guinea,rural,Drinking water,2020,50.74818,4207062.21547,At least basic
GIN,Guinea,urban,Drinking water,2020,86.58169,4192906.12027,At least basic
GIN,Guinea,total,Hygiene,2020,20.47696,2689196.46097,Basic service
GIN,Guinea,rural,Hygiene,2020,13.07701,1084093.64329,Basic service
GIN,Guinea,urban,Hygiene,2020,33.14467,1605102.69653,Basic service
GIN,Guinea,total,Hygiene,2020,51.1603,6718775.16833,Limited service
GIN,Guinea,rural,Hygiene,2020,56.53734,4686987.97937,Limited service
GIN,Guinea,urban,Hygiene,2020,41.95552,2031786.95468,Limited service
GIN,Guinea,total,Sanitation,2020,28.19232,3702438.74295,Limited service
GIN,Guinea,rural,Sanitation,2020,18.18782,1507784.24384,Limited service
GIN,Guinea,urban,Sanitation,2020,45.31866,2194654.33189,Limited service
GIN,Guinea,total,Drinking water,2020,21.28159,2794867.14598,Limited service
GIN,Guinea,rural,Drinking water,2020,26.14433,2167384.51882,Limited service
GIN,Guinea,urban,Drinking water,2020,12.95724,627482.5383,Limited service
GIN,Guinea,total,Hygiene,2020,28.36275,3724820.34443,No handwashing facility
GIN,Guinea,rural,Hygiene,2020,30.38565,2518993.38481,No handwashing facility
GIN,Guinea,urban,Hygiene,2020,24.89981,1205827.3701,No handwashing facility
GIN,Guinea,total,Sanitation,2020,11.8083,1550759.12184,Open defecation
GIN,Guinea,rural,Sanitation,2020,18.12628,1502682.32194,Open defecation
GIN,Guinea,urban,Sanitation,2020,0.99276,48076.76097,Open defecation
GIN,Guinea,total,Drinking water,2020,8.4605,1111099.91365,Surface water
GIN,Guinea,rural,Drinking water,2020,13.40277,1111099.88653,Surface water
GIN,Guinea,urban,Drinking water,2020,0,0,Surface water
GIN,Guinea,total,Sanitation,2020,30.22324,3969155.55217,Unimproved
GIN,Guinea,rural,Sanitation,2020,43.13829,3576196.86332,Unimproved
GIN,Guinea,urban,Sanitation,2020,8.11443,392959.06731,Unimproved
GIN,Guinea,total,Drinking water,2020,6.29612,826856.26566,Unimproved
GIN,Guinea,rural,Drinking water,2020,9.70472,804528.49549,Unimproved
GIN,Guinea,urban,Drinking water,2020,0.46107,22328.23769,Unimproved
GLP,Guadeloupe,total,Sanitation,2020,99.69427,398903.71133,At least basic
GLP,Guadeloupe,total,Drinking water,2020,2.21622,8867.67581,Basic service
GLP,Guadeloupe,total,Sanitation,2020,0,0,Limited service
GLP,Guadeloupe,total,Drinking water,2020,0,0,Limited service
GLP,Guadeloupe,total,Sanitation,2020,0,0,Open defecation
GLP,Guadeloupe,total,Drinking water,2020,97.58691,390471.57834,Safely managed service
GLP,Guadeloupe,total,Drinking water,2020,0,0,Surface water
GLP,Guadeloupe,total,Sanitation,2020,0.30573,1223.29242,Unimproved
GLP,Guadeloupe,total,Drinking water,2020,0.19687,787.74587,Unimproved
GMB,Gambia,total,Hygiene,2020,17.83862,431099.62533,Basic service
GMB,Gambia,rural,Hygiene,2020,18.19928,164570.1698,Basic service
GMB,Gambia,urban,Hygiene,2020,17.62299,266529.46286,Basic service
GMB,Gambia,total,Sanitation,2020,17.90406,432681.0859,Basic service
GMB,Gambia,rural,Sanitation,2020,1.32511,11982.55912,Basic service
GMB,Gambia,urban,Sanitation,2020,27.81668,420698.53601,Basic service
GMB,Gambia,total,Drinking water,2020,36.22514,875439.86948,Basic service
GMB,Gambia,rural,Drinking water,2020,61.57197,556775.21045,Basic service
GMB,Gambia,urban,Drinking water,2020,21.07018,318664.67111,Basic service
GMB,Gambia,total,Hygiene,2020,74.18427,1792784.50084,Limited service
GMB,Gambia,rural,Hygiene,2020,76.08936,688051.23455,Limited service
GMB,Gambia,urban,Hygiene,2020,73.04521,1104733.29655,Limited service
GMB,Gambia,total,Sanitation,2020,13.14546,317681.55499,Limited service
GMB,Gambia,rural,Sanitation,2020,8.04186,72719.94524,Limited service
GMB,Gambia,urban,Sanitation,2020,16.19692,244961.61566,Limited service
GMB,Gambia,total,Drinking water,2020,8.59739,207770.06269,Limited service
GMB,Gambia,rural,Drinking water,2020,16.49783,149184.51671,Limited service
GMB,Gambia,urban,Drinking water,2020,3.87369,58585.54863,Limited service
GMB,Gambia,total,Hygiene,2020,7.97711,192779.87427,No handwashing facility
GMB,Gambia,rural,Hygiene,2020,5.71136,51645.97385,No handwashing facility
GMB,Gambia,urban,Hygiene,2020,9.3318,141133.8473,No handwashing facility
GMB,Gambia,total,Sanitation,2020,0.10026,2422.86883,Open defecation
GMB,Gambia,rural,Sanitation,2020,0.23075,2086.63367,Open defecation
GMB,Gambia,urban,Sanitation,2020,0.02223,336.2352,Open defecation
GMB,Gambia,total,Sanitation,2020,28.96716,700038.91256,Safely managed service
GMB,Gambia,rural,Sanitation,2020,24.19427,218780.92273,Safely managed service
GMB,Gambia,urban,Sanitation,2020,31.82089,481258.00234,Safely managed service
GMB,Gambia,total,Drinking water,2020,44.71527,1080617.81133,Safely managed service
GMB,Gambia,rural,Drinking water,2020,7.61656,68874.03562,Safely managed service
GMB,Gambia,urban,Drinking water,2020,66.89673,1011743.79834,Safely managed service
GMB,Gambia,total,Drinking water,2020,0.10935,2642.60741,Surface water
GMB,Gambia,rural,Drinking water,2020,0.06988,631.89243,Surface water
GMB,Gambia,urban,Drinking water,2020,0.13295,2010.71502,Surface water
GMB,Gambia,total,Sanitation,2020,39.88306,963839.57777,Unimproved
GMB,Gambia,rural,Sanitation,2020,66.208,598697.31928,Unimproved
GMB,Gambia,urban,Sanitation,2020,24.14328,365142.21088,Unimproved
GMB,Gambia,total,Drinking water,2020,10.35285,250193.64895,Unimproved
GMB,Gambia,rural,Drinking water,2020,14.24377,128801.72483,Unimproved
GMB,Gambia,urban,Drinking water,2020,8.02646,121391.86697,Unimproved
GNB,Guinea-Bissau,total,Hygiene,2020,18.11498,356502.54073,Basic service
GNB,Guinea-Bissau,rural,Hygiene,2020,14.43098,158484.17701,Basic service
GNB,Guinea-Bissau,urban,Hygiene,2020,22.76658,198018.38104,Basic service
GNB,Guinea-Bissau,total,Sanitation,2020,6.06173,119294.74723,Basic service
GNB,Guinea-Bissau,rural,Sanitation,2020,0.99615,10939.90196,Basic service
GNB,Guinea-Bissau,urban,Sanitation,2020,12.45778,108354.85,Basic service
GNB,Guinea-Bissau,total,Drinking water,2020,34.69009,682700.21856,Basic service
GNB,Guinea-Bissau,rural,Drinking water,2020,38.65068,424470.16002,Basic service
GNB,Guinea-Bissau,urban,Drinking water,2020,29.68925,258230.09467,Basic service
GNB,Guinea-Bissau,total,Hygiene,2020,12.87879,253454.25622,Limited service
GNB,Guinea-Bissau,rural,Hygiene,2020,11.9102,130800.43414,Limited service
GNB,Guinea-Bissau,urban,Hygiene,2020,14.10177,122653.8349,Limited service
GNB,Guinea-Bissau,total,Sanitation,2020,13.59319,267513.7097,Limited service
GNB,Guinea-Bissau,rural,Sanitation,2020,2.42159,26594.39892,Limited service
GNB,Guinea-Bissau,urban,Sanitation,2020,27.69899,240919.32149,Limited service
GNB,Guinea-Bissau,total,Drinking water,2020,14.03457,276200.08387,Limited service
GNB,Guinea-Bissau,rural,Drinking water,2020,9.28577,101978.3651,Limited service
GNB,Guinea-Bissau,urban,Drinking water,2020,20.03063,174221.73166,Limited service
GNB,Guinea-Bissau,total,Hygiene,2020,69.00623,1358041.13949,No handwashing facility
GNB,Guinea-Bissau,rural,Hygiene,2020,73.65881,808936.99994,No handwashing facility
GNB,Guinea-Bissau,urban,Hygiene,2020,63.13165,549104.20936,No handwashing facility
GNB,Guinea-Bissau,total,Sanitation,2020,10.32807,203256.16381,Open defecation
GNB,Guinea-Bissau,rural,Sanitation,2020,17.99731,197650.3655,Open defecation
GNB,Guinea-Bissau,urban,Sanitation,2020,0.64451,5605.81082,Open defecation
GNB,Guinea-Bissau,total,Sanitation,2020,12.16331,239373.75028,Safely managed service
GNB,Guinea-Bissau,rural,Sanitation,2020,4.20428,46172.35154,Safely managed service
GNB,Guinea-Bissau,urban,Sanitation,2020,22.21277,193201.40882,Safely managed service
GNB,Guinea-Bissau,total,Drinking water,2020,24.32683,478751.4334,Safely managed service
GNB,Guinea-Bissau,rural,Drinking water,2020,11.18122,122794.58768,Safely managed service
GNB,Guinea-Bissau,urban,Drinking water,2020,40.9251,355956.86671,Safely managed service
GNB,Guinea-Bissau,total,Drinking water,2020,0.32214,6339.69929,Surface water
GNB,Guinea-Bissau,rural,Drinking water,2020,0.56587,6214.51079,Surface water
GNB,Guinea-Bissau,urban,Drinking water,2020,0.01439,125.1889,Surface water
GNB,Guinea-Bissau,total,Sanitation,2020,57.8537,1138559.62882,Unimproved
GNB,Guinea-Bissau,rural,Sanitation,2020,74.38067,816864.58208,Unimproved
GNB,Guinea-Bissau,urban,Sanitation,2020,36.98595,321695.04877,Unimproved
GNB,Guinea-Bissau,total,Drinking water,2020,26.62638,524006.56486,Unimproved
GNB,Guinea-Bissau,rural,Drinking water,2020,40.31645,442763.97642,Unimproved
GNB,Guinea-Bissau,urban,Drinking water,2020,9.34063,81242.55807,Unimproved
GRC,Greece,rural,Sanitation,2020,98.14471,2075090.18403,At least basic
GRC,Greece,rural,Drinking water,2020,100,2114316.8,At least basic
GRC,Greece,urban,Drinking water,2020,100,8308739.5,At least basic
GRC,Greece,total,Sanitation,2020,7.27504,758281.78976,Basic service
GRC,Greece,urban,Sanitation,2020,1.91352,158989.22109,Basic service
GRC,Greece,total,Drinking water,2020,0,0,Basic service
GRC,Greece,total,Sanitation,2020,1.00625,104882.43971,Limited service
GRC,Greece,rural,Sanitation,2020,1.85529,39226.65678,Limited service
GRC,Greece,urban,Sanitation,2020,0.7902,65655.78424,Limited service
GRC,Greece,total,Drinking water,2020,0,0,Limited service
GRC,Greece,rural,Drinking water,2020,0,0,Limited service
GRC,Greece,urban,Drinking water,2020,0,0,Limited service
GRC,Greece,total,Sanitation,2020,0,0,Open defecation
GRC,Greece,rural,Sanitation,2020,0,0,Open defecation
GRC,Greece,urban,Sanitation,2020,0,0,Open defecation
GRC,Greece,total,Sanitation,2020,91.71871,9559892.01485,Safely managed service
GRC,Greece,urban,Sanitation,2020,97.29628,8084094.49492,Safely managed service
GRC,Greece,total,Drinking water,2020,100,10423056.23973,Safely managed service
GRC,Greece,total,Drinking water,2020,0,0,Surface water
GRC,Greece,rural,Drinking water,2020,0,0,Surface water
GRC,Greece,urban,Drinking water,2020,0,0,Surface water
GRC,Greece,total,Sanitation,2020,0,0,Unimproved
GRC,Greece,rural,Sanitation,2020,0,0,Unimproved
GRC,Greece,urban,Sanitation,2020,0,0,Unimproved
GRC,Greece,total,Drinking water,2020,0,0,Unimproved
GRC,Greece,rural,Drinking water,2020,0,0,Unimproved
GRC,Greece,urban,Drinking water,2020,0,0,Unimproved
GRL,Greenland,rural,Sanitation,2020,99.59759,7191.20647,At least basic
GRL,Greenland,urban,Sanitation,2020,99.59718,49352.13529,At least basic
GRL,Greenland,rural,Drinking water,2020,100,7220.2617,At least basic
GRL,Greenland,urban,Drinking water,2020,100,49551.738,At least basic
GRL,Greenland,total,Sanitation,2020,7.70803,4376.00077,Basic service
GRL,Greenland,total,Drinking water,2020,3.2601,1850.82515,Basic service
GRL,Greenland,total,Sanitation,2020,0.40277,228.65957,Limited service
GRL,Greenland,rural,Sanitation,2020,0.40241,29.05538,Limited service
GRL,Greenland,urban,Sanitation,2020,0.40282,199.60418,Limited service
GRL,Greenland,total,Drinking water,2020,0,0,Limited service
GRL,Greenland,rural,Drinking water,2020,0,0,Limited service
GRL,Greenland,urban,Drinking water,2020,0,0,Limited service
GRL,Greenland,total,Sanitation,2020,0,0,Open defecation
GRL,Greenland,rural,Sanitation,2020,0,0,Open defecation
GRL,Greenland,urban,Sanitation,2020,0,0,Open defecation
GRL,Greenland,total,Sanitation,2020,91.88921,52167.34062,Safely managed service
GRL,Greenland,total,Drinking water,2020,96.7399,54921.1758,Safely managed service
GRL,Greenland,total,Drinking water,2020,0,0,Surface water
GRL,Greenland,rural,Drinking water,2020,0,0,Surface water
GRL,Greenland,urban,Drinking water,2020,0,0,Surface water
GRL,Greenland,total,Sanitation,2020,0,0,Unimproved
GRL,Greenland,rural,Sanitation,2020,0,0,Unimproved
GRL,Greenland,urban,Sanitation,2020,0,0,Unimproved
GRL,Greenland,total,Drinking water,2020,0,0,Unimproved
GRL,Greenland,rural,Drinking water,2020,0,0,Unimproved
GRL,Greenland,urban,Drinking water,2020,0,0,Unimproved
GTM,Guatemala,total,Sanitation,2020,67.92858,12169789.80492,At least basic
GTM,Guatemala,rural,Sanitation,2020,55.53368,4791919.60924,At least basic
GTM,Guatemala,urban,Sanitation,2020,79.44544,7377870.20869,At least basic
GTM,Guatemala,total,Drinking water,2020,38.17235,6838792.87331,Basic service
GTM,Guatemala,rural,Drinking water,2020,44.58887,3847508.20543,Basic service
GTM,Guatemala,urban,Drinking water,2020,32.21037,2991284.62742,Basic service
GTM,Guatemala,total,Sanitation,2020,10.87516,1948346.84184,Limited service
GTM,Guatemala,rural,Sanitation,2020,10.7624,928671.88495,Limited service
GTM,Guatemala,urban,Sanitation,2020,10.97993,1019674.95724,Limited service
GTM,Guatemala,total,Drinking water,2020,1.03415,185273.91734,Limited service
GTM,Guatemala,rural,Drinking water,2020,1.84917,159562.16093,Limited service
GTM,Guatemala,urban,Drinking water,2020,0.27687,25711.75137,Limited service
GTM,Guatemala,total,Sanitation,2020,2.0236,362539.32353,Open defecation
GTM,Guatemala,rural,Sanitation,2020,3.22793,278533.47857,Open defecation
GTM,Guatemala,urban,Sanitation,2020,0.90458,84005.83751,Open defecation
GTM,Guatemala,total,Drinking water,2020,55.83408,10002990.82764,Safely managed service
GTM,Guatemala,rural,Drinking water,2020,45.53046,3928756.2876,Safely managed service
GTM,Guatemala,urban,Drinking water,2020,65.4078,6074234.60432,Safely managed service
GTM,Guatemala,total,Drinking water,2020,1.74351,312359.57799,Surface water
GTM,Guatemala,rural,Drinking water,2020,3.44806,297528.15887,Surface water
GTM,Guatemala,urban,Drinking water,2020,0.15971,14831.40861,Surface water
GTM,Guatemala,total,Sanitation,2020,19.17266,3434890.0582,Unimproved
GTM,Guatemala,rural,Sanitation,2020,30.47598,2629727.89677,Unimproved
GTM,Guatemala,urban,Sanitation,2020,8.67004,805162.0923,Unimproved
GTM,Guatemala,total,Drinking water,2020,3.21591,576148.80372,Unimproved
GTM,Guatemala,rural,Drinking water,2020,4.58344,395498.18699,Unimproved
GTM,Guatemala,urban,Drinking water,2020,1.94526,180650.60836,Unimproved
GUF,French Guiana,total,Sanitation,2020,92.44514,276116.98415,At least basic
GUF,French Guiana,total,Drinking water,2020,3.21845,9612.93281,Basic service
GUF,French Guiana,total,Sanitation,2020,0,0,Limited service
GUF,French Guiana,total,Drinking water,2020,0,0,Limited service
GUF,French Guiana,total,Sanitation,2020,0,0,Open defecation
GUF,French Guiana,total,Drinking water,2020,90.56377,270497.66661,Safely managed service
GUF,French Guiana,total,Drinking water,2020,0,0,Surface water
GUF,French Guiana,total,Sanitation,2020,7.55486,22565.01352,Unimproved
GUF,French Guiana,total,Drinking water,2020,6.21778,18571.40057,Unimproved
GUM,Guam,total,Drinking water,2020,0.25649,432.91586,Basic service
GUM,Guam,total,Drinking water,2020,0,0,Limited service
GUM,Guam,total,Drinking water,2020,99.43871,167835.63356,Safely managed service
GUM,Guam,total,Drinking water,2020,0,0,Surface water
GUM,Guam,total,Drinking water,2020,0.3048,514.45058,Unimproved
GUY,Guyana,total,Sanitation,2020,85.78251,674730.04379,At least basic
GUY,Guyana,rural,Sanitation,2020,83.68678,481928.1287,At least basic
GUY,Guyana,urban,Sanitation,2020,91.51076,192801.90097,At least basic
GUY,Guyana,total,Drinking water,2020,95.55481,751594.95461,At least basic
GUY,Guyana,rural,Drinking water,2020,93.92849,540907.22404,At least basic
GUY,Guyana,urban,Drinking water,2020,100,210687.69,At least basic
GUY,Guyana,total,Sanitation,2020,10.23862,80532.75562,Limited service
GUY,Guyana,rural,Sanitation,2020,11.70128,67384.30066,Limited service
GUY,Guyana,urban,Sanitation,2020,6.24073,13148.45332,Limited service
GUY,Guyana,total,Drinking water,2020,1.20524,9479.95836,Limited service
GUY,Guyana,rural,Drinking water,2020,1.64619,9479.95816,Limited service
GUY,Guyana,urban,Drinking water,2020,0,0,Limited service
GUY,Guyana,total,Sanitation,2020,0.61014,4799.09897,Open defecation
GUY,Guyana,rural,Sanitation,2020,0.83336,4799.09887,Open defecation
GUY,Guyana,urban,Sanitation,2020,0,0,Open defecation
GUY,Guyana,total,Drinking water,2020,2.09688,16493.18968,Surface water
GUY,Guyana,rural,Drinking water,2020,2.86404,16493.18933,Surface water
GUY,Guyana,urban,Drinking water,2020,0,0,Surface water
GUY,Guyana,total,Sanitation,2020,3.36874,26497.11925,Unimproved
GUY,Guyana,rural,Sanitation,2020,3.77859,21759.801,Unimproved
GUY,Guyana,urban,Sanitation,2020,2.24851,4737.33297,Unimproved
GUY,Guyana,total,Drinking water,2020,1.14307,8990.91877,Unimproved
GUY,Guyana,rural,Drinking water,2020,1.56127,8990.93383,Unimproved
GUY,Guyana,urban,Drinking water,2020,0,0,Unimproved
HKG,"China, Hong Kong Special Administrative Region",total,Sanitation,2020,10.58227,793351.16717,Basic service
HKG,"China, Hong Kong Special Administrative Region",urban,Sanitation,2020,10.58227,793351.16717,Basic service
HKG,"China, Hong Kong Special Administrative Region",total,Drinking water,2020,0,0,Basic service
HKG,"China, Hong Kong Special Administrative Region",urban,Drinking water,2020,0,0,Basic service
HKG,"China, Hong Kong Special Administrative Region",total,Sanitation,2020,0,0,Limited service
HKG,"China, Hong Kong Special Administrative Region",urban,Sanitation,2020,0,0,Limited service
HKG,"China, Hong Kong Special Administrative Region",total,Drinking water,2020,0,0,Limited service
HKG,"China, Hong Kong Special Administrative Region",urban,Drinking water,2020,0,0,Limited service
HKG,"China, Hong Kong Special Administrative Region",total,Sanitation,2020,0,0,Open defecation
HKG,"China, Hong Kong Special Administrative Region",urban,Sanitation,2020,0,0,Open defecation
HKG,"China, Hong Kong Special Administrative Region",total,Sanitation,2020,85.92191,6441555.17636,Safely managed service
HKG,"China, Hong Kong Special Administrative Region",urban,Sanitation,2020,85.92191,6441555.17636,Safely managed service
HKG,"China, Hong Kong Special Administrative Region",total,Drinking water,2020,100,7496988,Safely managed service
HKG,"China, Hong Kong Special Administrative Region",urban,Drinking water,2020,100,7496988,Safely managed service
HKG,"China, Hong Kong Special Administrative Region",total,Drinking water,2020,0,0,Surface water
HKG,"China, Hong Kong Special Administrative Region",urban,Drinking water,2020,0,0,Surface water
HKG,"China, Hong Kong Special Administrative Region",total,Sanitation,2020,3.49583,262081.65655,Unimproved
HKG,"China, Hong Kong Special Administrative Region",urban,Sanitation,2020,3.49583,262081.65655,Unimproved
HKG,"China, Hong Kong Special Administrative Region",total,Drinking water,2020,0,0,Unimproved
HKG,"China, Hong Kong Special Administrative Region",urban,Drinking water,2020,0,0,Unimproved
HND,Honduras,total,Drinking water,2020,95.68922,9477642.55921,At least basic
HND,Honduras,urban,Drinking water,2020,99.83728,5770824.42535,At least basic
HND,Honduras,total,Sanitation,2020,34.10148,3377618.12717,Basic service
HND,Honduras,rural,Sanitation,2020,9.41141,388162.2817,Basic service
HND,Honduras,urban,Sanitation,2020,51.71863,2989455.95182,Basic service
HND,Honduras,rural,Drinking water,2020,71.16098,2934947.76658,Basic service
HND,Honduras,total,Sanitation,2020,9.2607,917236.36545,Limited service
HND,Honduras,rural,Sanitation,2020,7.82599,322773.23798,Limited service
HND,Honduras,urban,Sanitation,2020,10.28442,594463.13363,Limited service
HND,Honduras,total,Drinking water,2020,0.42562,42156.05279,Limited service
HND,Honduras,rural,Drinking water,2020,0.80671,33271.74947,Limited service
HND,Honduras,urban,Drinking water,2020,0.1537,8884.30172,Limited service
HND,Honduras,total,Sanitation,2020,4.17619,413635.69959,Open defecation
HND,Honduras,rural,Sanitation,2020,8.33958,343955.7864,Open defecation
HND,Honduras,urban,Sanitation,2020,1.20549,69679.89521,Open defecation
HND,Honduras,total,Sanitation,2020,49.6751,4920123.78796,Safely managed service
HND,Honduras,rural,Sanitation,2020,70.63554,2913276.72556,Safely managed service
HND,Honduras,urban,Sanitation,2020,34.71915,2006846.97202,Safely managed service
HND,Honduras,rural,Drinking water,2020,18.71482,771869.93697,Safely managed service
HND,Honduras,total,Drinking water,2020,0,0,Surface water
HND,Honduras,rural,Drinking water,2020,0,0,Surface water
HND,Honduras,urban,Drinking water,2020,0,0,Surface water
HND,Honduras,total,Sanitation,2020,2.78652,275994.01992,Unimproved
HND,Honduras,rural,Sanitation,2020,3.78748,156209.96824,Unimproved
HND,Honduras,urban,Sanitation,2020,2.07231,119784.04738,Unimproved
HND,Honduras,total,Drinking water,2020,3.88516,384809.69623,Unimproved
HND,Honduras,rural,Drinking water,2020,9.31749,384288.54673,Unimproved
HND,Honduras,urban,Drinking water,2020,0.00902,521.12606,Unimproved
HRV,Croatia,rural,Sanitation,2020,94.82484,1652382.74745,At least basic
HRV,Croatia,total,Sanitation,2020,28.77968,1181483.01694,Basic service
HRV,Croatia,urban,Sanitation,2020,22.25519,525824.42915,Basic service
HRV,Croatia,urban,Drinking water,2020,6.5,153575.812,Basic service
HRV,Croatia,total,Sanitation,2020,2.45932,100961.69052,Limited service
HRV,Croatia,rural,Sanitation,2020,3.59185,62590.25607,Limited service
HRV,Croatia,urban,Sanitation,2020,1.62405,38371.43519,Limited service
HRV,Croatia,urban,Drinking water,2020,0,0,Limited service
HRV,Croatia,total,Sanitation,2020,0,0,Open defecation
HRV,Croatia,rural,Sanitation,2020,0,0,Open defecation
HRV,Croatia,urban,Sanitation,2020,0,0,Open defecation
HRV,Croatia,total,Sanitation,2020,67.78555,2782778.69188,Safely managed service
HRV,Croatia,urban,Sanitation,2020,75.59364,1786054.54069,Safely managed service
HRV,Croatia,urban,Drinking water,2020,93.5,2209128.988,Safely managed service
HRV,Croatia,urban,Drinking water,2020,0,0,Surface water
HRV,Croatia,total,Sanitation,2020,0.97544,40044.60061,Unimproved
HRV,Croatia,rural,Sanitation,2020,1.5833,27590.08383,Unimproved
HRV,Croatia,urban,Sanitation,2020,0.52712,12454.39501,Unimproved
HRV,Croatia,urban,Drinking water,2020,0,0,Unimproved
HTI,Haiti,total,Sanitation,2020,37.12173,4232818.04022,At least basic
HTI,Haiti,rural,Sanitation,2020,25.44887,1245227.37821,At least basic
HTI,Haiti,urban,Sanitation,2020,45.89601,2987590.76171,At least basic
HTI,Haiti,total,Drinking water,2020,66.6953,7604954.14725,At least basic
HTI,Haiti,rural,Drinking water,2020,42.8457,2096463.63237,At least basic
HTI,Haiti,urban,Drinking water,2020,84.62262,5508490.80784,At least basic
HTI,Haiti,total,Hygiene,2020,22.37304,2551093.66135,Basic service
HTI,Haiti,rural,Hygiene,2020,15.46311,756618.23431,Basic service
HTI,Haiti,urban,Hygiene,2020,27.56712,1794475.43718,Basic service
HTI,Haiti,total,Hygiene,2020,68.82081,7847315.27693,Limited service
HTI,Haiti,rural,Hygiene,2020,70.50933,3450060.42914,Limited service
HTI,Haiti,urban,Hygiene,2020,67.55157,4397254.84558,Limited service
HTI,Haiti,total,Sanitation,2020,28.46984,3246283.2397,Limited service
HTI,Haiti,rural,Sanitation,2020,17.18286,840766.6152,Limited service
HTI,Haiti,urban,Sanitation,2020,36.95406,2405516.6421,Limited service
HTI,Haiti,total,Drinking water,2020,9.81454,1119106.57872,Limited service
HTI,Haiti,rural,Drinking water,2020,13.25599,648622.73226,Limited service
HTI,Haiti,urban,Drinking water,2020,7.22767,470483.84107,Limited service
HTI,Haiti,total,Hygiene,2020,8.80615,1004124.10083,No handwashing facility
HTI,Haiti,rural,Hygiene,2020,14.02756,686376.33067,No handwashing facility
HTI,Haiti,urban,Hygiene,2020,4.88131,317747.70656,No handwashing facility
HTI,Haiti,total,Sanitation,2020,18.13326,2067651.48455,Open defecation
HTI,Haiti,rural,Sanitation,2020,31.45529,1539124.85002,Open defecation
HTI,Haiti,urban,Sanitation,2020,8.11934,528526.61433,Open defecation
HTI,Haiti,total,Drinking water,2020,0,0,Surface water
HTI,Haiti,rural,Drinking water,2020,0,0,Surface water
HTI,Haiti,urban,Drinking water,2020,0,0,Surface water
HTI,Haiti,total,Sanitation,2020,16.27516,1855780.25947,Unimproved
HTI,Haiti,rural,Sanitation,2020,25.91298,1267936.15754,Unimproved
HTI,Haiti,urban,Sanitation,2020,9.03059,587844.08719,Unimproved
HTI,Haiti,total,Drinking water,2020,23.49015,2678471.87175,Unimproved
HTI,Haiti,rural,Drinking water,2020,43.89831,2147968.59672,Unimproved
HTI,Haiti,urban,Drinking water,2020,8.1497,530503.2433,Unimproved
HUN,Hungary,total,Sanitation,2020,10.20322,985666.47346,Basic service
HUN,Hungary,rural,Sanitation,2020,17.88399,484745.61721,Basic service
HUN,Hungary,urban,Sanitation,2020,7.20765,500920.85483,Basic service
HUN,Hungary,total,Drinking water,2020,7.41149,715975.60778,Basic service
HUN,Hungary,rural,Drinking water,2020,11,298155.088,Basic service
HUN,Hungary,urban,Drinking water,2020,6.01194,417820.52026,Basic service
HUN,Hungary,total,Sanitation,2020,2.01629,194781.05492,Limited service
HUN,Hungary,rural,Sanitation,2020,1.43014,38764.03784,Limited service
HUN,Hungary,urban,Sanitation,2020,2.2449,156017.01835,Limited service
HUN,Hungary,total,Drinking water,2020,0,0,Limited service
HUN,Hungary,rural,Drinking water,2020,0,0,Limited service
HUN,Hungary,urban,Drinking water,2020,0,0,Limited service
HUN,Hungary,total,Sanitation,2020,0,0,Open defecation
HUN,Hungary,rural,Sanitation,2020,0,0,Open defecation
HUN,Hungary,urban,Sanitation,2020,0,0,Open defecation
HUN,Hungary,total,Sanitation,2020,87.78049,8479902.2276,Safely managed service
HUN,Hungary,rural,Sanitation,2020,80.68587,2186991.14506,Safely managed service
HUN,Hungary,urban,Sanitation,2020,90.54745,6292911.12688,Safely managed service
HUN,Hungary,total,Drinking water,2020,92.58851,8944374.148,Safely managed service
HUN,Hungary,rural,Drinking water,2020,89,2412345.712,Safely managed service
HUN,Hungary,urban,Drinking water,2020,93.98806,6532028.47946,Safely managed service
HUN,Hungary,total,Drinking water,2020,0,0,Surface water
HUN,Hungary,rural,Drinking water,2020,0,0,Surface water
HUN,Hungary,urban,Drinking water,2020,0,0,Surface water
HUN,Hungary,total,Sanitation,2020,0,0.24441,Unimproved
HUN,Hungary,rural,Sanitation,2020,0,0,Unimproved
HUN,Hungary,urban,Sanitation,2020,0,0,Unimproved
HUN,Hungary,total,Drinking water,2020,0,0.24441,Unimproved
HUN,Hungary,rural,Drinking water,2020,0,0,Unimproved
HUN,Hungary,urban,Drinking water,2020,0,0,Unimproved
IDN,Indonesia,total,Sanitation,2020,86.46264,236495736.27154,At least basic
IDN,Indonesia,rural,Sanitation,2020,79.71643,94541378.17493,At least basic
IDN,Indonesia,urban,Sanitation,2020,91.6269,141954359.78993,At least basic
IDN,Indonesia,total,Drinking water,2020,92.41535,252777812.17395,At least basic
IDN,Indonesia,rural,Drinking water,2020,85.66796,101599720.94417,At least basic
IDN,Indonesia,urban,Drinking water,2020,97.58051,151178085.18261,At least basic
IDN,Indonesia,total,Hygiene,2020,94.10707,257405055.66076,Basic service
IDN,Indonesia,rural,Hygiene,2020,91.45744,108465878.52954,Basic service
IDN,Indonesia,urban,Hygiene,2020,96.13537,148939177.2125,Basic service
IDN,Indonesia,total,Hygiene,2020,5.89293,16118560.33103,Limited service
IDN,Indonesia,rural,Hygiene,2020,8.54256,10131225.46809,Limited service
IDN,Indonesia,urban,Hygiene,2020,3.86463,5987334.7937,Limited service
IDN,Indonesia,total,Sanitation,2020,6.07712,16622346.5455,Limited service
IDN,Indonesia,rural,Sanitation,2020,6.78638,8048452.31676,Limited service
IDN,Indonesia,urban,Sanitation,2020,5.53417,8573894.21131,Limited service
IDN,Indonesia,total,Drinking water,2020,0.85547,2339925.15288,Limited service
IDN,Indonesia,rural,Drinking water,2020,1.17809,1397182.08126,Limited service
IDN,Indonesia,urban,Drinking water,2020,0.60851,942743.06099,Limited service
IDN,Indonesia,total,Hygiene,2020,0,0,No handwashing facility
IDN,Indonesia,rural,Hygiene,2020,0,0,No handwashing facility
IDN,Indonesia,urban,Hygiene,2020,0,0,No handwashing facility
IDN,Indonesia,total,Sanitation,2020,6.10644,16702553.04883,Open defecation
IDN,Indonesia,rural,Sanitation,2020,11.1543,13228677.32888,Open defecation
IDN,Indonesia,urban,Sanitation,2020,2.24227,3473875.58391,Open defecation
IDN,Indonesia,total,Drinking water,2020,1.1753,3214734.23776,Surface water
IDN,Indonesia,rural,Drinking water,2020,2.53903,3011218.15123,Surface water
IDN,Indonesia,urban,Drinking water,2020,0.13136,203516.05044,Surface water
IDN,Indonesia,total,Sanitation,2020,1.3538,3702971.52087,Unimproved
IDN,Indonesia,rural,Sanitation,2020,2.34288,2778592.50885,Unimproved
IDN,Indonesia,urban,Sanitation,2020,0.59666,924378.98478,Unimproved
IDN,Indonesia,total,Drinking water,2020,5.55387,15191150.60884,Unimproved
IDN,Indonesia,rural,Drinking water,2020,10.61491,12588981.33139,Unimproved
IDN,Indonesia,urban,Drinking water,2020,1.67962,2602169.14988,Unimproved
IMN,Isle of Man,total,Drinking water,2020,1.86744,1587.91737,Basic service
IMN,Isle of Man,total,Drinking water,2020,0,0,Limited service
IMN,Isle of Man,total,Drinking water,2020,97.20756,82657.53663,Safely managed service
IMN,Isle of Man,total,Drinking water,2020,0,0,Surface water
IMN,Isle of Man,total,Drinking water,2020,0.925,786.546,Unimproved
IND,India,total,Drinking water,2020,90.48952,1248759380.89612,At least basic
IND,India,urban,Drinking water,2020,93.67004,451471140.79925,At least basic
IND,India,total,Hygiene,2020,67.78893,935490166.09618,Basic service
IND,India,rural,Hygiene,2020,60.01136,538916399.36197,Basic service
IND,India,urban,Hygiene,2020,82.28007,396573725.30662,Basic service
IND,India,total,Sanitation,2020,25.35882,349952777.80171,Basic service
IND,India,rural,Sanitation,2020,16.4714,147917140.49221,Basic service
IND,India,urban,Sanitation,2020,41.91782,202035622.92264,Basic service
IND,India,rural,Drinking water,2020,32.70788,293724605.55602,Basic service
IND,India,total,Hygiene,2020,29.48866,406944798.93651,Limited service
IND,India,rural,Hygiene,2020,36.70025,329577040.84687,Limited service
IND,India,urban,Hygiene,2020,16.05205,77367738.1029,Limited service
IND,India,total,Sanitation,2020,12.09861,166961341.6335,Limited service
IND,India,rural,Sanitation,2020,8.20529,73685509.59711,Limited service
IND,India,urban,Sanitation,2020,19.35262,93275825.10617,Limited service
IND,India,total,Drinking water,2020,4.9836,68773932.24198,Limited service
IND,India,rural,Drinking water,2020,5.90221,53003262.81533,Limited service
IND,India,urban,Drinking water,2020,3.27206,15770666.10951,Limited service
IND,India,total,Hygiene,2020,2.72241,37569385.84951,No handwashing facility
IND,India,rural,Hygiene,2020,3.28839,29530560.6802,No handwashing facility
IND,India,urban,Hygiene,2020,1.66788,8038856.51337,No handwashing facility
IND,India,total,Sanitation,2020,14.92693,205992238.07985,Open defecation
IND,India,rural,Sanitation,2020,22.40818,201230815.95371,Open defecation
IND,India,urban,Sanitation,2020,0.98789,4761411.35171,Open defecation
IND,India,total,Sanitation,2020,45.90966,633555292.05036,Safely managed service
IND,India,rural,Sanitation,2020,50.52029,453684325.11829,Safely managed service
IND,India,urban,Sanitation,2020,37.31915,179870937.04676,Safely managed service
IND,India,rural,Drinking water,2020,56.07462,503563580.35213,Safely managed service
IND,India,total,Drinking water,2020,0.56372,7779339.32243,Surface water
IND,India,rural,Drinking water,2020,0.73891,6635598.89094,Surface water
IND,India,urban,Drinking water,2020,0.2373,1143740.04161,Surface water
IND,India,total,Sanitation,2020,1.70599,23542702.48978,Unimproved
IND,India,rural,Sanitation,2020,2.39484,21506208.93746,Unimproved
IND,India,urban,Sanitation,2020,0.42253,2036523.60164,Unimproved
IND,India,total,Drinking water,2020,3.96315,54691696.91746,Unimproved
IND,India,rural,Drinking water,2020,4.57638,41096952.38558,Unimproved
IND,India,urban,Drinking water,2020,2.82061,13594773.1653,Unimproved
IRL,Ireland,rural,Drinking water,2020,98.13492,1761267.41616,At least basic
IRL,Ireland,urban,Drinking water,2020,96.97989,3048131.53863,At least basic
IRL,Ireland,total,Sanitation,2020,8.43838,416669.78212,Basic service
IRL,Ireland,rural,Sanitation,2020,21.52702,386354.2343,Basic service
IRL,Ireland,urban,Sanitation,2020,0.96453,30315.55712,Basic service
IRL,Ireland,total,Drinking water,2020,0.07068,3489.8963,Basic service
IRL,Ireland,total,Sanitation,2020,6.95223,343286.78845,Limited service
IRL,Ireland,rural,Sanitation,2020,4.66314,83691.22289,Limited service
IRL,Ireland,urban,Sanitation,2020,8.25934,259595.57235,Limited service
IRL,Ireland,total,Drinking water,2020,0,0,Limited service
IRL,Ireland,rural,Drinking water,2020,0,0,Limited service
IRL,Ireland,urban,Drinking water,2020,0,0,Limited service
IRL,Ireland,total,Sanitation,2020,0,0,Open defecation
IRL,Ireland,rural,Sanitation,2020,0,0,Open defecation
IRL,Ireland,urban,Sanitation,2020,0,0,Open defecation
IRL,Ireland,total,Sanitation,2020,82.89899,4093382.9772,Safely managed service
IRL,Ireland,rural,Sanitation,2020,72.95219,1309302.71627,Safely managed service
IRL,Ireland,urban,Sanitation,2020,88.57879,2784080.3434,Safely managed service
IRL,Ireland,total,Drinking water,2020,97.32903,4805908.91611,Safely managed service
IRL,Ireland,total,Drinking water,2020,0,0,Surface water
IRL,Ireland,rural,Drinking water,2020,0,0,Surface water
IRL,Ireland,urban,Drinking water,2020,0,0,Surface water
IRL,Ireland,total,Sanitation,2020,1.71041,84456.45208,Unimproved
IRL,Ireland,rural,Sanitation,2020,0.85765,15392.62651,Unimproved
IRL,Ireland,urban,Sanitation,2020,2.19735,69063.82723,Unimproved
IRL,Ireland,total,Drinking water,2020,2.60029,128397.18769,Unimproved
IRL,Ireland,rural,Drinking water,2020,1.86508,33473.3382,Unimproved
IRL,Ireland,urban,Drinking water,2020,3.02011,94923.85207,Unimproved
IRN,Iran (Islamic Republic of),total,Sanitation,2020,90.26677,75817724.30249,At least basic
IRN,Iran (Islamic Republic of),rural,Sanitation,2020,82.3,16677386.19206,At least basic
IRN,Iran (Islamic Republic of),urban,Sanitation,2020,92.8,59140339.47973,At least basic
IRN,Iran (Islamic Republic of),total,Drinking water,2020,3.49877,2938722.47786,Basic service
IRN,Iran (Islamic Republic of),rural,Drinking water,2020,6.65299,1348170.90957,Basic service
IRN,Iran (Islamic Republic of),urban,Drinking water,2020,2.49581,1590551.55084,Basic service
IRN,Iran (Islamic Republic of),total,Sanitation,2020,9.73323,8175226.93569,Limited service
IRN,Iran (Islamic Republic of),rural,Sanitation,2020,17.7,3586752.426,Limited service
IRN,Iran (Islamic Republic of),urban,Sanitation,2020,7.2,4588474.464,Limited service
IRN,Iran (Islamic Republic of),total,Drinking water,2020,1.93831,1628044.82018,Limited service
IRN,Iran (Islamic Republic of),rural,Drinking water,2020,4.29795,870942.26891,Limited service
IRN,Iran (Islamic Republic of),urban,Drinking water,2020,1.18801,757102.53791,Limited service
IRN,Iran (Islamic Republic of),urban,Sanitation,2020,0,0,Open defecation
IRN,Iran (Islamic Republic of),total,Drinking water,2020,93.98386,78939821.45809,Safely managed service
IRN,Iran (Islamic Republic of),rural,Drinking water,2020,87.17575,17665413.51047,Safely managed service
IRN,Iran (Islamic Republic of),urban,Drinking water,2020,96.14867,61274407.9425,Safely managed service
IRN,Iran (Islamic Republic of),total,Drinking water,2020,0.06526,54809.6697,Surface water
IRN,Iran (Islamic Republic of),rural,Drinking water,2020,0.27048,54809.6684,Surface water
IRN,Iran (Islamic Republic of),urban,Drinking water,2020,0,0,Surface water
IRN,Iran (Islamic Republic of),total,Sanitation,2020,0,1.95704,Unimproved
IRN,Iran (Islamic Republic of),rural,Sanitation,2020,0,0,Unimproved
IRN,Iran (Islamic Republic of),urban,Sanitation,2020,0,0,Unimproved
IRN,Iran (Islamic Republic of),total,Drinking water,2020,0.5138,431553.57248,Unimproved
IRN,Iran (Islamic Republic of),rural,Drinking water,2020,1.60284,324801.64244,Unimproved
IRN,Iran (Islamic Republic of),urban,Drinking water,2020,0.16751,106749.9713,Unimproved
IRQ,Iraq,total,Hygiene,2020,97.38824,39171988.74562,Basic service
IRQ,Iraq,rural,Hygiene,2020,96.87075,11341205.40359,Basic service
IRQ,Iraq,urban,Hygiene,2020,97.60071,27830784.29243,Basic service
IRQ,Iraq,total,Sanitation,2020,57.09242,22964000.21028,Basic service
IRQ,Iraq,rural,Sanitation,2020,55.60679,6510200.31569,Basic service
IRQ,Iraq,urban,Sanitation,2020,57.70238,16453800.44706,Basic service
IRQ,Iraq,total,Drinking water,2020,38.69544,15564276.20503,Basic service
IRQ,Iraq,rural,Drinking water,2020,47.18768,5524528.08197,Basic service
IRQ,Iraq,urban,Drinking water,2020,35.20873,10039748.52797,Basic service
IRQ,Iraq,total,Hygiene,2020,2.47273,994594.78835,Limited service
IRQ,Iraq,rural,Hygiene,2020,3.12925,366358.59653,Limited service
IRQ,Iraq,urban,Hygiene,2020,2.20318,628236.21787,Limited service
IRQ,Iraq,total,Sanitation,2020,0,0,Limited service
IRQ,Iraq,rural,Sanitation,2020,0,0,Limited service
IRQ,Iraq,urban,Sanitation,2020,0,0,Limited service
IRQ,Iraq,total,Drinking water,2020,0.89216,358849.23206,Limited service
IRQ,Iraq,rural,Drinking water,2020,2.59925,304309.01403,Limited service
IRQ,Iraq,urban,Drinking water,2020,0.19127,54540.23203,Limited service
IRQ,Iraq,total,Hygiene,2020,0.13903,55920.46403,No handwashing facility
IRQ,Iraq,rural,Hygiene,2020,0,0,No handwashing facility
IRQ,Iraq,urban,Hygiene,2020,0.19611,55919.48742,No handwashing facility
IRQ,Iraq,total,Sanitation,2020,0,0,Open defecation
IRQ,Iraq,rural,Sanitation,2020,0,0,Open defecation
IRQ,Iraq,urban,Sanitation,2020,0,0,Open defecation
IRQ,Iraq,total,Sanitation,2020,42.87732,17246331.19702,Safely managed service
IRQ,Iraq,rural,Sanitation,2020,44.39321,5197363.68431,Safely managed service
IRQ,Iraq,urban,Sanitation,2020,42.25493,12048967.93654,Safely managed service
IRQ,Iraq,total,Drinking water,2020,59.66446,23998539.8141,Safely managed service
IRQ,Iraq,rural,Drinking water,2020,47.64346,5577889.11923,Safely managed service
IRQ,Iraq,urban,Drinking water,2020,64.6,18420651.24,Safely managed service
IRQ,Iraq,total,Drinking water,2020,0.74793,300837.7714,Surface water
IRQ,Iraq,rural,Drinking water,2020,2.5696,300837.78429,Surface water
IRQ,Iraq,urban,Drinking water,2020,0,0,Surface water
IRQ,Iraq,total,Sanitation,2020,0.03026,12172.59149,Unimproved
IRQ,Iraq,rural,Sanitation,2020,0,0,Unimproved
IRQ,Iraq,urban,Sanitation,2020,0.04269,12171.61497,Unimproved
IRQ,Iraq,total,Drinking water,2020,0,0.97741,Unimproved
IRQ,Iraq,rural,Drinking water,2020,0,0,Unimproved
IRQ,Iraq,urban,Drinking water,2020,0,0,Unimproved
ISL,Iceland,rural,Sanitation,2020,100,20823.08,At least basic
ISL,Iceland,urban,Sanitation,2020,98.7013,316265.53075,At least basic
ISL,Iceland,rural,Drinking water,2020,100,20823.08,At least basic
ISL,Iceland,urban,Drinking water,2020,100,320426.91,At least basic
ISL,Iceland,total,Sanitation,2020,15.09298,51504.79899,Basic service
ISL,Iceland,total,Drinking water,2020,0,0,Basic service
ISL,Iceland,total,Sanitation,2020,1.21945,4161.38845,Limited service
ISL,Iceland,rural,Sanitation,2020,0,0,Limited service
ISL,Iceland,urban,Sanitation,2020,1.2987,4161.38844,Limited service
ISL,Iceland,total,Drinking water,2020,0,0,Limited service
ISL,Iceland,rural,Drinking water,2020,0,0,Limited service
ISL,Iceland,urban,Drinking water,2020,0,0,Limited service
ISL,Iceland,total,Sanitation,2020,0,0,Open defecation
ISL,Iceland,rural,Sanitation,2020,0,0,Open defecation
ISL,Iceland,urban,Sanitation,2020,0,0,Open defecation
ISL,Iceland,total,Sanitation,2020,83.68756,285583.803,Safely managed service
ISL,Iceland,total,Drinking water,2020,100,341249.99048,Safely managed service
ISL,Iceland,total,Drinking water,2020,0,0,Surface water
ISL,Iceland,rural,Drinking water,2020,0,0,Surface water
ISL,Iceland,urban,Drinking water,2020,0,0,Surface water
ISL,Iceland,total,Sanitation,2020,0,0.00952,Unimproved
ISL,Iceland,rural,Sanitation,2020,0,0,Unimproved
ISL,Iceland,urban,Sanitation,2020,0,0,Unimproved
ISL,Iceland,total,Drinking water,2020,0,0.00952,Unimproved
ISL,Iceland,rural,Drinking water,2020,0,0,Unimproved
ISL,Iceland,urban,Drinking water,2020,0,0,Unimproved
ISR,Israel,total,Sanitation,2020,4.98671,431626.55627,Basic service
ISR,Israel,rural,Sanitation,2020,6.59977,42346.44095,Basic service
ISR,Israel,urban,Sanitation,2020,4.85756,389280.12745,Basic service
ISR,Israel,total,Drinking water,2020,0.67893,58765.01916,Basic service
ISR,Israel,rural,Drinking water,2020,0.90884,5831.40882,Basic service
ISR,Israel,urban,Drinking water,2020,0.66052,52933.61203,Basic service
ISR,Israel,total,Sanitation,2020,0,0,Limited service
ISR,Israel,rural,Sanitation,2020,0,0,Limited service
ISR,Israel,urban,Sanitation,2020,0,0,Limited service
ISR,Israel,total,Drinking water,2020,0,0,Limited service
ISR,Israel,rural,Drinking water,2020,0,0,Limited service
ISR,Israel,urban,Drinking water,2020,0,0,Limited service
ISR,Israel,total,Sanitation,2020,0,0,Open defecation
ISR,Israel,rural,Sanitation,2020,0,0,Open defecation
ISR,Israel,urban,Sanitation,2020,0,0,Open defecation
ISR,Israel,total,Sanitation,2020,94.96233,8219503.2017,Safely managed service
ISR,Israel,rural,Sanitation,2020,92.71273,594877.56673,Safely managed service
ISR,Israel,urban,Sanitation,2020,95.14244,7624625.87279,Safely managed service
ISR,Israel,total,Drinking water,2020,99.32107,8596775.9805,Safely managed service
ISR,Israel,rural,Drinking water,2020,99.09116,635803.8412,Safely managed service
ISR,Israel,urban,Drinking water,2020,99.33948,7960972.38781,Safely managed service
ISR,Israel,total,Drinking water,2020,0,0,Surface water
ISR,Israel,rural,Drinking water,2020,0,0,Surface water
ISR,Israel,urban,Drinking water,2020,0,0,Surface water
ISR,Israel,total,Sanitation,2020,0.05096,4411.24237,Unimproved
ISR,Israel,rural,Sanitation,2020,0.6875,4411.24234,Unimproved
ISR,Israel,urban,Sanitation,2020,0,0,Unimproved
ISR,Israel,total,Drinking water,2020,0,0,Unimproved
ISR,Israel,rural,Drinking water,2020,0,0,Unimproved
ISR,Israel,urban,Drinking water,2020,0,0,Unimproved
ITA,Italy,total,Sanitation,2020,4.10177,2480002.17786,Basic service
ITA,Italy,rural,Sanitation,2020,5.60702,981809.79934,Basic service
ITA,Italy,urban,Sanitation,2020,3.4881,1498192.38822,Basic service
ITA,Italy,total,Drinking water,2020,4.09335,2474911.99209,Basic service
ITA,Italy,total,Sanitation,2020,0.10063,60843.94857,Limited service
ITA,Italy,rural,Sanitation,2020,0.1005,17598.3438,Limited service
ITA,Italy,urban,Sanitation,2020,0.10068,43245.60513,Limited service
ITA,Italy,total,Drinking water,2020,0,0,Limited service
ITA,Italy,total,Sanitation,2020,0,0,Open defecation
ITA,Italy,rural,Sanitation,2020,0,0,Open defecation
ITA,Italy,urban,Sanitation,2020,0,0,Open defecation
ITA,Italy,total,Sanitation,2020,95.7834,57912391.57978,Safely managed service
ITA,Italy,rural,Sanitation,2020,94.29247,16510943.85651,Safely managed service
ITA,Italy,urban,Sanitation,2020,96.39121,41401447.71274,Safely managed service
ITA,Italy,total,Drinking water,2020,95.82369,57936753.29485,Safely managed service
ITA,Italy,total,Drinking water,2020,0,0,Surface water
ITA,Italy,total,Sanitation,2020,0.01421,8590.29499,Unimproved
ITA,Italy,rural,Sanitation,2020,0,0,Unimproved
ITA,Italy,urban,Sanitation,2020,0.02,8590.2952,Unimproved
ITA,Italy,total,Drinking water,2020,0.08297,50162.71548,Unimproved
JAM,Jamaica,total,Sanitation,2020,86.60642,2564555.6042,At least basic
JAM,Jamaica,rural,Sanitation,2020,90.95534,1176690.65678,At least basic
JAM,Jamaica,urban,Sanitation,2020,83.23231,1387864.93408,At least basic
JAM,Jamaica,total,Drinking water,2020,91.02995,2695543.24062,At least basic
JAM,Jamaica,rural,Drinking water,2020,85.39991,1104820.00168,At least basic
JAM,Jamaica,urban,Drinking water,2020,95.39802,1590723.21655,At least basic
JAM,Jamaica,total,Sanitation,2020,12.34263,365485.12846,Limited service
JAM,Jamaica,rural,Sanitation,2020,8.45838,109426.16535,Limited service
JAM,Jamaica,urban,Sanitation,2020,15.35623,256058.96232,Limited service
JAM,Jamaica,total,Drinking water,2020,5.36757,158942.41655,Limited service
JAM,Jamaica,rural,Drinking water,2020,8.49074,109844.80522,Limited service
JAM,Jamaica,urban,Drinking water,2020,2.94446,49097.61207,Limited service
JAM,Jamaica,total,Sanitation,2020,0.79758,23617.62213,Open defecation
JAM,Jamaica,rural,Sanitation,2020,0.58628,7584.7635,Open defecation
JAM,Jamaica,urban,Sanitation,2020,0.96151,16032.85858,Open defecation
JAM,Jamaica,total,Drinking water,2020,1.73847,51479.02531,Surface water
JAM,Jamaica,rural,Drinking water,2020,3.54038,45801.93426,Surface water
JAM,Jamaica,urban,Drinking water,2020,0.34046,5677.09147,Surface water
JAM,Jamaica,total,Sanitation,2020,0.25337,7502.58255,Unimproved
JAM,Jamaica,rural,Sanitation,2020,0,0,Unimproved
JAM,Jamaica,urban,Sanitation,2020,0.44994,7502.58248,Unimproved
JAM,Jamaica,total,Drinking water,2020,1.86401,55196.34317,Unimproved
JAM,Jamaica,rural,Drinking water,2020,2.56897,33234.83051,Unimproved
JAM,Jamaica,urban,Drinking water,2020,1.31706,21961.51284,Unimproved
JOR,Jordan,rural,Sanitation,2020,95.24345,833983.70376,At least basic
JOR,Jordan,rural,Drinking water,2020,97.31148,852092.08263,At least basic
JOR,Jordan,urban,Drinking water,2020,99.09322,9242925.6624,At least basic
JOR,Jordan,total,Sanitation,2020,14.81068,1511154.1011,Basic service
JOR,Jordan,urban,Sanitation,2020,12.81015,1194867.27574,Basic service
JOR,Jordan,total,Drinking water,2020,13.23979,1350874.37165,Basic service
JOR,Jordan,total,Sanitation,2020,1.65557,168919.77279,Limited service
JOR,Jordan,rural,Sanitation,2020,2.52292,22091.50316,Limited service
JOR,Jordan,urban,Sanitation,2020,1.57414,146828.26664,Limited service
JOR,Jordan,total,Drinking water,2020,0.14621,14918.49432,Limited service
JOR,Jordan,rural,Drinking water,2020,0.62395,5463.48658,Limited service
JOR,Jordan,urban,Drinking water,2020,0.10137,9455.0075,Limited service
JOR,Jordan,total,Sanitation,2020,0.10527,10740.53163,Open defecation
JOR,Jordan,rural,Sanitation,2020,0.39534,3461.75199,Open defecation
JOR,Jordan,urban,Sanitation,2020,0.07804,7278.77947,Open defecation
JOR,Jordan,total,Sanitation,2020,82.27368,8394498.69335,Safely managed service
JOR,Jordan,urban,Sanitation,2020,84.44703,7876801.65576,Safely managed service
JOR,Jordan,total,Drinking water,2020,85.70051,8744143.25579,Safely managed service
JOR,Jordan,total,Drinking water,2020,0.05983,6105.03168,Surface water
JOR,Jordan,rural,Drinking water,2020,0.03986,349.02759,Surface water
JOR,Jordan,urban,Drinking water,2020,0.06171,5756.00395,Surface water
JOR,Jordan,total,Sanitation,2020,1.15481,117826.90093,Unimproved
JOR,Jordan,rural,Sanitation,2020,1.8383,16096.75419,Unimproved
JOR,Jordan,urban,Sanitation,2020,1.09065,101730.02259,Unimproved
JOR,Jordan,total,Drinking water,2020,0.85365,87098.84647,Unimproved
JOR,Jordan,rural,Drinking water,2020,2.02471,17729.08418,Unimproved
JOR,Jordan,urban,Drinking water,2020,0.74371,69369.63881,Unimproved
JPN,Japan,total,Sanitation,2020,18.4919,23387905.12924,Basic service
JPN,Japan,total,Drinking water,2020,0.51347,649413.31433,Basic service
JPN,Japan,total,Sanitation,2020,0,0,Limited service
JPN,Japan,total,Drinking water,2020,0,0,Limited service
JPN,Japan,total,Sanitation,2020,0,0,Open defecation
JPN,Japan,total,Sanitation,2020,81.42986,102989608.74438,Safely managed service
JPN,Japan,total,Drinking water,2020,98.56545,124662091.72461,Safely managed service
JPN,Japan,total,Drinking water,2020,0,0,Surface water
JPN,Japan,total,Sanitation,2020,0.07824,98950.12385,Unimproved
JPN,Japan,total,Drinking water,2020,0.92109,1164958.95979,Unimproved
KAZ,Kazakhstan,total,Sanitation,2020,97.86712,18376223.1326,At least basic
KAZ,Kazakhstan,rural,Sanitation,2020,99.00102,7868594.32551,At least basic
KAZ,Kazakhstan,rural,Drinking water,2020,91.93925,7307325.53258,At least basic
KAZ,Kazakhstan,urban,Drinking water,2020,98.00073,10612220.01167,At least basic
KAZ,Kazakhstan,urban,Sanitation,2020,6.02013,651902.24408,Basic service
KAZ,Kazakhstan,total,Drinking water,2020,6.10032,1145439.75809,Basic service
KAZ,Kazakhstan,total,Sanitation,2020,2.03921,382896.3155,Limited service
KAZ,Kazakhstan,rural,Sanitation,2020,0.89283,70961.96385,Limited service
KAZ,Kazakhstan,urban,Sanitation,2020,2.88062,311934.33924,Limited service
KAZ,Kazakhstan,total,Drinking water,2020,1.94143,364535.71061,Limited service
KAZ,Kazakhstan,rural,Drinking water,2020,1.86262,148040.59438,Limited service
KAZ,Kazakhstan,urban,Drinking water,2020,1.99927,216495.10668,Limited service
KAZ,Kazakhstan,total,Hygiene,2020,0.23569,44254.5681,No handwashing facility
KAZ,Kazakhstan,rural,Hygiene,2020,0.39759,31600.3718,No handwashing facility
KAZ,Kazakhstan,urban,Hygiene,2020,0.11686,12654.68346,No handwashing facility
KAZ,Kazakhstan,total,Sanitation,2020,0,0,Open defecation
KAZ,Kazakhstan,rural,Sanitation,2020,0,0,Open defecation
KAZ,Kazakhstan,urban,Sanitation,2020,0,0,Open defecation
KAZ,Kazakhstan,urban,Sanitation,2020,91.01474,9855726.42792,Safely managed service
KAZ,Kazakhstan,total,Drinking water,2020,89.33465,16774105.94897,Safely managed service
KAZ,Kazakhstan,total,Drinking water,2020,0.07765,14579.68284,Surface water
KAZ,Kazakhstan,rural,Drinking water,2020,0.18344,14579.68264,Surface water
KAZ,Kazakhstan,urban,Drinking water,2020,0,0,Surface water
KAZ,Kazakhstan,total,Sanitation,2020,0.09367,17588.29579,Unimproved
KAZ,Kazakhstan,rural,Sanitation,2020,0.10615,8436.79457,Unimproved
KAZ,Kazakhstan,urban,Sanitation,2020,0.08452,9151.98908,Unimproved
KAZ,Kazakhstan,total,Drinking water,2020,2.54596,478046.8993,Unimproved
KAZ,Kazakhstan,rural,Drinking water,2020,6.01469,478047.38251,Unimproved
KAZ,Kazakhstan,urban,Drinking water,2020,0,0,Unimproved
KEN,Kenya,total,Sanitation,2020,32.69894,17582647.32347,At least basic
KEN,Kenya,urban,Sanitation,2020,35.56836,5354202.37542,At least basic
KEN,Kenya,total,Drinking water,2020,61.63289,33140807.584,At least basic
KEN,Kenya,rural,Drinking water,2020,51.77998,20048184.97131,At least basic
KEN,Kenya,total,Hygiene,2020,26.75592,14387007.82305,Basic service
KEN,Kenya,rural,Hygiene,2020,24.17404,9359711.26718,Basic service
KEN,Kenya,urban,Hygiene,2020,33.39669,5027295.82594,Basic service
KEN,Kenya,rural,Sanitation,2020,2.10473,814908.31239,Basic service
KEN,Kenya,urban,Drinking water,2020,29.27046,4406162.34833,Basic service
KEN,Kenya,total,Hygiene,2020,33.27942,17894779.24532,Limited service
KEN,Kenya,rural,Hygiene,2020,31.68871,12269242.37406,Limited service
KEN,Kenya,urban,Hygiene,2020,37.37084,5625535.92768,Limited service
KEN,Kenya,total,Sanitation,2020,25.46999,13695544.36185,Limited service
KEN,Kenya,rural,Sanitation,2020,16.5358,6402335.74823,Limited service
KEN,Kenya,urban,Sanitation,2020,48.44931,7293208.06861,Limited service
KEN,Kenya,total,Drinking water,2020,9.54187,5130787.5702,Limited service
KEN,Kenya,rural,Drinking water,2020,11.569,4479289.81885,Limited service
KEN,Kenya,urban,Drinking water,2020,4.32794,651497.4213,Limited service
KEN,Kenya,total,Hygiene,2020,39.96465,21489513.46934,No handwashing facility
KEN,Kenya,rural,Hygiene,2020,44.13725,17089070.65689,No handwashing facility
KEN,Kenya,urban,Hygiene,2020,29.23246,4400443.17111,No handwashing facility
KEN,Kenya,total,Sanitation,2020,8.50634,4573969.47352,Open defecation
KEN,Kenya,rural,Sanitation,2020,11.30396,4376668.0447,Open defecation
KEN,Kenya,urban,Sanitation,2020,1.31069,197301.11377,Open defecation
KEN,Kenya,rural,Sanitation,2020,29.47861,11413536.01482,Safely managed service
KEN,Kenya,urban,Drinking water,2020,57.70477,8686458.42523,Safely managed service
KEN,Kenya,total,Drinking water,2020,19.04515,10240825.19363,Surface water
KEN,Kenya,rural,Drinking water,2020,24.1319,9343396.25074,Surface water
KEN,Kenya,urban,Drinking water,2020,5.96168,897428.26461,Surface water
KEN,Kenya,total,Sanitation,2020,33.32473,17919138.4239,Unimproved
KEN,Kenya,rural,Sanitation,2020,40.57691,15710575.88218,Unimproved
KEN,Kenya,urban,Sanitation,2020,14.67165,2208563.34435,Unimproved
KEN,Kenya,total,Drinking water,2020,9.78009,5258880.20279,Unimproved
KEN,Kenya,rural,Drinking water,2020,12.51911,4847153.26111,Unimproved
KEN,Kenya,urban,Drinking water,2020,2.73514,411728.54174,Unimproved
KGZ,Kyrgyzstan,total,Hygiene,2020,99.84921,6514353.4973,Basic service
KGZ,Kyrgyzstan,rural,Hygiene,2020,100,4119635.3,Basic service
KGZ,Kyrgyzstan,urban,Hygiene,2020,99.59088,2394718.2967,Basic service
KGZ,Kyrgyzstan,total,Sanitation,2020,5.42246,353771.63999,Basic service
KGZ,Kyrgyzstan,rural,Sanitation,2020,3.04592,125480.79413,Basic service
KGZ,Kyrgyzstan,urban,Sanitation,2020,9.4941,228290.85569,Basic service
KGZ,Kyrgyzstan,total,Drinking water,2020,21.60957,1409849.94403,Basic service
KGZ,Kyrgyzstan,rural,Drinking water,2020,29.86958,1230517.64217,Basic service
KGZ,Kyrgyzstan,urban,Drinking water,2020,7.45802,179332.30797,Basic service
KGZ,Kyrgyzstan,total,Hygiene,2020,0.15079,9837.50283,Limited service
KGZ,Kyrgyzstan,rural,Hygiene,2020,0,0,Limited service
KGZ,Kyrgyzstan,urban,Hygiene,2020,0.40912,9837.50328,Limited service
KGZ,Kyrgyzstan,total,Sanitation,2020,2.10887,137586.83768,Limited service
KGZ,Kyrgyzstan,rural,Sanitation,2020,0.49645,20451.94827,Limited service
KGZ,Kyrgyzstan,urban,Sanitation,2020,4.87137,117134.89456,Limited service
KGZ,Kyrgyzstan,total,Drinking water,2020,1.90073,124007.5238,Limited service
KGZ,Kyrgyzstan,rural,Drinking water,2020,2.60607,107360.59964,Limited service
KGZ,Kyrgyzstan,urban,Drinking water,2020,0.69231,16646.92476,Limited service
KGZ,Kyrgyzstan,total,Hygiene,2020,0,0,No handwashing facility
KGZ,Kyrgyzstan,rural,Hygiene,2020,0,0,No handwashing facility
KGZ,Kyrgyzstan,urban,Hygiene,2020,0,0,No handwashing facility
KGZ,Kyrgyzstan,total,Sanitation,2020,0,0,Open defecation
KGZ,Kyrgyzstan,rural,Sanitation,2020,0,0,Open defecation
KGZ,Kyrgyzstan,urban,Sanitation,2020,0,0,Open defecation
KGZ,Kyrgyzstan,total,Sanitation,2020,92.46858,6032827.03189,Safely managed service
KGZ,Kyrgyzstan,rural,Sanitation,2020,96.45763,3973702.55772,Safely managed service
KGZ,Kyrgyzstan,urban,Sanitation,2020,85.6343,2059124.55942,Safely managed service
KGZ,Kyrgyzstan,total,Drinking water,2020,70.08973,4572787.87485,Safely managed service
KGZ,Kyrgyzstan,rural,Drinking water,2020,57.38885,2364211.40114,Safely managed service
KGZ,Kyrgyzstan,urban,Drinking water,2020,91.84967,2208576.56727,Safely managed service
KGZ,Kyrgyzstan,total,Drinking water,2020,4.53431,295827.17313,Surface water
KGZ,Kyrgyzstan,rural,Drinking water,2020,7.18091,295827.17271,Surface water
KGZ,Kyrgyzstan,urban,Drinking water,2020,0,0,Surface water
KGZ,Kyrgyzstan,total,Sanitation,2020,0.00008,5.49036,Unimproved
KGZ,Kyrgyzstan,rural,Sanitation,2020,0,0,Unimproved
KGZ,Kyrgyzstan,urban,Sanitation,2020,0.00023,5.49037,Unimproved
KGZ,Kyrgyzstan,total,Drinking water,2020,1.86565,121718.48458,Unimproved
KGZ,Kyrgyzstan,rural,Drinking water,2020,2.95459,121718.48438,Unimproved
KGZ,Kyrgyzstan,urban,Drinking water,2020,0,0,Unimproved
KHM,Cambodia,total,Sanitation,2020,68.7693,11497519.72014,At least basic
KHM,Cambodia,rural,Sanitation,2020,60.99655,7726816.97541,At least basic
KHM,Cambodia,urban,Sanitation,2020,93.07294,3770702.05699,At least basic
KHM,Cambodia,total,Hygiene,2020,73.87465,12351082.13075,Basic service
KHM,Cambodia,rural,Hygiene,2020,70.84543,8974437.37881,Basic service
KHM,Cambodia,urban,Hygiene,2020,83.34634,3376644.5615,Basic service
KHM,Cambodia,total,Drinking water,2020,43.46164,7266339.62973,Basic service
KHM,Cambodia,rural,Drinking water,2020,46.6938,5914998.26157,Basic service
KHM,Cambodia,urban,Drinking water,2020,33.35541,1351341.27262,Basic service
KHM,Cambodia,total,Hygiene,2020,12.50639,2090940.00649,Limited service
KHM,Cambodia,rural,Hygiene,2020,13.94414,1766391.62738,Limited service
KHM,Cambodia,urban,Hygiene,2020,8.01089,324548.35379,Limited service
KHM,Cambodia,total,Sanitation,2020,8.00189,1337832.88811,Limited service
KHM,Cambodia,rural,Sanitation,2020,8.34563,1057193.98358,Limited service
KHM,Cambodia,urban,Sanitation,2020,6.92706,280638.88601,Limited service
KHM,Cambodia,total,Drinking water,2020,13.90222,2324308.47122,Limited service
KHM,Cambodia,rural,Drinking water,2020,15.51772,1965727.7062,Limited service
KHM,Cambodia,urban,Drinking water,2020,8.85091,358580.73693,Limited service
KHM,Cambodia,total,Hygiene,2020,13.61895,2276948.91961,No handwashing facility
KHM,Cambodia,rural,Hygiene,2020,15.21043,1926801.01281,No handwashing facility
KHM,Cambodia,urban,Hygiene,2020,8.64277,350148.07701,No handwashing facility
KHM,Cambodia,total,Sanitation,2020,19.2792,3223284.34857,Open defecation
KHM,Cambodia,rural,Sanitation,2020,25.44505,3223284.32115,Open defecation
KHM,Cambodia,urban,Sanitation,2020,0,0,Open defecation
KHM,Cambodia,total,Drinking water,2020,27.75824,4640892.28463,Safely managed service
KHM,Cambodia,rural,Drinking water,2020,18.37335,2327468.29049,Safely managed service
KHM,Cambodia,urban,Drinking water,2020,57.10267,2313423.89517,Safely managed service
KHM,Cambodia,total,Drinking water,2020,9.20067,1538258.09042,Surface water
KHM,Cambodia,rural,Drinking water,2020,11.92222,1510262.98214,Surface water
KHM,Cambodia,urban,Drinking water,2020,0.69101,27995.09504,Surface water
KHM,Cambodia,total,Sanitation,2020,3.94961,660334.43641,Unimproved
KHM,Cambodia,rural,Sanitation,2020,5.21277,660334.67502,Unimproved
KHM,Cambodia,urban,Sanitation,2020,0,0,Unimproved
KHM,Cambodia,total,Drinking water,2020,5.67722,949172.52432,Unimproved
KHM,Cambodia,rural,Drinking water,2020,7.4929,949172.76048,Unimproved
KHM,Cambodia,urban,Drinking water,2020,0,0,Unimproved
KIR,Kiribati,total,Hygiene,2020,55.57538,66382.56484,Basic service
KIR,Kiribati,rural,Hygiene,2020,51.48181,27306.56757,Basic service
KIR,Kiribati,urban,Hygiene,2020,58.84513,39075.99504,Basic service
KIR,Kiribati,total,Sanitation,2020,18.91124,22588.71519,Basic service
KIR,Kiribati,rural,Sanitation,2020,11.74417,6229.25005,Basic service
KIR,Kiribati,urban,Sanitation,2020,24.63596,16359.46424,Basic service
KIR,Kiribati,total,Drinking water,2020,63.28311,75589.14568,Basic service
KIR,Kiribati,rural,Drinking water,2020,54.34165,28823.46147,Basic service
KIR,Kiribati,urban,Drinking water,2020,70.42515,46765.68158,Basic service
KIR,Kiribati,total,Hygiene,2020,30.59853,36548.71521,Limited service
KIR,Kiribati,rural,Hygiene,2020,31.84083,16888.75722,Limited service
KIR,Kiribati,urban,Hygiene,2020,29.60623,19659.95686,Limited service
KIR,Kiribati,total,Sanitation,2020,16.5308,19745.38139,Limited service
KIR,Kiribati,rural,Sanitation,2020,6.29593,3339.43855,Limited service
KIR,Kiribati,urban,Sanitation,2020,24.70596,16405.94195,Limited service
KIR,Kiribati,total,Drinking water,2020,4.0769,4869.69353,Limited service
KIR,Kiribati,rural,Drinking water,2020,2.09661,1112.06689,Limited service
KIR,Kiribati,urban,Drinking water,2020,5.65867,3757.62643,Limited service
KIR,Kiribati,total,Hygiene,2020,13.8261,16514.72041,No handwashing facility
KIR,Kiribati,rural,Hygiene,2020,16.67736,8845.87031,No handwashing facility
KIR,Kiribati,urban,Hygiene,2020,11.54864,7668.85331,No handwashing facility
KIR,Kiribati,total,Sanitation,2020,29.7713,35560.63052,Open defecation
KIR,Kiribati,rural,Sanitation,2020,46.79848,24822.47492,Open defecation
KIR,Kiribati,urban,Sanitation,2020,16.17075,10738.15489,Open defecation
KIR,Kiribati,total,Sanitation,2020,26.66473,31849.94972,Safely managed service
KIR,Kiribati,rural,Sanitation,2020,27.39876,14532.63119,Safely managed service
KIR,Kiribati,urban,Sanitation,2020,26.07841,17317.31753,Safely managed service
KIR,Kiribati,total,Drinking water,2020,14.68781,17544.00043,Safely managed service
KIR,Kiribati,rural,Drinking water,2020,6.65253,3528.58307,Safely managed service
KIR,Kiribati,urban,Drinking water,2020,21.10603,14015.4166,Safely managed service
KIR,Kiribati,total,Drinking water,2020,0,0,Surface water
KIR,Kiribati,rural,Drinking water,2020,0,0,Surface water
KIR,Kiribati,urban,Drinking water,2020,0,0,Surface water
KIR,Kiribati,total,Sanitation,2020,8.12193,9701.32319,Unimproved
KIR,Kiribati,rural,Sanitation,2020,7.76265,4117.40029,Unimproved
KIR,Kiribati,urban,Sanitation,2020,8.40892,5583.92639,Unimproved
KIR,Kiribati,total,Drinking water,2020,17.95218,21443.16036,Unimproved
KIR,Kiribati,rural,Drinking water,2020,36.90921,19577.08357,Unimproved
KIR,Kiribati,urban,Drinking water,2020,2.81016,1866.0804,Unimproved
KOR,Republic of Korea,total,Sanitation,2020,0,0,Basic service
KOR,Republic of Korea,total,Drinking water,2020,0.74058,379687.7771,Basic service
KOR,Republic of Korea,total,Sanitation,2020,0,0,Limited service
KOR,Republic of Korea,total,Drinking water,2020,0,0,Limited service
KOR,Republic of Korea,total,Sanitation,2020,0,0,Open defecation
KOR,Republic of Korea,total,Sanitation,2020,99.93749,51237137.47877,Safely managed service
KOR,Republic of Korea,total,Drinking water,2020,99.19082,50854323.84259,Safely managed service
KOR,Republic of Korea,total,Drinking water,2020,0,0,Surface water
KOR,Republic of Korea,total,Sanitation,2020,0.06251,32046.5202,Unimproved
KOR,Republic of Korea,total,Drinking water,2020,0.0686,35172.37928,Unimproved
KWT,Kuwait,total,Sanitation,2020,0,0,Basic service
KWT,Kuwait,total,Drinking water,2020,0,0,Basic service
KWT,Kuwait,total,Sanitation,2020,0,0,Limited service
KWT,Kuwait,total,Drinking water,2020,0,0,Limited service
KWT,Kuwait,total,Sanitation,2020,0,0,Open defecation
KWT,Kuwait,total,Sanitation,2020,100,4270563,Safely managed service
KWT,Kuwait,total,Drinking water,2020,100,4270563,Safely managed service
KWT,Kuwait,total,Drinking water,2020,0,0,Surface water
KWT,Kuwait,total,Sanitation,2020,0,0,Unimproved
KWT,Kuwait,total,Drinking water,2020,0,0,Unimproved
LAO,Lao People's Democratic Republic,total,Hygiene,2020,55.62991,4047384.96742,Basic service
LAO,Lao People's Democratic Republic,rural,Hygiene,2020,45.55875,2111765.0479,Basic service
LAO,Lao People's Democratic Republic,urban,Hygiene,2020,73.31063,1935620.06735,Basic service
LAO,Lao People's Democratic Republic,total,Sanitation,2020,18.09885,1316792.09879,Basic service
LAO,Lao People's Democratic Republic,rural,Sanitation,2020,8.86455,410894.88377,Basic service
LAO,Lao People's Democratic Republic,urban,Sanitation,2020,34.3104,905897.25129,Basic service
LAO,Lao People's Democratic Republic,total,Drinking water,2020,67.53784,4913753.26053,Basic service
LAO,Lao People's Democratic Republic,rural,Drinking water,2020,66.0916,3063515.53071,Basic service
LAO,Lao People's Democratic Republic,urban,Drinking water,2020,70.07683,1850237.92944,Basic service
LAO,Lao People's Democratic Republic,total,Hygiene,2020,34.42666,2504731.11494,Limited service
LAO,Lao People's Democratic Republic,rural,Hygiene,2020,43.39243,2011350.68705,Limited service
LAO,Lao People's Democratic Republic,urban,Hygiene,2020,18.68654,493380.54811,Limited service
LAO,Lao People's Democratic Republic,total,Sanitation,2020,2.67989,194977.07689,Limited service
LAO,Lao People's Democratic Republic,rural,Sanitation,2020,2.8673,132906.68748,Limited service
LAO,Lao People's Democratic Republic,urban,Sanitation,2020,2.35088,62070.39782,Limited service
LAO,Lao People's Democratic Republic,total,Drinking water,2020,3.56686,259508.73224,Limited service
LAO,Lao People's Democratic Republic,rural,Drinking water,2020,5.59858,259508.74684,Limited service
LAO,Lao People's Democratic Republic,urban,Drinking water,2020,0,0,Limited service
LAO,Lao People's Democratic Republic,total,Hygiene,2020,9.94343,723439.88352,No handwashing facility
LAO,Lao People's Democratic Republic,rural,Hygiene,2020,11.04882,512141.26968,No handwashing facility
LAO,Lao People's Democratic Republic,urban,Hygiene,2020,8.00283,211298.6778,No handwashing facility
LAO,Lao People's Democratic Republic,total,Sanitation,2020,16.48997,1199737.14361,Open defecation
LAO,Lao People's Democratic Republic,rural,Sanitation,2020,25.88286,1199737.21113,Open defecation
LAO,Lao People's Democratic Republic,urban,Sanitation,2020,0,0,Open defecation
LAO,Lao People's Democratic Republic,total,Sanitation,2020,61.38127,4465828.36024,Safely managed service
LAO,Lao People's Democratic Republic,rural,Sanitation,2020,60.26628,2793496.89096,Safely managed service
LAO,Lao People's Democratic Republic,urban,Sanitation,2020,63.33872,1672331.65089,Safely managed service
LAO,Lao People's Democratic Republic,total,Drinking water,2020,17.6819,1286456.87759,Safely managed service
LAO,Lao People's Democratic Republic,rural,Drinking water,2020,12.38136,573907.81391,Safely managed service
LAO,Lao People's Democratic Republic,urban,Drinking water,2020,26.98744,712549.1065,Safely managed service
LAO,Lao People's Democratic Republic,total,Drinking water,2020,0.58453,42527.88708,Surface water
LAO,Lao People's Democratic Republic,rural,Drinking water,2020,0.91749,42527.88948,Surface water
LAO,Lao People's Democratic Republic,urban,Drinking water,2020,0,0,Surface water
LAO,Lao People's Democratic Republic,total,Sanitation,2020,1.35002,98221.3212,Unimproved
LAO,Lao People's Democratic Republic,rural,Sanitation,2020,2.119,98221.32671,Unimproved
LAO,Lao People's Democratic Republic,urban,Sanitation,2020,0,0,Unimproved
LAO,Lao People's Democratic Republic,total,Drinking water,2020,10.62887,773309.24278,Unimproved
LAO,Lao People's Democratic Republic,rural,Drinking water,2020,15.01097,695797.01915,Unimproved
LAO,Lao People's Democratic Republic,urban,Drinking water,2020,2.93574,77512.264,Unimproved
LBN,Lebanon,total,Sanitation,2020,82.91725,5659468.69481,Basic service
LBN,Lebanon,total,Drinking water,2020,44.9,3064623.458,Basic service
LBN,Lebanon,total,Sanitation,2020,0.8,54603.536,Limited service
LBN,Lebanon,total,Drinking water,2020,7.4,505082.708,Limited service
LBN,Lebanon,total,Sanitation,2020,0,0,Open defecation
LBN,Lebanon,total,Sanitation,2020,16.28275,1111369.76919,Safely managed service
LBN,Lebanon,total,Drinking water,2020,47.7,3255735.834,Safely managed service
LBN,Lebanon,total,Drinking water,2020,0,0,Surface water
LBN,Lebanon,total,Sanitation,2020,0,0,Unimproved
LBN,Lebanon,total,Drinking water,2020,0,0,Unimproved
LBR,Liberia,total,Sanitation,2020,18.16357,918654.8191,At least basic
LBR,Liberia,rural,Sanitation,2020,6.35906,154091.59161,At least basic
LBR,Liberia,urban,Sanitation,2020,29.02126,764563.23247,At least basic
LBR,Liberia,total,Drinking water,2020,75.2618,3806498.49753,At least basic
LBR,Liberia,rural,Drinking water,2020,64.10022,1553266.14026,At least basic
LBR,Liberia,urban,Drinking water,2020,85.52811,2253232.24036,At least basic
LBR,Liberia,total,Sanitation,2020,29.33204,1483519.63739,Limited service
LBR,Liberia,rural,Sanitation,2020,18.828,456237.0369,Limited service
LBR,Liberia,urban,Sanitation,2020,38.99356,1027282.62104,Limited service
LBR,Liberia,total,Drinking water,2020,8.70066,440051.15196,Limited service
LBR,Liberia,rural,Drinking water,2020,6.53778,158422.32399,Limited service
LBR,Liberia,urban,Drinking water,2020,10.69006,281628.8349,Limited service
LBR,Liberia,total,Sanitation,2020,37.68303,1905885.7556,Open defecation
LBR,Liberia,rural,Sanitation,2020,59.08857,1431824.7378,Open defecation
LBR,Liberia,urban,Sanitation,2020,17.99439,474061.07269,Open defecation
LBR,Liberia,total,Drinking water,2020,12.54947,634711.66085,Surface water
LBR,Liberia,rural,Drinking water,2020,25.9783,629501.89508,Surface water
LBR,Liberia,urban,Drinking water,2020,0.19775,5209.78956,Surface water
LBR,Liberia,total,Sanitation,2020,14.82137,749616.80157,Unimproved
LBR,Liberia,rural,Sanitation,2020,15.72437,381030.4352,Unimproved
LBR,Liberia,urban,Sanitation,2020,13.99079,368586.38196,Unimproved
LBR,Liberia,total,Drinking water,2020,3.48808,176415.86385,Unimproved
LBR,Liberia,rural,Drinking water,2020,3.38371,81993.50953,Unimproved
LBR,Liberia,urban,Drinking water,2020,3.58408,94422.35774,Unimproved
LBY,Libya,total,Drinking water,2020,99.89153,6863833.38998,At least basic
LBY,Libya,total,Sanitation,2020,70.48895,4843498.24537,Basic service
LBY,Libya,total,Sanitation,2020,7.14616,491032.84315,Limited service
LBY,Libya,total,Drinking water,2020,0,0,Limited service
LBY,Libya,total,Sanitation,2020,0.74784,51386.40084,Open defecation
LBY,Libya,total,Sanitation,2020,21.61705,1485369.5107,Safely managed service
LBY,Libya,total,Drinking water,2020,0,0,Surface water
LBY,Libya,total,Sanitation,2020,0,0,Unimproved
LBY,Libya,total,Drinking water,2020,0.10848,7453.7111,Unimproved
LCA,Saint Lucia,total,Sanitation,2020,83.36811,153088.02792,At least basic
LCA,Saint Lucia,rural,Sanitation,2020,84.28014,125603.90891,At least basic
LCA,Saint Lucia,urban,Sanitation,2020,79.43948,27484.10369,At least basic
LCA,Saint Lucia,total,Drinking water,2020,96.88785,177914.18622,At least basic
LCA,Saint Lucia,rural,Drinking water,2020,96.81403,144283.34657,At least basic
LCA,Saint Lucia,urban,Drinking water,2020,97.20583,33630.82349,At least basic
LCA,Saint Lucia,total,Sanitation,2020,10.3844,19068.76538,Limited service
LCA,Saint Lucia,rural,Sanitation,2020,8.57306,12776.5627,Limited service
LCA,Saint Lucia,urban,Sanitation,2020,18.18685,6292.20147,Limited service
LCA,Saint Lucia,total,Drinking water,2020,1.81565,3334.06392,Limited service
LCA,Saint Lucia,rural,Drinking water,2020,1.73415,2584.43225,Limited service
LCA,Saint Lucia,urban,Drinking water,2020,2.16672,749.63141,Limited service
LCA,Saint Lucia,total,Sanitation,2020,6.19966,11384.37925,Open defecation
LCA,Saint Lucia,rural,Sanitation,2020,7.1468,10650.98057,Open defecation
LCA,Saint Lucia,urban,Sanitation,2020,2.1198,733.3976,Open defecation
LCA,Saint Lucia,total,Drinking water,2020,0,0,Surface water
LCA,Saint Lucia,rural,Drinking water,2020,0,0,Surface water
LCA,Saint Lucia,urban,Drinking water,2020,0,0,Surface water
LCA,Saint Lucia,total,Sanitation,2020,0.04783,87.83173,Unimproved
LCA,Saint Lucia,rural,Sanitation,2020,0,0,Unimproved
LCA,Saint Lucia,urban,Sanitation,2020,0.25388,87.83555,Unimproved
LCA,Saint Lucia,total,Drinking water,2020,1.2965,2380.75599,Unimproved
LCA,Saint Lucia,rural,Drinking water,2020,1.45182,2163.67424,Unimproved
LCA,Saint Lucia,urban,Drinking water,2020,0.62746,217.08535,Unimproved
LIE,Liechtenstein,total,Sanitation,2020,1.2,457.644,Basic service
LIE,Liechtenstein,total,Drinking water,2020,0,0,Basic service
LIE,Liechtenstein,total,Sanitation,2020,0,0,Limited service
LIE,Liechtenstein,total,Drinking water,2020,0,0,Limited service
LIE,Liechtenstein,total,Sanitation,2020,0,0,Open defecation
LIE,Liechtenstein,total,Sanitation,2020,98.75,37660.2875,Safely managed service
LIE,Liechtenstein,total,Drinking water,2020,100,38137,Safely managed service
LIE,Liechtenstein,total,Drinking water,2020,0,0,Surface water
LIE,Liechtenstein,total,Sanitation,2020,0.05,19.0685,Unimproved
LIE,Liechtenstein,total,Drinking water,2020,0,0,Unimproved
LKA,Sri Lanka,total,Sanitation,2020,93.65293,20054136.29233,At least basic
LKA,Sri Lanka,rural,Sanitation,2020,93.86583,16338462.74531,At least basic
LKA,Sri Lanka,urban,Sanitation,2020,92.72817,3715674.89189,At least basic
LKA,Sri Lanka,total,Drinking water,2020,92.22758,19748921.67692,At least basic
LKA,Sri Lanka,rural,Drinking water,2020,90.53744,15759116.57119,At least basic
LKA,Sri Lanka,urban,Drinking water,2020,6.24174,250110.39417,Basic service
LKA,Sri Lanka,total,Sanitation,2020,3.9747,851111.95503,Limited service
LKA,Sri Lanka,rural,Sanitation,2020,3.9869,693966.65681,Limited service
LKA,Sri Lanka,urban,Sanitation,2020,3.92171,157145.31713,Limited service
LKA,Sri Lanka,total,Drinking water,2020,0.59546,127506.9423,Limited service
LKA,Sri Lanka,rural,Drinking water,2020,0.70321,122402.03792,Limited service
LKA,Sri Lanka,urban,Drinking water,2020,0.1274,5104.90779,Limited service
LKA,Sri Lanka,total,Sanitation,2020,0,0,Open defecation
LKA,Sri Lanka,rural,Sanitation,2020,0,0,Open defecation
LKA,Sri Lanka,urban,Sanitation,2020,0,0,Open defecation
LKA,Sri Lanka,urban,Drinking water,2020,93.32764,3739695.90525,Safely managed service
LKA,Sri Lanka,total,Drinking water,2020,1.82804,391441.79457,Surface water
LKA,Sri Lanka,rural,Drinking water,2020,2.24887,391441.80588,Surface water
LKA,Sri Lanka,urban,Drinking water,2020,0,0,Surface water
LKA,Sri Lanka,total,Sanitation,2020,2.37237,508000.95971,Unimproved
LKA,Sri Lanka,rural,Sanitation,2020,2.14727,373758.57316,Unimproved
LKA,Sri Lanka,urban,Sanitation,2020,3.35012,134241.41997,Unimproved
LKA,Sri Lanka,total,Drinking water,2020,5.34893,1145379.12453,Unimproved
LKA,Sri Lanka,rural,Drinking water,2020,6.51049,1133227.88752,Unimproved
LKA,Sri Lanka,urban,Drinking water,2020,0.30322,12150.29282,Unimproved
LSO,Lesotho,total,Hygiene,2020,5.51014,118041.01177,Basic service
LSO,Lesotho,rural,Hygiene,2020,3.55039,53980.0995,Basic service
LSO,Lesotho,urban,Hygiene,2020,10.30162,64060.91154,Basic service
LSO,Lesotho,total,Sanitation,2020,2.69639,57763.41442,Basic service
LSO,Lesotho,rural,Sanitation,2020,0.58486,8892.18802,Basic service
LSO,Lesotho,urban,Sanitation,2020,7.85897,48871.22757,Basic service
LSO,Lesotho,total,Drinking water,2020,43.26963,926944.41017,Basic service
LSO,Lesotho,rural,Drinking water,2020,54.71536,831891.83433,Basic service
LSO,Lesotho,urban,Drinking water,2020,15.28537,95052.5348,Basic service
LSO,Lesotho,total,Hygiene,2020,43.18913,925219.9333,Limited service
LSO,Lesotho,rural,Hygiene,2020,43.80591,666024.57151,Limited service
LSO,Lesotho,urban,Hygiene,2020,41.68113,259195.33494,Limited service
LSO,Lesotho,total,Sanitation,2020,21.10187,452055.15628,Limited service
LSO,Lesotho,rural,Sanitation,2020,10.81024,164358.84259,Limited service
LSO,Lesotho,urban,Sanitation,2020,46.26437,287696.31467,Limited service
LSO,Lesotho,total,Drinking water,2020,10.40593,222921.15721,Limited service
LSO,Lesotho,rural,Drinking water,2020,13.55843,206142.23611,Limited service
LSO,Lesotho,urban,Drinking water,2020,2.69821,16778.91063,Limited service
LSO,Lesotho,total,Hygiene,2020,51.30074,1098991.03162,No handwashing facility
LSO,Lesotho,rural,Hygiene,2020,52.6437,800394.34097,No handwashing facility
LSO,Lesotho,urban,Hygiene,2020,48.01725,298596.70496,No handwashing facility
LSO,Lesotho,total,Sanitation,2020,21.98574,470990.03798,Open defecation
LSO,Lesotho,rural,Sanitation,2020,29.12293,442784.79609,Open defecation
LSO,Lesotho,urban,Sanitation,2020,4.53567,28205.21921,Open defecation
LSO,Lesotho,total,Sanitation,2020,47.62169,1020176.56854,Safely managed service
LSO,Lesotho,rural,Sanitation,2020,50.9668,774898.78686,Safely managed service
LSO,Lesotho,urban,Sanitation,2020,39.44305,245277.74864,Safely managed service
LSO,Lesotho,total,Drinking water,2020,28.90641,619248.23461,Safely managed service
LSO,Lesotho,rural,Drinking water,2020,8.93499,135847.52392,Safely managed service
LSO,Lesotho,urban,Drinking water,2020,77.73554,483400.71983,Safely managed service
LSO,Lesotho,total,Drinking water,2020,5.20078,111413.81605,Surface water
LSO,Lesotho,rural,Drinking water,2020,7.05989,107338.50082,Surface water
LSO,Lesotho,urban,Drinking water,2020,0.65535,4075.30964,Surface water
LSO,Lesotho,total,Sanitation,2020,6.59431,141266.82272,Unimproved
LSO,Lesotho,rural,Sanitation,2020,8.51516,129464.38631,Unimproved
LSO,Lesotho,urban,Sanitation,2020,1.89795,11802.42991,Unimproved
LSO,Lesotho,total,Drinking water,2020,12.21725,261724.38187,Unimproved
LSO,Lesotho,rural,Drinking water,2020,15.73132,239178.90479,Unimproved
LSO,Lesotho,urban,Drinking water,2020,3.62553,22545.46513,Unimproved
LTU,Lithuania,rural,Drinking water,2020,93.78278,815798.55875,At least basic
LTU,Lithuania,total,Sanitation,2020,0,0,Basic service
LTU,Lithuania,rural,Sanitation,2020,0,0,Basic service
LTU,Lithuania,urban,Sanitation,2020,0,0,Basic service
LTU,Lithuania,total,Drinking water,2020,3.08956,84106.73738,Basic service
LTU,Lithuania,urban,Drinking water,2020,0.6757,12516.75383,Basic service
LTU,Lithuania,total,Sanitation,2020,2.11256,57509.93294,Limited service
LTU,Lithuania,rural,Sanitation,2020,2.43698,21198.78811,Limited service
LTU,Lithuania,urban,Sanitation,2020,1.96021,36311.14692,Limited service
LTU,Lithuania,total,Drinking water,2020,0,0,Limited service
LTU,Lithuania,rural,Drinking water,2020,0,0,Limited service
LTU,Lithuania,urban,Drinking water,2020,0,0,Limited service
LTU,Lithuania,total,Sanitation,2020,0,0,Open defecation
LTU,Lithuania,rural,Sanitation,2020,0,0,Open defecation
LTU,Lithuania,urban,Sanitation,2020,0,0,Open defecation
LTU,Lithuania,total,Sanitation,2020,93.93707,2557240.45618,Safely managed service
LTU,Lithuania,rural,Sanitation,2020,86.2233,750040.09221,Safely managed service
LTU,Lithuania,urban,Sanitation,2020,97.55942,1807200.45974,Safely managed service
LTU,Lithuania,total,Drinking water,2020,94.92379,2584101.79339,Safely managed service
LTU,Lithuania,urban,Drinking water,2020,99.3243,1839893.34624,Safely managed service
LTU,Lithuania,total,Drinking water,2020,0,0,Surface water
LTU,Lithuania,rural,Drinking water,2020,0,0,Surface water
LTU,Lithuania,urban,Drinking water,2020,0,0,Surface water
LTU,Lithuania,total,Sanitation,2020,3.95037,107540.61094,Unimproved
LTU,Lithuania,rural,Sanitation,2020,11.33972,98642.05971,Unimproved
LTU,Lithuania,urban,Sanitation,2020,0.48037,8898.49338,Unimproved
LTU,Lithuania,total,Drinking water,2020,1.98665,54082.46929,Unimproved
LTU,Lithuania,rural,Drinking water,2020,6.21722,54082.40979,Unimproved
LTU,Lithuania,urban,Drinking water,2020,0,0,Unimproved
LUX,Luxembourg,total,Sanitation,2020,0.8073,5053.5155,Basic service
LUX,Luxembourg,rural,Sanitation,2020,9.40542,5032.10616,Basic service
LUX,Luxembourg,urban,Sanitation,2020,0.00374,21.40964,Basic service
LUX,Luxembourg,total,Drinking water,2020,0.42084,2634.35946,Basic service
LUX,Luxembourg,rural,Drinking water,2020,2.0705,1107.76272,Basic service
LUX,Luxembourg,urban,Drinking water,2020,0.26667,1526.59683,Basic service
LUX,Luxembourg,total,Sanitation,2020,2.38076,14902.99623,Limited service
LUX,Luxembourg,rural,Sanitation,2020,1.10955,593.6312,Limited service
LUX,Luxembourg,urban,Sanitation,2020,2.49957,14309.36522,Limited service
LUX,Luxembourg,total,Drinking water,2020,0,0,Limited service
LUX,Luxembourg,rural,Drinking water,2020,0,0,Limited service
LUX,Luxembourg,urban,Drinking water,2020,0,0,Limited service
LUX,Luxembourg,total,Sanitation,2020,0,0,Open defecation
LUX,Luxembourg,rural,Sanitation,2020,0,0,Open defecation
LUX,Luxembourg,urban,Sanitation,2020,0,0,Open defecation
LUX,Luxembourg,total,Sanitation,2020,96.78405,605844.89553,Safely managed service
LUX,Luxembourg,rural,Sanitation,2020,89.34415,47801.07038,Safely managed service
LUX,Luxembourg,urban,Sanitation,2020,97.47936,558043.83392,Safely managed service
LUX,Luxembourg,total,Drinking water,2020,99.45909,622590.04699,Safely managed service
LUX,Luxembourg,rural,Drinking water,2020,96.52474,51642.84298,Safely managed service
LUX,Luxembourg,urban,Drinking water,2020,99.73333,570947.21315,Safely managed service
LUX,Luxembourg,total,Drinking water,2020,0,0,Surface water
LUX,Luxembourg,rural,Drinking water,2020,0,0,Surface water
LUX,Luxembourg,urban,Drinking water,2020,0,0,Surface water
LUX,Luxembourg,total,Sanitation,2020,0.02789,174.59276,Unimproved
LUX,Luxembourg,rural,Sanitation,2020,0.14088,75.37627,Unimproved
LUX,Luxembourg,urban,Sanitation,2020,0.01733,99.20124,Unimproved
LUX,Luxembourg,total,Drinking water,2020,0.12007,751.59351,Unimproved
LUX,Luxembourg,rural,Drinking water,2020,1.40476,751.5783,Unimproved
LUX,Luxembourg,urban,Drinking water,2020,0,0,Unimproved
LVA,Latvia,rural,Sanitation,2020,84.16762,503021.98547,At least basic
LVA,Latvia,urban,Sanitation,2020,96.25391,1240288.27558,At least basic
LVA,Latvia,rural,Drinking water,2020,98.57922,589151.95763,At least basic
LVA,Latvia,urban,Drinking water,2020,98.87692,1274087.38634,At least basic
LVA,Latvia,total,Sanitation,2020,9.01477,170036.73637,Basic service
LVA,Latvia,total,Drinking water,2020,2.4932,47026.76889,Basic service
LVA,Latvia,total,Sanitation,2020,2.1896,41300.31104,Limited service
LVA,Latvia,rural,Sanitation,2020,1.18172,7062.44442,Limited service
LVA,Latvia,urban,Sanitation,2020,2.65707,34237.86564,Limited service
LVA,Latvia,total,Drinking water,2020,0.6823,12869.57024,Limited service
LVA,Latvia,rural,Drinking water,2020,0,0,Limited service
LVA,Latvia,urban,Drinking water,2020,0.99876,12869.56983,Limited service
LVA,Latvia,total,Sanitation,2020,0,0,Open defecation
LVA,Latvia,rural,Sanitation,2020,0,0,Open defecation
LVA,Latvia,urban,Sanitation,2020,0,0,Open defecation
LVA,Latvia,total,Sanitation,2020,83.4096,1573273.56546,Safely managed service
LVA,Latvia,total,Drinking water,2020,96.2894,1816212.62971,Safely managed service
LVA,Latvia,total,Drinking water,2020,0,0,Surface water
LVA,Latvia,rural,Drinking water,2020,0,0,Surface water
LVA,Latvia,urban,Drinking water,2020,0,0,Surface water
LVA,Latvia,total,Sanitation,2020,5.38603,101591.38708,Unimproved
LVA,Latvia,rural,Sanitation,2020,14.65067,87558.71409,Unimproved
LVA,Latvia,urban,Sanitation,2020,1.08903,14032.7352,Unimproved
LVA,Latvia,total,Drinking water,2020,0.5351,10093.03114,Unimproved
LVA,Latvia,rural,Drinking water,2020,1.42078,8491.1753,Unimproved
LVA,Latvia,urban,Drinking water,2020,0.12432,1601.91698,Unimproved
MAC,"China, Macao Special Administrative Region",total,Sanitation,2020,33.43588,217113.24314,Basic service
MAC,"China, Macao Special Administrative Region",urban,Sanitation,2020,33.43588,217113.24314,Basic service
MAC,"China, Macao Special Administrative Region",total,Drinking water,2020,0.0225,146.10195,Basic service
MAC,"China, Macao Special Administrative Region",urban,Drinking water,2020,0,0,Basic service
MAC,"China, Macao Special Administrative Region",total,Sanitation,2020,0,0,Limited service
MAC,"China, Macao Special Administrative Region",urban,Sanitation,2020,0,0,Limited service
MAC,"China, Macao Special Administrative Region",total,Drinking water,2020,0,0,Limited service
MAC,"China, Macao Special Administrative Region",urban,Drinking water,2020,0,0,Limited service
MAC,"China, Macao Special Administrative Region",total,Sanitation,2020,0,0,Open defecation
MAC,"China, Macao Special Administrative Region",urban,Sanitation,2020,0,0,Open defecation
MAC,"China, Macao Special Administrative Region",total,Sanitation,2020,66.56412,432228.75686,Safely managed service
MAC,"China, Macao Special Administrative Region",urban,Sanitation,2020,66.56412,432228.75686,Safely managed service
MAC,"China, Macao Special Administrative Region",total,Drinking water,2020,99.9775,649195.89805,Safely managed service
MAC,"China, Macao Special Administrative Region",urban,Drinking water,2020,100,649342,Safely managed service
MAC,"China, Macao Special Administrative Region",total,Drinking water,2020,0,0,Surface water
MAC,"China, Macao Special Administrative Region",urban,Drinking water,2020,0,0,Surface water
MAC,"China, Macao Special Administrative Region",total,Sanitation,2020,0,0,Unimproved
MAC,"China, Macao Special Administrative Region",urban,Sanitation,2020,0,0,Unimproved
MAC,"China, Macao Special Administrative Region",total,Drinking water,2020,0,0,Unimproved
MAC,"China, Macao Special Administrative Region",urban,Drinking water,2020,0,0,Unimproved
MAF,Saint Martin (French Part),total,Sanitation,2020,100,0,At least basic
MAF,Saint Martin (French Part),urban,Sanitation,2020,100,0,At least basic
MAF,Saint Martin (French Part),total,Drinking water,2020,3.29998,0,Basic service
MAF,Saint Martin (French Part),urban,Drinking water,2020,3.29998,0,Basic service
MAF,Saint Martin (French Part),total,Sanitation,2020,0,0,Limited service
MAF,Saint Martin (French Part),urban,Sanitation,2020,0,0,Limited service
MAF,Saint Martin (French Part),total,Drinking water,2020,0,0,Limited service
MAF,Saint Martin (French Part),urban,Drinking water,2020,0,0,Limited service
MAF,Saint Martin (French Part),total,Sanitation,2020,0,0,Open defecation
MAF,Saint Martin (French Part),urban,Sanitation,2020,0,0,Open defecation
MAF,Saint Martin (French Part),total,Drinking water,2020,96.6993,0,Safely managed service
MAF,Saint Martin (French Part),urban,Drinking water,2020,96.6993,0,Safely managed service
MAF,Saint Martin (French Part),total,Drinking water,2020,0,0,Surface water
MAF,Saint Martin (French Part),urban,Drinking water,2020,0,0,Surface water
MAF,Saint Martin (French Part),total,Sanitation,2020,0,0,Unimproved
MAF,Saint Martin (French Part),urban,Sanitation,2020,0,0,Unimproved
MAF,Saint Martin (French Part),total,Drinking water,2020,0.00073,0,Unimproved
MAF,Saint Martin (French Part),urban,Drinking water,2020,0.00073,0,Unimproved
MAR,Morocco,rural,Sanitation,2020,71.37238,9607110.31999,At least basic
MAR,Morocco,total,Sanitation,2020,47.93082,17691534.69838,Basic service
MAR,Morocco,urban,Sanitation,2020,54.87008,12867042.8698,Basic service
MAR,Morocco,total,Drinking water,2020,10.45277,3858175.39254,Basic service
MAR,Morocco,rural,Drinking water,2020,16.16536,2175945.6633,Basic service
MAR,Morocco,urban,Drinking water,2020,7.17368,1682229.91654,Basic service
MAR,Morocco,total,Sanitation,2020,1.53486,566525.73163,Limited service
MAR,Morocco,rural,Sanitation,2020,0.9885,133058.11447,Limited service
MAR,Morocco,urban,Sanitation,2020,1.84847,433467.64941,Limited service
MAR,Morocco,total,Drinking water,2020,5.26355,1942805.63361,Limited service
MAR,Morocco,rural,Drinking water,2020,12.03708,1620256.08167,Limited service
MAR,Morocco,urban,Drinking water,2020,1.37548,322549.63152,Limited service
MAR,Morocco,total,Sanitation,2020,1.73345,639825.03856,Open defecation
MAR,Morocco,rural,Sanitation,2020,4.75334,639825.06195,Open defecation
MAR,Morocco,urban,Sanitation,2020,0,0,Open defecation
MAR,Morocco,total,Sanitation,2020,39.31961,14513087.90124,Safely managed service
MAR,Morocco,urban,Sanitation,2020,41.49452,9730471.60702,Safely managed service
MAR,Morocco,total,Drinking water,2020,79.94958,29509836.28197,Safely managed service
MAR,Morocco,rural,Drinking water,2020,61.18077,8235263.2842,Safely managed service
MAR,Morocco,urban,Drinking water,2020,90.72306,21274574.64352,Safely managed service
MAR,Morocco,total,Drinking water,2020,1.45643,537577.65716,Surface water
MAR,Morocco,rural,Drinking water,2020,3.99373,537577.67692,Surface water
MAR,Morocco,urban,Drinking water,2020,0,0,Surface water
MAR,Morocco,total,Sanitation,2020,9.48126,3499586.62908,Unimproved
MAR,Morocco,rural,Sanitation,2020,22.88578,3080549.91723,Unimproved
MAR,Morocco,urban,Sanitation,2020,1.78693,419035.87494,Unimproved
MAR,Morocco,total,Drinking water,2020,2.87767,1062165.03472,Unimproved
MAR,Morocco,rural,Drinking water,2020,6.62306,891500.29324,Unimproved
MAR,Morocco,urban,Drinking water,2020,0.72778,170663.80842,Unimproved
MCO,Monaco,total,Sanitation,2020,0,0,Basic service
MCO,Monaco,urban,Sanitation,2020,0,0,Basic service
MCO,Monaco,total,Drinking water,2020,0,0,Basic service
MCO,Monaco,urban,Drinking water,2020,0,0,Basic service
MCO,Monaco,total,Sanitation,2020,0,0,Limited service
MCO,Monaco,urban,Sanitation,2020,0,0,Limited service
MCO,Monaco,total,Drinking water,2020,0,0,Limited service
MCO,Monaco,urban,Drinking water,2020,0,0,Limited service
MCO,Monaco,total,Sanitation,2020,0,0,Open defecation
MCO,Monaco,urban,Sanitation,2020,0,0,Open defecation
MCO,Monaco,total,Sanitation,2020,100,39244,Safely managed service
MCO,Monaco,urban,Sanitation,2020,100,39244,Safely managed service
MCO,Monaco,total,Drinking water,2020,100,39244,Safely managed service
MCO,Monaco,urban,Drinking water,2020,100,39244,Safely managed service
MCO,Monaco,total,Drinking water,2020,0,0,Surface water
MCO,Monaco,urban,Drinking water,2020,0,0,Surface water
MCO,Monaco,total,Sanitation,2020,0,0,Unimproved
MCO,Monaco,urban,Sanitation,2020,0,0,Unimproved
MCO,Monaco,total,Drinking water,2020,0,0,Unimproved
MCO,Monaco,urban,Drinking water,2020,0,0,Unimproved
MDA,Republic of Moldova,total,Sanitation,2020,78.72914,3175904.42784,At least basic
MDA,Republic of Moldova,rural,Sanitation,2020,72.63286,1674514.44911,At least basic
MDA,Republic of Moldova,rural,Drinking water,2020,85.48104,1970722.91502,At least basic
MDA,Republic of Moldova,urban,Drinking water,2020,97.35744,1682835.99179,At least basic
MDA,Republic of Moldova,urban,Sanitation,2020,7.92186,136930.43639,Basic service
MDA,Republic of Moldova,total,Drinking water,2020,16.49889,665559.31446,Basic service
MDA,Republic of Moldova,total,Sanitation,2020,11.21685,452483.67518,Limited service
MDA,Republic of Moldova,rural,Sanitation,2020,10.48833,241803.29724,Limited service
MDA,Republic of Moldova,urban,Sanitation,2020,12.18853,210680.38683,Limited service
MDA,Republic of Moldova,total,Drinking water,2020,1.51978,61307.23226,Limited service
MDA,Republic of Moldova,rural,Drinking water,2020,1.52256,35101.93371,Limited service
MDA,Republic of Moldova,urban,Drinking water,2020,1.51606,26205.29972,Limited service
MDA,Republic of Moldova,total,Sanitation,2020,0.13335,5379.38393,Open defecation
MDA,Republic of Moldova,rural,Sanitation,2020,0.23333,5379.38403,Open defecation
MDA,Republic of Moldova,urban,Sanitation,2020,0,0,Open defecation
MDA,Republic of Moldova,urban,Sanitation,2020,78.93835,1364459.56159,Safely managed service
MDA,Republic of Moldova,total,Drinking water,2020,74.07107,2987999.45141,Safely managed service
MDA,Republic of Moldova,total,Drinking water,2020,0,0,Surface water
MDA,Republic of Moldova,rural,Drinking water,2020,0,0,Surface water
MDA,Republic of Moldova,urban,Drinking water,2020,0,0,Surface water
MDA,Republic of Moldova,total,Sanitation,2020,9.92065,400195.54076,Unimproved
MDA,Republic of Moldova,rural,Sanitation,2020,16.64548,383753.15494,Unimproved
MDA,Republic of Moldova,urban,Sanitation,2020,0.95125,16442.51523,Unimproved
MDA,Republic of Moldova,total,Drinking water,2020,7.91026,319097.00182,Unimproved
MDA,Republic of Moldova,rural,Drinking water,2020,12.9964,299625.51651,Unimproved
MDA,Republic of Moldova,urban,Drinking water,2020,1.1265,19471.61331,Unimproved
MDG,Madagascar,total,Hygiene,2020,26.56997,7357494.57967,Basic service
MDG,Madagascar,rural,Hygiene,2020,19.55179,3327825.0701,Basic service
MDG,Madagascar,urban,Hygiene,2020,37.76473,4029669.2832,Basic service
MDG,Madagascar,total,Sanitation,2020,1.93237,535092.08371,Basic service
MDG,Madagascar,rural,Sanitation,2020,0.45301,77104.55533,Basic service
MDG,Madagascar,urban,Sanitation,2020,4.29211,457987.51679,Basic service
MDG,Madagascar,total,Drinking water,2020,32.84651,9095532.95559,Basic service
MDG,Madagascar,rural,Drinking water,2020,26.93484,4584460.8933,Basic service
MDG,Madagascar,urban,Drinking water,2020,42.27627,4511071.77197,Basic service
MDG,Madagascar,total,Hygiene,2020,43.4917,12043294.20724,Limited service
MDG,Madagascar,rural,Hygiene,2020,44.3718,7552330.10227,Limited service
MDG,Madagascar,urban,Hygiene,2020,42.08782,4490963.67587,Limited service
MDG,Madagascar,total,Sanitation,2020,20.27188,5613488.96893,Limited service
MDG,Madagascar,rural,Sanitation,2020,13.72632,2336297.11059,Limited service
MDG,Madagascar,urban,Sanitation,2020,30.71276,3277191.69228,Limited service
MDG,Madagascar,total,Drinking water,2020,2.71797,752634.44149,Limited service
MDG,Madagascar,rural,Drinking water,2020,1.60178,272631.30492,Limited service
MDG,Madagascar,urban,Drinking water,2020,4.49843,480003.11561,Limited service
MDG,Madagascar,total,Hygiene,2020,29.93834,8290230.97772,No handwashing facility
MDG,Madagascar,rural,Hygiene,2020,36.0764,6140406.80721,No handwashing facility
MDG,Madagascar,urban,Hygiene,2020,20.14745,2149825.1359,No handwashing facility
MDG,Madagascar,total,Sanitation,2020,42.37673,11734547.68585,Open defecation
MDG,Madagascar,rural,Sanitation,2020,54.11559,9210777.01828,Open defecation
MDG,Madagascar,urban,Sanitation,2020,23.65194,2523770.19797,Open defecation
MDG,Madagascar,total,Sanitation,2020,10.37903,2874060.18137,Safely managed service
MDG,Madagascar,rural,Sanitation,2020,7.95554,1354078.02476,Safely managed service
MDG,Madagascar,urban,Sanitation,2020,14.24477,1519982.06773,Safely managed service
MDG,Madagascar,total,Drinking water,2020,20.53938,5687563.11202,Safely managed service
MDG,Madagascar,rural,Drinking water,2020,9.47158,1612116.44244,Safely managed service
MDG,Madagascar,urban,Drinking water,2020,38.19374,4075446.52223,Safely managed service
MDG,Madagascar,total,Drinking water,2020,11.58468,3207916.7314,Surface water
MDG,Madagascar,rural,Drinking water,2020,18.03791,3070153.67378,Surface water
MDG,Madagascar,urban,Drinking water,2020,1.29107,137762.91319,Surface water
MDG,Madagascar,total,Sanitation,2020,25.04,6933831.07848,Unimproved
MDG,Madagascar,rural,Sanitation,2020,23.74954,4042305.29105,Unimproved
MDG,Madagascar,urban,Sanitation,2020,27.09843,2891526.52459,Unimproved
MDG,Madagascar,total,Drinking water,2020,32.31146,8947372.75951,Unimproved
MDG,Madagascar,rural,Drinking water,2020,43.95389,7481199.68607,Unimproved
MDG,Madagascar,urban,Drinking water,2020,13.74049,1466173.67754,Unimproved
MDV,Maldives,total,Sanitation,2020,99.15533,535976.22805,At least basic
MDV,Maldives,rural,Sanitation,2020,98.74648,316688.80359,At least basic
MDV,Maldives,urban,Sanitation,2020,99.75182,219287.43915,At least basic
MDV,Maldives,total,Drinking water,2020,99.54444,538079.51346,At least basic
MDV,Maldives,rural,Drinking water,2020,99.91901,320449.24057,At least basic
MDV,Maldives,urban,Drinking water,2020,98.99799,217630.27191,At least basic
MDV,Maldives,total,Hygiene,2020,95.82998,518001.31336,Basic service
MDV,Maldives,rural,Hygiene,2020,94.9742,304590.78846,Basic service
MDV,Maldives,urban,Hygiene,2020,97.07847,213410.53946,Basic service
MDV,Maldives,total,Hygiene,2020,1.81552,9813.63455,Limited service
MDV,Maldives,rural,Hygiene,2020,1.37114,4397.3649,Limited service
MDV,Maldives,urban,Hygiene,2020,2.46381,5416.26989,Limited service
MDV,Maldives,total,Sanitation,2020,0.29839,1612.90782,Limited service
MDV,Maldives,rural,Sanitation,2020,0.3328,1067.31483,Limited service
MDV,Maldives,urban,Sanitation,2020,0.24819,545.59303,Limited service
MDV,Maldives,total,Drinking water,2020,0.04805,259.73417,Limited service
MDV,Maldives,rural,Drinking water,2020,0.08099,259.73418,Limited service
MDV,Maldives,urban,Drinking water,2020,0,0,Limited service
MDV,Maldives,total,Hygiene,2020,2.3545,12727.05267,No handwashing facility
MDV,Maldives,rural,Hygiene,2020,3.65466,11720.81628,No handwashing facility
MDV,Maldives,urban,Hygiene,2020,0.45772,1006.22069,No handwashing facility
MDV,Maldives,total,Sanitation,2020,0,0,Open defecation
MDV,Maldives,rural,Sanitation,2020,0,0,Open defecation
MDV,Maldives,urban,Sanitation,2020,0,0,Open defecation
MDV,Maldives,total,Drinking water,2020,0,0,Surface water
MDV,Maldives,rural,Drinking water,2020,0,0,Surface water
MDV,Maldives,urban,Drinking water,2020,0,0,Surface water
MDV,Maldives,total,Sanitation,2020,0.54628,2952.8576,Unimproved
MDV,Maldives,rural,Sanitation,2020,0.92072,2952.84245,Unimproved
MDV,Maldives,urban,Sanitation,2020,0,0,Unimproved
MDV,Maldives,total,Drinking water,2020,0.40751,2202.76652,Unimproved
MDV,Maldives,rural,Drinking water,2020,0,0,Unimproved
MDV,Maldives,urban,Drinking water,2020,1.00201,2202.75129,Unimproved
MEX,Mexico,rural,Sanitation,2020,86.0464,21377414.57297,At least basic
MEX,Mexico,rural,Drinking water,2020,98.33707,24430913.94054,At least basic
MEX,Mexico,urban,Drinking water,2020,100,104088696,At least basic
MEX,Mexico,total,Sanitation,2020,35.08296,45233425.51451,Basic service
MEX,Mexico,urban,Sanitation,2020,34.29491,35697126.61188,Basic service
MEX,Mexico,total,Drinking water,2020,56.65328,73044637.3473,Basic service
MEX,Mexico,total,Sanitation,2020,6.78721,8750939.70433,Limited service
MEX,Mexico,rural,Sanitation,2020,10.34846,2570976.19804,Limited service
MEX,Mexico,urban,Sanitation,2020,5.93721,6179963.54243,Limited service
MEX,Mexico,total,Drinking water,2020,0,0,Limited service
MEX,Mexico,rural,Drinking water,2020,0,0,Limited service
MEX,Mexico,urban,Drinking water,2020,0,0,Limited service
MEX,Mexico,total,Sanitation,2020,0.09646,124364.16692,Open defecation
MEX,Mexico,rural,Sanitation,2020,0.50058,124364.17148,Open defecation
MEX,Mexico,urban,Sanitation,2020,0,0,Open defecation
MEX,Mexico,total,Sanitation,2020,57.3411,73931461.91876,Safely managed service
MEX,Mexico,urban,Sanitation,2020,59.65138,62090345.95082,Safely managed service
MEX,Mexico,total,Drinking water,2020,43.02628,55474973.21782,Safely managed service
MEX,Mexico,total,Drinking water,2020,0,0,Surface water
MEX,Mexico,rural,Drinking water,2020,0,0,Surface water
MEX,Mexico,urban,Drinking water,2020,0,0,Surface water
MEX,Mexico,total,Sanitation,2020,0.69227,892560.69548,Unimproved
MEX,Mexico,rural,Sanitation,2020,3.10456,771298.8749,Unimproved
MEX,Mexico,urban,Sanitation,2020,0.1165,121259.89383,Unimproved
MEX,Mexico,total,Drinking water,2020,0.32043,413141.43101,Unimproved
MEX,Mexico,rural,Drinking water,2020,1.66293,413139.49227,Unimproved
MEX,Mexico,urban,Drinking water,2020,0,0,Unimproved
MHL,Marshall Islands,total,Sanitation,2020,84.15037,49811.96868,At least basic
MHL,Marshall Islands,rural,Sanitation,2020,58.79626,7728.54515,At least basic
MHL,Marshall Islands,urban,Sanitation,2020,91.3876,42083.42401,At least basic
MHL,Marshall Islands,total,Drinking water,2020,88.57204,52429.33594,At least basic
MHL,Marshall Islands,rural,Drinking water,2020,94.42972,12412.42855,At least basic
MHL,Marshall Islands,urban,Drinking water,2020,86.9,40016.91106,At least basic
MHL,Marshall Islands,total,Hygiene,2020,85.06835,50355.35677,Basic service
MHL,Marshall Islands,rural,Hygiene,2020,80.24665,10548.11815,Basic service
MHL,Marshall Islands,urban,Hygiene,2020,86.44468,39807.24026,Basic service
MHL,Marshall Islands,total,Hygiene,2020,12.5765,7444.53383,Limited service
MHL,Marshall Islands,rural,Hygiene,2020,15.45335,2031.28414,Limited service
MHL,Marshall Islands,urban,Hygiene,2020,11.75532,5413.24992,Limited service
MHL,Marshall Islands,total,Sanitation,2020,5.52506,3270.50419,Limited service
MHL,Marshall Islands,rural,Sanitation,2020,6.60559,868.27925,Limited service
MHL,Marshall Islands,urban,Sanitation,2020,5.21663,2402.22504,Limited service
MHL,Marshall Islands,total,Drinking water,2020,11.38798,6741.00029,Limited service
MHL,Marshall Islands,rural,Drinking water,2020,5.39028,708.53188,Limited service
MHL,Marshall Islands,urban,Drinking water,2020,13.1,6032.46865,Limited service
MHL,Marshall Islands,total,Hygiene,2020,2.35515,1394.10946,No handwashing facility
MHL,Marshall Islands,rural,Hygiene,2020,4.3,565.21873,No handwashing facility
MHL,Marshall Islands,urban,Hygiene,2020,1.8,828.8888,No handwashing facility
MHL,Marshall Islands,total,Sanitation,2020,9.75429,5773.95203,Open defecation
MHL,Marshall Islands,rural,Sanitation,2020,32.03,4210.22211,Open defecation
MHL,Marshall Islands,urban,Sanitation,2020,3.39577,1563.73004,Open defecation
MHL,Marshall Islands,total,Drinking water,2020,0,0,Surface water
MHL,Marshall Islands,rural,Drinking water,2020,0,0,Surface water
MHL,Marshall Islands,urban,Drinking water,2020,0,0,Surface water
MHL,Marshall Islands,total,Sanitation,2020,0.57029,337.57652,Unimproved
MHL,Marshall Islands,rural,Sanitation,2020,2.56816,337.57462,Unimproved
MHL,Marshall Islands,urban,Sanitation,2020,0,0,Unimproved
MHL,Marshall Islands,total,Drinking water,2020,0.03997,23.66222,Unimproved
MHL,Marshall Islands,rural,Drinking water,2020,0.18,23.66032,Unimproved
MHL,Marshall Islands,urban,Drinking water,2020,0,0,Unimproved
MKD,North Macedonia,total,Hygiene,2020,99.67369,2076581.60138,Basic service
MKD,North Macedonia,rural,Hygiene,2020,99.75111,862824.8043,Basic service
MKD,North Macedonia,urban,Hygiene,2020,99.61872,1213756.62667,Basic service
MKD,North Macedonia,total,Sanitation,2020,86.13116,1794439.17674,Basic service
MKD,North Macedonia,rural,Sanitation,2020,78.86796,682190.25821,Basic service
MKD,North Macedonia,urban,Sanitation,2020,91.2875,1112248.7672,Basic service
MKD,North Macedonia,total,Drinking water,2020,20.90941,435622.44327,Basic service
MKD,North Macedonia,rural,Drinking water,2020,31.52618,272694.39393,Basic service
MKD,North Macedonia,urban,Drinking water,2020,13.37227,162928.01947,Basic service
MKD,North Macedonia,total,Hygiene,2020,0.16302,3396.24766,Limited service
MKD,North Macedonia,rural,Hygiene,2020,0.12436,1075.72894,Limited service
MKD,North Macedonia,urban,Hygiene,2020,0.19046,2320.5184,Limited service
MKD,North Macedonia,total,Sanitation,2020,0.85226,17755.91154,Limited service
MKD,North Macedonia,rural,Sanitation,2020,1.26636,10953.77457,Limited service
MKD,North Macedonia,urban,Sanitation,2020,0.55828,6802.13573,Limited service
MKD,North Macedonia,total,Drinking water,2020,1.63499,34063.13928,Limited service
MKD,North Macedonia,rural,Drinking water,2020,1.5052,13019.6635,Limited service
MKD,North Macedonia,urban,Drinking water,2020,1.72714,21043.47292,Limited service
MKD,North Macedonia,total,Hygiene,2020,0.16329,3402.05087,No handwashing facility
MKD,North Macedonia,rural,Hygiene,2020,0.12453,1077.15673,No handwashing facility
MKD,North Macedonia,urban,Hygiene,2020,0.19082,2324.95481,No handwashing facility
MKD,North Macedonia,total,Sanitation,2020,0.12812,2669.14895,Open defecation
MKD,North Macedonia,rural,Sanitation,2020,0.30858,2669.14883,Open defecation
MKD,North Macedonia,urban,Sanitation,2020,0,0,Open defecation
MKD,North Macedonia,total,Sanitation,2020,12.19672,254104.07044,Safely managed service
MKD,North Macedonia,rural,Sanitation,2020,17.89096,154752.8556,Safely managed service
MKD,North Macedonia,urban,Sanitation,2020,8.15422,99351.19708,Safely managed service
MKD,North Macedonia,total,Drinking water,2020,76.83341,1600731.73438,Safely managed service
MKD,North Macedonia,rural,Drinking water,2020,65.94254,570388.24183,Safely managed service
MKD,North Macedonia,urban,Drinking water,2020,84.56513,1030343.35524,Safely managed service
MKD,North Macedonia,total,Drinking water,2020,0.04796,999.22227,Surface water
MKD,North Macedonia,rural,Drinking water,2020,0.11552,999.22223,Surface water
MKD,North Macedonia,urban,Drinking water,2020,0,0,Surface water
MKD,North Macedonia,total,Sanitation,2020,0.69174,14411.59241,Unimproved
MKD,North Macedonia,rural,Sanitation,2020,1.66613,14411.65279,Unimproved
MKD,North Macedonia,urban,Sanitation,2020,0,0,Unimproved
MKD,North Macedonia,total,Drinking water,2020,0.57423,11963.36065,Unimproved
MKD,North Macedonia,rural,Drinking water,2020,0.91056,7876.16852,Unimproved
MKD,North Macedonia,urban,Drinking water,2020,0.33546,4087.25237,Unimproved
MLI,Mali,total,Drinking water,2020,82.54729,16716515.60499,At least basic
MLI,Mali,rural,Drinking water,2020,72.08089,8187593.11791,At least basic
MLI,Mali,urban,Drinking water,2020,95.91746,8528921.81836,At least basic
MLI,Mali,total,Hygiene,2020,17.02577,3447860.00478,Basic service
MLI,Mali,rural,Hygiene,2020,9.12037,1035973.79884,Basic service
MLI,Mali,urban,Hygiene,2020,27.12441,2411886.1238,Basic service
MLI,Mali,total,Sanitation,2020,25.46957,5157799.88962,Basic service
MLI,Mali,rural,Sanitation,2020,9.29086,1055339.10969,Basic service
MLI,Mali,urban,Sanitation,2020,46.13685,4102460.61098,Basic service
MLI,Mali,total,Hygiene,2020,52.87155,10706930.49605,Limited service
MLI,Mali,rural,Hygiene,2020,61.44662,6979657.0673,Limited service
MLI,Mali,urban,Hygiene,2020,41.91744,3727273.51883,Limited service
MLI,Mali,total,Sanitation,2020,17.3202,3507485.55192,Limited service
MLI,Mali,rural,Sanitation,2020,7.41853,842663.46329,Limited service
MLI,Mali,urban,Sanitation,2020,29.96896,2664821.98447,Limited service
MLI,Mali,total,Drinking water,2020,3.85473,780615.8902,Limited service
MLI,Mali,rural,Drinking water,2020,3.78241,429640.23367,Limited service
MLI,Mali,urban,Drinking water,2020,3.94712,350975.65586,Limited service
MLI,Mali,total,Hygiene,2020,30.10268,6096043.41209,No handwashing facility
MLI,Mali,rural,Hygiene,2020,29.433,3343264.06287,No handwashing facility
MLI,Mali,urban,Hygiene,2020,30.95815,2752779.38138,No handwashing facility
MLI,Mali,total,Sanitation,2020,4.93614,999610.31529,Open defecation
MLI,Mali,rural,Sanitation,2020,8.51708,967445.82839,Open defecation
MLI,Mali,urban,Sanitation,2020,0.36173,32164.52445,Open defecation
MLI,Mali,total,Sanitation,2020,19.92464,4034906.19677,Safely managed service
MLI,Mali,rural,Sanitation,2020,27.99108,3179476.85043,Safely managed service
MLI,Mali,urban,Sanitation,2020,9.62028,855429.4311,Safely managed service
MLI,Mali,total,Drinking water,2020,1.351,273589.39309,Surface water
MLI,Mali,rural,Drinking water,2020,2.40859,273589.40411,Surface water
MLI,Mali,urban,Drinking water,2020,0,0,Surface water
MLI,Mali,total,Sanitation,2020,32.34944,6551032.04641,Unimproved
MLI,Mali,rural,Sanitation,2020,46.78245,5313969.74877,Unimproved
MLI,Mali,urban,Sanitation,2020,13.91218,1237062.44891,Unimproved
MLI,Mali,total,Drinking water,2020,12.24697,2480113.83812,Unimproved
MLI,Mali,rural,Drinking water,2020,21.7281,2468072.15991,Unimproved
MLI,Mali,urban,Drinking water,2020,0.13542,12041.77777,Unimproved
MLT,Malta,rural,Sanitation,2020,100,23207.277,At least basic
MLT,Malta,urban,Sanitation,2020,99.9625,418174.85201,At least basic
MLT,Malta,rural,Drinking water,2020,100,23207.277,At least basic
MLT,Malta,urban,Drinking water,2020,100,418331.72,At least basic
MLT,Malta,total,Sanitation,2020,8.0965,35749.19073,Basic service
MLT,Malta,total,Drinking water,2020,0,0,Basic service
MLT,Malta,total,Sanitation,2020,0,0,Limited service
MLT,Malta,rural,Sanitation,2020,0,0,Limited service
MLT,Malta,urban,Sanitation,2020,0,0,Limited service
MLT,Malta,total,Drinking water,2020,0,0,Limited service
MLT,Malta,rural,Drinking water,2020,0,0,Limited service
MLT,Malta,urban,Drinking water,2020,0,0,Limited service
MLT,Malta,total,Sanitation,2020,0,0,Open defecation
MLT,Malta,rural,Sanitation,2020,0,0,Open defecation
MLT,Malta,urban,Sanitation,2020,0,0,Open defecation
MLT,Malta,total,Sanitation,2020,91.86797,405632.93677,Safely managed service
MLT,Malta,total,Drinking water,2020,100,441539.00177,Safely managed service
MLT,Malta,total,Drinking water,2020,0,0,Surface water
MLT,Malta,rural,Drinking water,2020,0,0,Surface water
MLT,Malta,urban,Drinking water,2020,0,0,Surface water
MLT,Malta,total,Sanitation,2020,0.03553,156.87249,Unimproved
MLT,Malta,rural,Sanitation,2020,0,0,Unimproved
MLT,Malta,urban,Sanitation,2020,0.0375,156.8744,Unimproved
MLT,Malta,total,Drinking water,2020,0,0,Unimproved
MLT,Malta,rural,Drinking water,2020,0,0,Unimproved
MLT,Malta,urban,Drinking water,2020,0,0,Unimproved
MMR,Myanmar,total,Hygiene,2020,74.50769,40539478.53817,Basic service
MMR,Myanmar,rural,Hygiene,2020,70.65723,26472466.54175,Basic service
MMR,Myanmar,urban,Hygiene,2020,83.02182,14067013.45544,Basic service
MMR,Myanmar,total,Sanitation,2020,12.92346,7031627.77594,Basic service
MMR,Myanmar,rural,Sanitation,2020,7.00748,2625426.75806,Basic service
MMR,Myanmar,urban,Sanitation,2020,26.00487,4406201.23132,Basic service
MMR,Myanmar,total,Drinking water,2020,24.8871,13541019.28498,Basic service
MMR,Myanmar,rural,Drinking water,2020,26.34557,9870641.75322,Basic service
MMR,Myanmar,urban,Drinking water,2020,21.66213,3670378.04208,Basic service
MMR,Myanmar,total,Hygiene,2020,20.21875,11000982.18138,Limited service
MMR,Myanmar,rural,Hygiene,2020,22.9592,8601901.95418,Limited service
MMR,Myanmar,urban,Hygiene,2020,14.15909,2399080.64966,Limited service
MMR,Myanmar,total,Sanitation,2020,11.5874,6304679.79749,Limited service
MMR,Myanmar,rural,Sanitation,2020,10.26368,3845395.96041,Limited service
MMR,Myanmar,urban,Sanitation,2020,14.5144,2459284.05606,Limited service
MMR,Myanmar,total,Drinking water,2020,1.59544,868073.92544,Limited service
MMR,Myanmar,rural,Drinking water,2020,2.31696,868073.96291,Limited service
MMR,Myanmar,urban,Drinking water,2020,0,0,Limited service
MMR,Myanmar,total,Hygiene,2020,5.27356,2869331.23637,No handwashing facility
MMR,Myanmar,rural,Hygiene,2020,6.38357,2391671.49845,No handwashing facility
MMR,Myanmar,urban,Hygiene,2020,2.81909,477659.8983,No handwashing facility
MMR,Myanmar,total,Sanitation,2020,6.99607,3806546.99099,Open defecation
MMR,Myanmar,rural,Sanitation,2020,9.77925,3663896.9449,Open defecation
MMR,Myanmar,urban,Sanitation,2020,0.8419,142650.20622,Open defecation
MMR,Myanmar,total,Sanitation,2020,60.71342,33034043.91667,Safely managed service
MMR,Myanmar,rural,Sanitation,2020,64.01481,23983812.61582,Safely managed service
MMR,Myanmar,urban,Sanitation,2020,53.41338,9050232.53714,Safely managed service
MMR,Myanmar,total,Drinking water,2020,58.83109,32009874.79941,Safely managed service
MMR,Myanmar,rural,Drinking water,2020,52.07699,19511187.70631,Safely managed service
MMR,Myanmar,urban,Drinking water,2020,73.76576,12498688.22102,Safely managed service
MMR,Myanmar,total,Drinking water,2020,9.57695,5210796.59552,Surface water
MMR,Myanmar,rural,Drinking water,2020,12.66808,4746227.72146,Surface water
MMR,Myanmar,urban,Drinking water,2020,2.74183,464569.08804,Surface water
MMR,Myanmar,total,Sanitation,2020,7.77965,4232893.52381,Unimproved
MMR,Myanmar,rural,Sanitation,2020,8.93478,3347507.71969,Unimproved
MMR,Myanmar,urban,Sanitation,2020,5.22544,885385.96842,Unimproved
MMR,Myanmar,total,Drinking water,2020,5.10942,2780027.39519,Unimproved
MMR,Myanmar,rural,Drinking water,2020,6.59239,2469908.85835,Unimproved
MMR,Myanmar,urban,Drinking water,2020,1.83028,310118.65004,Unimproved
MNE,Montenegro,rural,Drinking water,2020,98.16189,200442.15826,At least basic
MNE,Montenegro,total,Hygiene,2020,99.2421,623301.91126,Basic service
MNE,Montenegro,rural,Hygiene,2020,99.27729,202719.7497,Basic service
MNE,Montenegro,urban,Hygiene,2020,99.22514,420582.14643,Basic service
MNE,Montenegro,total,Sanitation,2020,52.33355,328687.15386,Basic service
MNE,Montenegro,rural,Sanitation,2020,55.00681,112321.43045,Basic service
MNE,Montenegro,urban,Sanitation,2020,51.04572,216365.71537,Basic service
MNE,Montenegro,total,Drinking water,2020,13.78471,86576.54674,Basic service
MNE,Montenegro,urban,Drinking water,2020,11.87261,50324.01473,Basic service
MNE,Montenegro,total,Hygiene,2020,0.44501,2794.91838,Limited service
MNE,Montenegro,rural,Hygiene,2020,0.49281,1006.30485,Limited service
MNE,Montenegro,urban,Hygiene,2020,0.42198,1788.61346,Limited service
MNE,Montenegro,total,Sanitation,2020,0.24836,1559.84995,Limited service
MNE,Montenegro,rural,Sanitation,2020,0,0,Limited service
MNE,Montenegro,urban,Sanitation,2020,0.36801,1559.84992,Limited service
MNE,Montenegro,total,Drinking water,2020,0.54548,3425.94519,Limited service
MNE,Montenegro,rural,Drinking water,2020,0,0,Limited service
MNE,Montenegro,urban,Drinking water,2020,0.80826,3425.94512,Limited service
MNE,Montenegro,total,Hygiene,2020,0.31289,1965.17029,No handwashing facility
MNE,Montenegro,rural,Hygiene,2020,0.2299,469.44546,No handwashing facility
MNE,Montenegro,urban,Hygiene,2020,0.35288,1495.74011,No handwashing facility
MNE,Montenegro,total,Sanitation,2020,0.04185,262.81734,Open defecation
MNE,Montenegro,rural,Sanitation,2020,0.12871,262.81733,Open defecation
MNE,Montenegro,urban,Sanitation,2020,0,0,Open defecation
MNE,Montenegro,total,Sanitation,2020,45.43822,285380.19732,Safely managed service
MNE,Montenegro,rural,Sanitation,2020,38.90353,79439.25587,Safely managed service
MNE,Montenegro,urban,Sanitation,2020,48.58627,205940.93472,Safely managed service
MNE,Montenegro,total,Drinking water,2020,85.0722,534306.1803,Safely managed service
MNE,Montenegro,urban,Drinking water,2020,87.31913,370116.54016,Safely managed service
MNE,Montenegro,total,Drinking water,2020,0.00529,33.24113,Surface water
MNE,Montenegro,rural,Drinking water,2020,0.01628,33.24113,Surface water
MNE,Montenegro,urban,Drinking water,2020,0,0,Surface water
MNE,Montenegro,total,Sanitation,2020,1.93802,12171.98153,Unimproved
MNE,Montenegro,rural,Sanitation,2020,5.96095,12171.99637,Unimproved
MNE,Montenegro,urban,Sanitation,2020,0,0,Unimproved
MNE,Montenegro,total,Drinking water,2020,0.59231,3720.08666,Unimproved
MNE,Montenegro,rural,Drinking water,2020,1.82183,3720.10179,Unimproved
MNE,Montenegro,urban,Drinking water,2020,0,0,Unimproved
MNG,Mongolia,total,Hygiene,2020,86.35624,2831009.83364,Basic service
MNG,Mongolia,rural,Hygiene,2020,81.15261,833855.29385,Basic service
MNG,Mongolia,urban,Hygiene,2020,88.73179,1997154.63165,Basic service
MNG,Mongolia,total,Sanitation,2020,12.20207,400019.51874,Basic service
MNG,Mongolia,rural,Sanitation,2020,1.92474,19776.99386,Basic service
MNG,Mongolia,urban,Sanitation,2020,16.89383,380242.54742,Basic service
MNG,Mongolia,total,Drinking water,2020,55.43478,1817313.94714,Basic service
MNG,Mongolia,rural,Drinking water,2020,49.68852,510557.01648,Basic service
MNG,Mongolia,urban,Drinking water,2020,58.05804,1306756.99184,Basic service
MNG,Mongolia,total,Hygiene,2020,13.64376,447282.16636,Limited service
MNG,Mongolia,rural,Hygiene,2020,18.84739,193659.80615,Limited service
MNG,Mongolia,urban,Hygiene,2020,11.26821,253622.36835,Limited service
MNG,Mongolia,total,Sanitation,2020,21.07276,690826.48363,Limited service
MNG,Mongolia,rural,Sanitation,2020,19.31519,198466.44576,Limited service
MNG,Mongolia,urban,Sanitation,2020,21.87512,492360.06097,Limited service
MNG,Mongolia,total,Drinking water,2020,2.14643,70366.2079,Limited service
MNG,Mongolia,rural,Drinking water,2020,3.08417,31690.31834,Limited service
MNG,Mongolia,urban,Drinking water,2020,1.71834,38675.89074,Limited service
MNG,Mongolia,total,Hygiene,2020,0,0,No handwashing facility
MNG,Mongolia,rural,Hygiene,2020,0,0,No handwashing facility
MNG,Mongolia,urban,Hygiene,2020,0,0,No handwashing facility
MNG,Mongolia,total,Sanitation,2020,8.42187,276093.35297,Open defecation
MNG,Mongolia,rural,Sanitation,2020,25.38791,260864.64427,Open defecation
MNG,Mongolia,urban,Sanitation,2020,0.6766,15228.69967,Open defecation
MNG,Mongolia,total,Sanitation,2020,55.53872,1820721.42712,Safely managed service
MNG,Mongolia,rural,Sanitation,2020,48.70861,500488.35008,Safely managed service
MNG,Mongolia,urban,Sanitation,2020,58.65677,1320233.13965,Safely managed service
MNG,Mongolia,total,Drinking water,2020,30.06085,985482.29676,Safely managed service
MNG,Mongolia,rural,Drinking water,2020,11.38223,116954.17317,Safely managed service
MNG,Mongolia,urban,Drinking water,2020,38.58793,868528.17286,Safely managed service
MNG,Mongolia,total,Drinking water,2020,5.72458,187668.41805,Surface water
MNG,Mongolia,rural,Drinking water,2020,18.2643,187668.41092,Surface water
MNG,Mongolia,urban,Drinking water,2020,0,0,Surface water
MNG,Mongolia,total,Sanitation,2020,2.76459,90631.21751,Unimproved
MNG,Mongolia,rural,Sanitation,2020,4.66355,47918.66605,Unimproved
MNG,Mongolia,urban,Sanitation,2020,1.89768,42712.55229,Unimproved
MNG,Mongolia,total,Drinking water,2020,6.63337,217461.13032,Unimproved
MNG,Mongolia,rural,Drinking water,2020,17.58078,180645.18112,Unimproved
MNG,Mongolia,urban,Drinking water,2020,1.6357,36815.94456,Unimproved
MNP,Northern Mariana Islands,total,Sanitation,2020,79.11632,45536.97901,At least basic
MNP,Northern Mariana Islands,total,Drinking water,2020,9.47379,5452.8311,Basic service
MNP,Northern Mariana Islands,total,Sanitation,2020,18.81475,10829.20706,Limited service
MNP,Northern Mariana Islands,total,Drinking water,2020,0,0,Limited service
MNP,Northern Mariana Islands,total,Sanitation,2020,0.15963,91.87727,Open defecation
MNP,Northern Mariana Islands,total,Drinking water,2020,90.52621,52104.16891,Safely managed service
MNP,Northern Mariana Islands,total,Drinking water,2020,0,0,Surface water
MNP,Northern Mariana Islands,total,Sanitation,2020,1.9093,1098.93764,Unimproved
MNP,Northern Mariana Islands,total,Drinking water,2020,0,0,Unimproved
MOZ,Mozambique,total,Sanitation,2020,37.20487,11628543.80664,At least basic
MOZ,Mozambique,urban,Sanitation,2020,61.34299,7108204.50576,At least basic
MOZ,Mozambique,total,Drinking water,2020,63.36943,19806390.61516,At least basic
MOZ,Mozambique,rural,Drinking water,2020,48.86669,9611000.46256,At least basic
MOZ,Mozambique,urban,Drinking water,2020,87.98505,10195390.42951,At least basic
MOZ,Mozambique,rural,Sanitation,2020,1.70611,335554.91976,Basic service
MOZ,Mozambique,total,Sanitation,2020,4.97057,1553572.97231,Limited service
MOZ,Mozambique,rural,Sanitation,2020,1.70263,334869.12495,Limited service
MOZ,Mozambique,urban,Sanitation,2020,10.51727,1218703.88022,Limited service
MOZ,Mozambique,total,Drinking water,2020,9.97578,3117974.94208,Limited service
MOZ,Mozambique,rural,Drinking water,2020,12.64088,2486183.19708,Limited service
MOZ,Mozambique,urban,Drinking water,2020,5.45229,631791.85596,Limited service
MOZ,Mozambique,total,Sanitation,2020,20.74359,6483500.1998,Open defecation
MOZ,Mozambique,rural,Sanitation,2020,29.98456,5897302.17097,Open defecation
MOZ,Mozambique,urban,Sanitation,2020,5.05882,586198.27801,Open defecation
MOZ,Mozambique,rural,Sanitation,2020,21.27734,4184784.74588,Safely managed service
MOZ,Mozambique,total,Drinking water,2020,9.92864,3103241.20832,Surface water
MOZ,Mozambique,rural,Drinking water,2020,14.80617,2912048.00332,Surface water
MOZ,Mozambique,urban,Drinking water,2020,1.64998,191193.32578,Surface water
MOZ,Mozambique,total,Sanitation,2020,37.08097,11589819.1247,Unimproved
MOZ,Mozambique,rural,Sanitation,2020,45.32935,8915285.04001,Unimproved
MOZ,Mozambique,urban,Sanitation,2020,23.08092,2674533.5104,Unimproved
MOZ,Mozambique,total,Drinking water,2020,16.72615,5227829.58012,Unimproved
MOZ,Mozambique,rural,Drinking water,2020,23.68626,4658564.58879,Unimproved
MOZ,Mozambique,urban,Drinking water,2020,4.91268,569264.21088,Unimproved
MRT,Mauritania,total,Sanitation,2020,49.83422,2317121.83503,At least basic
MRT,Mauritania,rural,Sanitation,2020,18.91616,392915.66752,At least basic
MRT,Mauritania,urban,Sanitation,2020,74.79858,1924206.31676,At least basic
MRT,Mauritania,total,Drinking water,2020,71.68105,3332924.90159,At least basic
MRT,Mauritania,rural,Drinking water,2020,49.91134,1036729.78048,At least basic
MRT,Mauritania,urban,Drinking water,2020,89.2587,2296195.4352,At least basic
MRT,Mauritania,total,Sanitation,2020,7.64332,355388.6244,Limited service
MRT,Mauritania,rural,Sanitation,2020,6.32209,131318.89152,Limited service
MRT,Mauritania,urban,Sanitation,2020,8.71014,224069.74046,Limited service
MRT,Mauritania,total,Drinking water,2020,13.47689,626629.65331,Limited service
MRT,Mauritania,rural,Drinking water,2020,18.4904,384071.94769,Limited service
MRT,Mauritania,urban,Drinking water,2020,9.42881,242557.71912,Limited service
MRT,Mauritania,total,Sanitation,2020,30.67497,1426281.65434,Open defecation
MRT,Mauritania,rural,Sanitation,2020,58.44984,1214086.59457,Open defecation
MRT,Mauritania,urban,Sanitation,2020,8.24854,212195.09177,Open defecation
MRT,Mauritania,total,Drinking water,2020,0.02173,1010.46569,Surface water
MRT,Mauritania,rural,Drinking water,2020,0.04865,1010.46573,Surface water
MRT,Mauritania,urban,Drinking water,2020,0,0,Surface water
MRT,Mauritania,total,Sanitation,2020,11.84749,550867.79848,Unimproved
MRT,Mauritania,rural,Sanitation,2020,16.31191,338821.66432,Unimproved
MRT,Mauritania,urban,Sanitation,2020,8.24275,212046.14623,Unimproved
MRT,Mauritania,total,Drinking water,2020,14.82033,689094.80755,Unimproved
MRT,Mauritania,rural,Drinking water,2020,31.54962,655330.60417,Unimproved
MRT,Mauritania,urban,Drinking water,2020,1.3125,33764.21933,Unimproved
MSR,Montserrat,total,Sanitation,2020,89.09775,4453.99641,At least basic
MSR,Montserrat,total,Drinking water,2020,98.07748,4902.89343,At least basic
MSR,Montserrat,total,Sanitation,2020,10.54896,527.34262,Limited service
MSR,Montserrat,total,Drinking water,2020,0,0,Limited service
MSR,Montserrat,total,Sanitation,2020,0,0,Open defecation
MSR,Montserrat,total,Drinking water,2020,0,0,Surface water
MSR,Montserrat,total,Sanitation,2020,0.35329,17.66083,Unimproved
MSR,Montserrat,total,Drinking water,2020,1.92252,96.10664,Unimproved
MTQ,Martinique,total,Sanitation,2020,99.52827,373494.77945,At least basic
MTQ,Martinique,total,Drinking water,2020,0.78463,2944.45053,Basic service
MTQ,Martinique,total,Sanitation,2020,0,0,Limited service
MTQ,Martinique,total,Drinking water,2020,0,0,Limited service
MTQ,Martinique,total,Sanitation,2020,0,0,Open defecation
MTQ,Martinique,total,Drinking water,2020,99.05734,371727.52113,Safely managed service
MTQ,Martinique,total,Drinking water,2020,0,0,Surface water
MTQ,Martinique,total,Sanitation,2020,0.47173,1770.22974,Unimproved
MTQ,Martinique,total,Drinking water,2020,0.15803,593.02834,Unimproved
MUS,Mauritius,urban,Sanitation,2020,95.96854,497474.23253,At least basic
MUS,Mauritius,total,Drinking water,2020,99.86626,1270066.09697,At least basic
MUS,Mauritius,rural,Drinking water,2020,99.82768,752096.5789,At least basic
MUS,Mauritius,urban,Drinking water,2020,99.92232,517969.5355,At least basic
MUS,Mauritius,urban,Sanitation,2020,3.93423,20393.97416,Limited service
MUS,Mauritius,total,Drinking water,2020,0,0,Limited service
MUS,Mauritius,rural,Drinking water,2020,0,0,Limited service
MUS,Mauritius,urban,Drinking water,2020,0,0,Limited service
MUS,Mauritius,urban,Sanitation,2020,0,0,Open defecation
MUS,Mauritius,total,Drinking water,2020,0,0,Surface water
MUS,Mauritius,rural,Drinking water,2020,0,0,Surface water
MUS,Mauritius,urban,Drinking water,2020,0,0,Surface water
MUS,Mauritius,urban,Sanitation,2020,0.09723,504.01233,Unimproved
MUS,Mauritius,total,Drinking water,2020,0.13375,1700.9286,Unimproved
MUS,Mauritius,rural,Drinking water,2020,0.17232,1298.23232,Unimproved
MUS,Mauritius,urban,Drinking water,2020,0.07768,402.69632,Unimproved
MWI,Malawi,total,Drinking water,2020,70.04773,13400099.83044,At least basic
MWI,Malawi,rural,Drinking water,2020,66.58504,10517892.20747,At least basic
MWI,Malawi,urban,Drinking water,2020,86.4547,2882207.22494,At least basic
MWI,Malawi,total,Hygiene,2020,8.25862,1579871.18772,Basic service
MWI,Malawi,rural,Hygiene,2020,7.02096,1109043.1563,Basic service
MWI,Malawi,urban,Hygiene,2020,14.12296,470827.99581,Basic service
MWI,Malawi,total,Sanitation,2020,2.34333,448278.31339,Basic service
MWI,Malawi,rural,Sanitation,2020,1.2912,203959.95605,Basic service
MWI,Malawi,urban,Sanitation,2020,7.32857,244318.35068,Basic service
MWI,Malawi,total,Hygiene,2020,75.67461,14476518.97445,Limited service
MWI,Malawi,rural,Hygiene,2020,75.13309,11868156.33317,Limited service
MWI,Malawi,urban,Hygiene,2020,78.24044,2608362.26497,Limited service
MWI,Malawi,total,Sanitation,2020,13.48532,2579736.00819,Limited service
MWI,Malawi,rural,Sanitation,2020,10.94004,1728107.68777,Limited service
MWI,Malawi,urban,Sanitation,2020,25.54544,851628.26635,Limited service
MWI,Malawi,total,Drinking water,2020,21.95081,4199181.2454,Limited service
MWI,Malawi,rural,Drinking water,2020,24.41416,3856503.85962,Limited service
MWI,Malawi,urban,Drinking water,2020,10.27895,342677.264,Limited service
MWI,Malawi,total,Hygiene,2020,16.06677,3073565.77337,No handwashing facility
MWI,Malawi,rural,Hygiene,2020,17.84595,2818978.5001,No handwashing facility
MWI,Malawi,urban,Hygiene,2020,7.6366,254587.23726,No handwashing facility
MWI,Malawi,total,Sanitation,2020,4.46366,853897.09233,Open defecation
MWI,Malawi,rural,Sanitation,2020,5.14536,812769.71949,Open defecation
MWI,Malawi,urban,Sanitation,2020,1.23366,41127.34722,Open defecation
MWI,Malawi,total,Sanitation,2020,24.21093,4631540.79183,Safely managed service
MWI,Malawi,rural,Sanitation,2020,23.62052,3731139.8355,Safely managed service
MWI,Malawi,urban,Sanitation,2020,27.00843,900400.83809,Safely managed service
MWI,Malawi,total,Drinking water,2020,2.22515,425670.61958,Surface water
MWI,Malawi,rural,Drinking water,2020,2.61692,413373.98359,Surface water
MWI,Malawi,urban,Drinking water,2020,0.36885,12296.62314,Surface water
MWI,Malawi,total,Sanitation,2020,55.49675,10616503.7933,Unimproved
MWI,Malawi,rural,Sanitation,2020,59.00289,9320200.80292,Unimproved
MWI,Malawi,urban,Sanitation,2020,38.8839,1296302.69765,Unimproved
MWI,Malawi,total,Drinking water,2020,5.7763,1105004.49149,Unimproved
MWI,Malawi,rural,Drinking water,2020,6.38387,1008408.1234,Unimproved
MWI,Malawi,urban,Drinking water,2020,2.8975,96596.33628,Unimproved
MYS,Malaysia,urban,Sanitation,2020,99.86251,24939267.96168,At least basic
MYS,Malaysia,rural,Drinking water,2020,90.19745,6667750.33708,At least basic
MYS,Malaysia,urban,Drinking water,2020,99.1431,24759604.41814,At least basic
MYS,Malaysia,total,Drinking water,2020,3.28169,1062151.86574,Basic service
MYS,Malaysia,urban,Sanitation,2020,0,0,Limited service
MYS,Malaysia,total,Drinking water,2020,0.35454,114750.30768,Limited service
MYS,Malaysia,rural,Drinking water,2020,0.54445,40247.98968,Limited service
MYS,Malaysia,urban,Drinking water,2020,0.29832,74502.31958,Limited service
MYS,Malaysia,urban,Sanitation,2020,0,0,Open defecation
MYS,Malaysia,total,Drinking water,2020,93.81822,30365202.11486,Safely managed service
MYS,Malaysia,urban,Drinking water,2020,0.09,22476.2436,Surface water
MYS,Malaysia,urban,Sanitation,2020,0.13749,34336.18167,Unimproved
MYS,Malaysia,total,Drinking water,2020,2.54555,823893.71107,Unimproved
MYS,Malaysia,rural,Drinking water,2020,9.2581,684395.21796,Unimproved
MYS,Malaysia,urban,Drinking water,2020,0.46858,117021.27167,Unimproved
MYT,Mayotte,total,Sanitation,2020,100,272813,At least basic
MYT,Mayotte,total,Drinking water,2020,2.92127,7969.59503,Basic service
MYT,Mayotte,total,Sanitation,2020,0,0,Limited service
MYT,Mayotte,total,Drinking water,2020,0,0,Limited service
MYT,Mayotte,total,Sanitation,2020,0,0,Open defecation
MYT,Mayotte,total,Drinking water,2020,93.44991,254943.51145,Safely managed service
MYT,Mayotte,total,Sanitation,2020,0,0,Unimproved
MYT,Mayotte,total,Drinking water,2020,3.62882,9899.89351,Unimproved
NAM,Namibia,total,Sanitation,2020,35.25997,895926.16343,At least basic
NAM,Namibia,rural,Sanitation,2020,19.55067,238283.83513,At least basic
NAM,Namibia,urban,Sanitation,2020,49.7417,657642.3664,At least basic
NAM,Namibia,total,Drinking water,2020,84.27003,2141230.79718,At least basic
NAM,Namibia,rural,Drinking water,2020,71.25616,868470.91735,At least basic
NAM,Namibia,urban,Drinking water,2020,96.26697,1272759.92467,At least basic
NAM,Namibia,total,Sanitation,2020,12.80489,325361.48024,Limited service
NAM,Namibia,rural,Sanitation,2020,4.03508,49179.65305,Limited service
NAM,Namibia,urban,Sanitation,2020,20.8894,276181.83396,Limited service
NAM,Namibia,total,Drinking water,2020,7.08763,180090.66142,Limited service
NAM,Namibia,rural,Drinking water,2020,11.97219,145917.17427,Limited service
NAM,Namibia,urban,Drinking water,2020,2.58476,34173.48341,Limited service
NAM,Namibia,total,Sanitation,2020,47.15931,1198278.45353,Open defecation
NAM,Namibia,rural,Sanitation,2020,70.87417,863815.17796,Open defecation
NAM,Namibia,urban,Sanitation,2020,25.29759,334463.25724,Open defecation
NAM,Namibia,total,Drinking water,2020,4.90219,124560.5932,Surface water
NAM,Namibia,rural,Drinking water,2020,9.68984,118099.87118,Surface water
NAM,Namibia,urban,Drinking water,2020,0.48867,6460.71834,Surface water
NAM,Namibia,total,Sanitation,2020,4.77583,121349.88112,Unimproved
NAM,Namibia,rural,Sanitation,2020,5.54007,67522.42263,Unimproved
NAM,Namibia,urban,Sanitation,2020,4.07131,53827.4579,Unimproved
NAM,Namibia,total,Drinking water,2020,3.74014,95033.91026,Unimproved
NAM,Namibia,rural,Drinking water,2020,7.0818,86313.10211,Unimproved
NAM,Namibia,urban,Drinking water,2020,0.65961,8720.80558,Unimproved
NCL,New Caledonia,total,Sanitation,2020,100,285491,At least basic
NCL,New Caledonia,total,Drinking water,2020,2.66712,7614.38826,Basic service
NCL,New Caledonia,total,Sanitation,2020,0,0,Limited service
NCL,New Caledonia,total,Drinking water,2020,0,0,Limited service
NCL,New Caledonia,total,Sanitation,2020,0,0,Open defecation
NCL,New Caledonia,total,Drinking water,2020,96.6382,275893.3645,Safely managed service
NCL,New Caledonia,total,Drinking water,2020,0,0,Surface water
NCL,New Caledonia,total,Sanitation,2020,0,0,Unimproved
NCL,New Caledonia,total,Drinking water,2020,0.69468,1983.24725,Unimproved
NER,Niger,total,Drinking water,2020,46.9118,11355767.83676,At least basic
NER,Niger,rural,Drinking water,2020,39.15416,7902108.14204,At least basic
NER,Niger,urban,Drinking water,2020,85.81384,3453660.0545,At least basic
NER,Niger,total,Hygiene,2020,23.48585,5685133.34231,Basic service
NER,Niger,rural,Hygiene,2020,20.48304,4133894.7589,Basic service
NER,Niger,urban,Hygiene,2020,38.54396,1551238.56098,Basic service
NER,Niger,total,Sanitation,2020,-1.4361,-347632.16988,Basic service
NER,Niger,rural,Sanitation,2020,-3.46479,-699265.19009,Basic service
NER,Niger,urban,Sanitation,2020,8.7371,351633.04874,Basic service
NER,Niger,total,Hygiene,2020,52.50626,12709999.24025,Limited service
NER,Niger,rural,Hygiene,2020,51.08495,10309984.45568,Limited service
NER,Niger,urban,Hygiene,2020,59.63369,2400014.66739,Limited service
NER,Niger,total,Sanitation,2020,10.07798,2439540.42615,Limited service
NER,Niger,rural,Sanitation,2020,6.06999,1225048.30325,Limited service
NER,Niger,urban,Sanitation,2020,30.17675,1214492.1471,Limited service
NER,Niger,total,Drinking water,2020,21.6539,5241680.43812,Limited service
NER,Niger,rural,Drinking water,2020,23.98774,4841215.36061,Limited service
NER,Niger,urban,Drinking water,2020,9.95044,400464.99383,Limited service
NER,Niger,total,Hygiene,2020,24.00789,5811503.63772,No handwashing facility
NER,Niger,rural,Hygiene,2020,28.43202,5738160.9166,No handwashing facility
NER,Niger,urban,Hygiene,2020,1.82235,73342.26986,No handwashing facility
NER,Niger,total,Sanitation,2020,68.10619,16486217.92312,Open defecation
NER,Niger,rural,Sanitation,2020,79.40613,16025776.33377,Open defecation
NER,Niger,urban,Sanitation,2020,11.44068,460441.27557,Open defecation
NER,Niger,total,Sanitation,2020,16.18741,3918427.03648,Safely managed service
NER,Niger,rural,Sanitation,2020,10.84799,2189345.30965,Safely managed service
NER,Niger,urban,Sanitation,2020,42.96287,1729081.7508,Safely managed service
NER,Niger,total,Drinking water,2020,4.40679,1066735.95154,Surface water
NER,Niger,rural,Drinking water,2020,4.86659,982177.90998,Surface water
NER,Niger,urban,Drinking water,2020,2.10103,84558.0246,Surface water
NER,Niger,total,Sanitation,2020,7.06452,1710082.78412,Unimproved
NER,Niger,rural,Sanitation,2020,7.14068,1441135.24342,Unimproved
NER,Niger,urban,Sanitation,2020,6.68259,268947.27756,Unimproved
NER,Niger,total,Drinking water,2020,27.02751,6542451.55621,Unimproved
NER,Niger,rural,Drinking water,2020,31.99151,6456538.6344,Unimproved
NER,Niger,urban,Drinking water,2020,2.13469,85912.54833,Unimproved
NGA,Nigeria,total,Hygiene,2020,33.19749,68433180.82627,Basic service
NGA,Nigeria,rural,Hygiene,2020,25.00286,24761228.92499,Basic service
NGA,Nigeria,urban,Hygiene,2020,40.77451,43671952.66899,Basic service
NGA,Nigeria,total,Sanitation,2020,12.21308,25175984.57112,Basic service
NGA,Nigeria,rural,Sanitation,2020,7.44332,7371385.15039,Basic service
NGA,Nigeria,urban,Sanitation,2020,16.62334,17804599.86707,Basic service
NGA,Nigeria,total,Drinking water,2020,55.93976,115314005.9773,Basic service
NGA,Nigeria,rural,Drinking water,2020,44.00768,43582380.66945,Basic service
NGA,Nigeria,urban,Drinking water,2020,66.97255,71731626.45558,Basic service
NGA,Nigeria,total,Hygiene,2020,36.43535,75107677.92538,Limited service
NGA,Nigeria,rural,Hygiene,2020,41.10777,40710498.22067,Limited service
NGA,Nigeria,urban,Hygiene,2020,32.11508,34397179.26369,Limited service
NGA,Nigeria,total,Sanitation,2020,19.538,40275553.89362,Limited service
NGA,Nigeria,rural,Sanitation,2020,8.34172,8261099.40584,Limited service
NGA,Nigeria,urban,Sanitation,2020,29.89044,32014455.55021,Limited service
NGA,Nigeria,total,Drinking water,2020,4.9794,10264513.88806,Limited service
NGA,Nigeria,rural,Drinking water,2020,7.12892,7060029.5152,Limited service
NGA,Nigeria,urban,Drinking water,2020,2.99188,3204484.16769,Limited service
NGA,Nigeria,total,Hygiene,2020,30.36716,62598739.86721,No handwashing facility
NGA,Nigeria,rural,Hygiene,2020,33.88937,33561857.66641,No handwashing facility
NGA,Nigeria,urban,Hygiene,2020,27.11041,29036884.90275,No handwashing facility
NGA,Nigeria,total,Sanitation,2020,18.6625,38470798.87151,Open defecation
NGA,Nigeria,rural,Sanitation,2020,29.68413,29397262.1757,Open defecation
NGA,Nigeria,urban,Sanitation,2020,8.47155,9073535.65198,Open defecation
NGA,Nigeria,total,Sanitation,2020,30.50949,62892132.64982,Safely managed service
NGA,Nigeria,rural,Sanitation,2020,25.58789,25340600.49641,Safely managed service
NGA,Nigeria,urban,Sanitation,2020,35.06015,37551532.62125,Safely managed service
NGA,Nigeria,total,Drinking water,2020,21.66929,44668986.22402,Safely managed service
NGA,Nigeria,rural,Drinking water,2020,17.65053,17479954.56341,Safely managed service
NGA,Nigeria,urban,Drinking water,2020,25.38516,27189032.04245,Safely managed service
NGA,Nigeria,total,Drinking water,2020,5.61464,11573987.76721,Surface water
NGA,Nigeria,rural,Drinking water,2020,10.28799,10188565.25818,Surface water
NGA,Nigeria,urban,Drinking water,2020,1.29351,1385422.06855,Surface water
NGA,Nigeria,total,Sanitation,2020,19.07694,39325130.03455,Unimproved
NGA,Nigeria,rural,Sanitation,2020,28.94295,28663236.7786,Unimproved
NGA,Nigeria,urban,Sanitation,2020,9.95452,10661892.31591,Unimproved
NGA,Nigeria,total,Drinking water,2020,11.79691,24318106.13723,Unimproved
NGA,Nigeria,rural,Drinking water,2020,20.92488,20722654.00664,Unimproved
NGA,Nigeria,urban,Drinking water,2020,3.35691,3595451.26144,Unimproved
NIC,Nicaragua,total,Sanitation,2020,73.0211,4837321.88822,At least basic
NIC,Nicaragua,rural,Sanitation,2020,60.91457,1653996.36278,At least basic
NIC,Nicaragua,urban,Sanitation,2020,81.42993,3183325.66021,At least basic
NIC,Nicaragua,total,Drinking water,2020,26.19284,1735158.62259,Basic service
NIC,Nicaragua,rural,Drinking water,2020,20.56438,558378.79754,Basic service
NIC,Nicaragua,urban,Drinking water,2020,30.1022,1176779.83773,Basic service
NIC,Nicaragua,total,Sanitation,2020,7.2444,479909.4015,Limited service
NIC,Nicaragua,rural,Sanitation,2020,5.54197,150479.62238,Limited service
NIC,Nicaragua,urban,Sanitation,2020,8.42686,329429.78299,Limited service
NIC,Nicaragua,total,Drinking water,2020,1.50665,99808.55679,Limited service
NIC,Nicaragua,rural,Drinking water,2020,3.52097,95604.02889,Limited service
NIC,Nicaragua,urban,Drinking water,2020,0.10755,4204.52325,Limited service
NIC,Nicaragua,total,Sanitation,2020,6.79177,449924.64934,Open defecation
NIC,Nicaragua,rural,Sanitation,2020,14.62638,397146.03035,Open defecation
NIC,Nicaragua,urban,Sanitation,2020,1.35008,52778.60116,Open defecation
NIC,Nicaragua,total,Drinking water,2020,55.51592,3677681.89562,Safely managed service
NIC,Nicaragua,rural,Drinking water,2020,38.54307,1046549.15072,Safely managed service
NIC,Nicaragua,urban,Drinking water,2020,67.30476,2631132.78338,Safely managed service
NIC,Nicaragua,total,Drinking water,2020,3.25407,215567.58314,Surface water
NIC,Nicaragua,rural,Drinking water,2020,7.59141,206127.30523,Surface water
NIC,Nicaragua,urban,Drinking water,2020,0.24148,9440.26799,Surface water
NIC,Nicaragua,total,Sanitation,2020,12.94273,857397.916,Unimproved
NIC,Nicaragua,rural,Sanitation,2020,18.91707,513649.98802,Unimproved
NIC,Nicaragua,urban,Sanitation,2020,8.79312,343747.91428,Unimproved
NIC,Nicaragua,total,Drinking water,2020,13.53053,896337.34186,Unimproved
NIC,Nicaragua,rural,Drinking water,2020,29.78017,808612.71748,Unimproved
NIC,Nicaragua,urban,Drinking water,2020,2.24401,87724.58737,Unimproved
NIU,Niue,total,Sanitation,2020,95.54188,1545.86758,At least basic
NIU,Niue,total,Drinking water,2020,3.46938,56.13455,Basic service
NIU,Niue,total,Sanitation,2020,0,0,Limited service
NIU,Niue,total,Drinking water,2020,0,0,Limited service
NIU,Niue,total,Hygiene,2020,21.33333,345.17334,No handwashing facility
NIU,Niue,total,Sanitation,2020,0,0,Open defecation
NIU,Niue,total,Drinking water,2020,93.5415,1513.50142,Safely managed service
NIU,Niue,total,Drinking water,2020,0,0,Surface water
NIU,Niue,total,Sanitation,2020,4.45812,72.13238,Unimproved
NIU,Niue,total,Drinking water,2020,2.98912,48.36402,Unimproved
NLD,Netherlands,rural,Drinking water,2020,100,1330351.6,At least basic
NLD,Netherlands,urban,Drinking water,2020,100,15804522,At least basic
NLD,Netherlands,total,Sanitation,2020,0.18871,32335.16898,Basic service
NLD,Netherlands,rural,Sanitation,2020,2.42542,32266.59676,Basic service
NLD,Netherlands,urban,Sanitation,2020,0.00043,68.57424,Basic service
NLD,Netherlands,total,Drinking water,2020,0.02758,4725.71617,Basic service
NLD,Netherlands,total,Sanitation,2020,2.31367,396444.64678,Limited service
NLD,Netherlands,rural,Sanitation,2020,0.10009,1331.58771,Limited service
NLD,Netherlands,urban,Sanitation,2020,2.5,395113.05,Limited service
NLD,Netherlands,total,Drinking water,2020,0,0,Limited service
NLD,Netherlands,rural,Drinking water,2020,0,0,Limited service
NLD,Netherlands,urban,Drinking water,2020,0,0,Limited service
NLD,Netherlands,total,Sanitation,2020,0,0,Open defecation
NLD,Netherlands,rural,Sanitation,2020,0,0,Open defecation
NLD,Netherlands,urban,Sanitation,2020,0,0,Open defecation
NLD,Netherlands,total,Sanitation,2020,97.49706,16705998.58176,Safely managed service
NLD,Netherlands,rural,Sanitation,2020,97.46731,1296657.93576,Safely managed service
NLD,Netherlands,urban,Sanitation,2020,97.49957,15409340.37576,Safely managed service
NLD,Netherlands,total,Drinking water,2020,99.97242,17130148.16234,Safely managed service
NLD,Netherlands,total,Drinking water,2020,0,0,Surface water
NLD,Netherlands,rural,Drinking water,2020,0,0,Surface water
NLD,Netherlands,urban,Drinking water,2020,0,0,Surface water
NLD,Netherlands,total,Sanitation,2020,0.00056,95.6018,Unimproved
NLD,Netherlands,rural,Sanitation,2020,0.00718,95.47977,Unimproved
NLD,Netherlands,urban,Sanitation,2020,0,0,Unimproved
NLD,Netherlands,total,Drinking water,2020,0,0.122,Unimproved
NLD,Netherlands,rural,Drinking water,2020,0,0,Unimproved
NLD,Netherlands,urban,Drinking water,2020,0,0,Unimproved
NOR,Norway,rural,Sanitation,2020,98.3,907329.4254,At least basic
NOR,Norway,urban,Sanitation,2020,98,4408257.07,At least basic
NOR,Norway,rural,Drinking water,2020,100,923020.75,At least basic
NOR,Norway,urban,Drinking water,2020,100,4498221.5,At least basic
NOR,Norway,total,Sanitation,2020,32.66294,1770736.78318,Basic service
NOR,Norway,total,Drinking water,2020,1.35715,73574.62136,Basic service
NOR,Norway,total,Sanitation,2020,1.94892,105655.77297,Limited service
NOR,Norway,rural,Sanitation,2020,1.7,15691.35275,Limited service
NOR,Norway,urban,Sanitation,2020,2,89964.43,Limited service
NOR,Norway,total,Drinking water,2020,0,0,Limited service
NOR,Norway,rural,Drinking water,2020,0,0,Limited service
NOR,Norway,urban,Drinking water,2020,0,0,Limited service
NOR,Norway,total,Sanitation,2020,0,0,Open defecation
NOR,Norway,rural,Sanitation,2020,0,0,Open defecation
NOR,Norway,urban,Sanitation,2020,0,0,Open defecation
NOR,Norway,total,Sanitation,2020,65.38814,3544849.19973,Safely managed service
NOR,Norway,total,Drinking water,2020,98.64284,5347667.13442,Safely managed service
NOR,Norway,total,Drinking water,2020,0,0,Surface water
NOR,Norway,rural,Drinking water,2020,0,0,Surface water
NOR,Norway,urban,Drinking water,2020,0,0,Surface water
NOR,Norway,total,Sanitation,2020,0,0.24396,Unimproved
NOR,Norway,rural,Sanitation,2020,0,0,Unimproved
NOR,Norway,urban,Sanitation,2020,0,0,Unimproved
NOR,Norway,total,Drinking water,2020,0,0.24396,Unimproved
NOR,Norway,rural,Drinking water,2020,0,0,Unimproved
NOR,Norway,urban,Drinking water,2020,0,0,Unimproved
NPL,Nepal,total,Hygiene,2020,62.1436,18106661.78633,Basic service
NPL,Nepal,rural,Hygiene,2020,58.7535,13596510.98289,Basic service
NPL,Nepal,urban,Hygiene,2020,75.22948,4510150.17064,Basic service
NPL,Nepal,total,Sanitation,2020,27.97038,8149675.04045,Basic service
NPL,Nepal,rural,Sanitation,2020,26.42094,6114233.42104,Basic service
NPL,Nepal,urban,Sanitation,2020,33.95124,2035441.33447,Basic service
NPL,Nepal,total,Drinking water,2020,72.49888,21123859.9893,Basic service
NPL,Nepal,rural,Drinking water,2020,74.46499,17232403.78641,Basic service
NPL,Nepal,urban,Drinking water,2020,64.90963,3891455.49851,Basic service
NPL,Nepal,total,Hygiene,2020,36.39795,10605201.59704,Limited service
NPL,Nepal,rural,Hygiene,2020,39.69426,9185893.18866,Limited service
NPL,Nepal,urban,Hygiene,2020,23.67412,1419308.06689,Limited service
NPL,Nepal,total,Sanitation,2020,11.05263,3220384.41536,Limited service
NPL,Nepal,rural,Sanitation,2020,9.08779,2103061.92021,Limited service
NPL,Nepal,urban,Sanitation,2020,18.63698,1117322.37419,Limited service
NPL,Nepal,total,Drinking water,2020,3.97983,1159594.18023,Limited service
NPL,Nepal,rural,Drinking water,2020,4.20735,973648.45902,Limited service
NPL,Nepal,urban,Drinking water,2020,3.10158,185945.68309,Limited service
NPL,Nepal,total,Hygiene,2020,1.45845,424944.61838,No handwashing facility
NPL,Nepal,rural,Hygiene,2020,1.55224,359213.84072,No handwashing facility
NPL,Nepal,urban,Hygiene,2020,1.0964,65731.25906,No handwashing facility
NPL,Nepal,total,Sanitation,2020,9.78259,2850333.83987,Open defecation
NPL,Nepal,rural,Sanitation,2020,11.22125,2596778.67792,Open defecation
NPL,Nepal,urban,Sanitation,2020,4.22931,253555.07338,Open defecation
NPL,Nepal,total,Sanitation,2020,48.64084,14172387.15808,Safely managed service
NPL,Nepal,rural,Sanitation,2020,50.23702,11625659.09405,Safely managed service
NPL,Nepal,urban,Sanitation,2020,42.47952,2546727.59259,Safely managed service
NPL,Nepal,total,Drinking water,2020,17.57566,5120986.30602,Safely managed service
NPL,Nepal,rural,Drinking water,2020,15.73828,3642092.76465,Safely managed service
NPL,Nepal,urban,Drinking water,2020,24.668,1478893.35905,Safely managed service
NPL,Nepal,total,Drinking water,2020,1.24655,363205.26298,Surface water
NPL,Nepal,rural,Drinking water,2020,1.32036,305551.77624,Surface water
NPL,Nepal,urban,Drinking water,2020,0.96166,57653.47472,Surface water
NPL,Nepal,total,Sanitation,2020,2.55357,744027.54769,Unimproved
NPL,Nepal,rural,Sanitation,2020,3.033,701884.88817,Unimproved
NPL,Nepal,urban,Sanitation,2020,0.70295,42143.12542,Unimproved
NPL,Nepal,total,Drinking water,2020,4.69908,1369162.26002,Unimproved
NPL,Nepal,rural,Drinking water,2020,4.26902,987921.21507,Unimproved
NPL,Nepal,urban,Drinking water,2020,6.35912,381241.48446,Unimproved
NRU,Nauru,total,Drinking water,2020,100,10834,At least basic
NRU,Nauru,urban,Drinking water,2020,100,10834,At least basic
NRU,Nauru,total,Drinking water,2020,0,0,Limited service
NRU,Nauru,urban,Drinking water,2020,0,0,Limited service
NRU,Nauru,total,Drinking water,2020,0,0,Surface water
NRU,Nauru,urban,Drinking water,2020,0,0,Surface water
NRU,Nauru,total,Drinking water,2020,0,0,Unimproved
NRU,Nauru,urban,Drinking water,2020,0,0,Unimproved
NZL,New Zealand,rural,Sanitation,2020,100,641405.38,At least basic
NZL,New Zealand,urban,Sanitation,2020,100,4180827.8,At least basic
NZL,New Zealand,rural,Drinking water,2020,100,641405.38,At least basic
NZL,New Zealand,urban,Drinking water,2020,100,4180827.8,At least basic
NZL,New Zealand,total,Sanitation,2020,17.80909,858795.9664,Basic service
NZL,New Zealand,total,Drinking water,2020,0,0,Basic service
NZL,New Zealand,total,Sanitation,2020,0,0,Limited service
NZL,New Zealand,rural,Sanitation,2020,0,0,Limited service
NZL,New Zealand,urban,Sanitation,2020,0,0,Limited service
NZL,New Zealand,total,Drinking water,2020,0,0,Limited service
NZL,New Zealand,rural,Drinking water,2020,0,0,Limited service
NZL,New Zealand,urban,Drinking water,2020,0,0,Limited service
NZL,New Zealand,total,Sanitation,2020,0,0,Open defecation
NZL,New Zealand,rural,Sanitation,2020,0,0,Open defecation
NZL,New Zealand,urban,Sanitation,2020,0,0,Open defecation
NZL,New Zealand,total,Sanitation,2020,82.19091,3963437.09484,Safely managed service
NZL,New Zealand,total,Drinking water,2020,100,4822233.06269,Safely managed service
NZL,New Zealand,total,Drinking water,2020,0,0,Surface water
NZL,New Zealand,rural,Drinking water,2020,0,0,Surface water
NZL,New Zealand,urban,Drinking water,2020,0,0,Surface water
NZL,New Zealand,total,Sanitation,2020,0,0,Unimproved
NZL,New Zealand,rural,Sanitation,2020,0,0,Unimproved
NZL,New Zealand,urban,Sanitation,2020,0,0,Unimproved
NZL,New Zealand,total,Drinking water,2020,0,0,Unimproved
NZL,New Zealand,rural,Drinking water,2020,0,0,Unimproved
NZL,New Zealand,urban,Drinking water,2020,0,0,Unimproved
OMN,Oman,total,Sanitation,2020,99.32024,5071909.42239,At least basic
OMN,Oman,rural,Sanitation,2020,99.29855,695916.78299,At least basic
OMN,Oman,urban,Sanitation,2020,99.3237,4375992.64679,At least basic
OMN,Oman,rural,Drinking water,2020,76.25078,534390.42576,At least basic
OMN,Oman,urban,Drinking water,2020,94.7,4172282.04862,At least basic
OMN,Oman,total,Hygiene,2020,97.4,4973849.828,Basic service
OMN,Oman,total,Drinking water,2020,1.61087,82260.90894,Basic service
OMN,Oman,total,Sanitation,2020,0.67975,34712.41844,Limited service
OMN,Oman,rural,Sanitation,2020,0.70145,4915.95897,Limited service
OMN,Oman,urban,Sanitation,2020,0.6763,29796.45943,Limited service
OMN,Oman,total,Drinking water,2020,7.54142,385111.80737,Limited service
OMN,Oman,rural,Drinking water,2020,21.63212,151604.9894,Limited service
OMN,Oman,urban,Drinking water,2020,5.3,233506.817,Limited service
OMN,Oman,total,Sanitation,2020,0,0,Open defecation
OMN,Oman,rural,Sanitation,2020,0,0,Open defecation
OMN,Oman,urban,Sanitation,2020,0,0,Open defecation
OMN,Oman,total,Drinking water,2020,90.55716,4624411.71675,Safely managed service
OMN,Oman,total,Drinking water,2020,0.03015,1539.65761,Surface water
OMN,Oman,rural,Drinking water,2020,0.21969,1539.65763,Surface water
OMN,Oman,urban,Drinking water,2020,0,0,Surface water
OMN,Oman,total,Sanitation,2020,0,0.2441,Unimproved
OMN,Oman,rural,Sanitation,2020,0,0,Unimproved
OMN,Oman,urban,Sanitation,2020,0,0,Unimproved
OMN,Oman,total,Drinking water,2020,0.26041,13297.90944,Unimproved
OMN,Oman,rural,Drinking water,2020,1.89741,13297.6652,Unimproved
OMN,Oman,urban,Drinking water,2020,0,0,Unimproved
PAK,Pakistan,total,Sanitation,2020,68.39731,151084412.17544,At least basic
PAK,Pakistan,rural,Sanitation,2020,60.16407,83506337.85819,At least basic
PAK,Pakistan,urban,Sanitation,2020,82.31729,67578083.91765,At least basic
PAK,Pakistan,total,Hygiene,2020,80.06123,176849122.25971,Basic service
PAK,Pakistan,rural,Hygiene,2020,73.92533,102606650.10903,Basic service
PAK,Pakistan,urban,Hygiene,2020,90.43523,74242478.62792,Basic service
PAK,Pakistan,total,Drinking water,2020,54.3101,119966839.84869,Basic service
PAK,Pakistan,rural,Drinking water,2020,55.31709,76778847.46911,Basic service
PAK,Pakistan,urban,Drinking water,2020,52.60757,43187996.57523,Basic service
PAK,Pakistan,total,Hygiene,2020,17.80237,39324074.26975,Limited service
PAK,Pakistan,rural,Hygiene,2020,23.80583,33041942.80417,Limited service
PAK,Pakistan,urban,Hygiene,2020,7.65231,6282132.62812,Limited service
PAK,Pakistan,total,Sanitation,2020,10.53311,23266827.96118,Limited service
PAK,Pakistan,rural,Sanitation,2020,13.04201,18102015.36039,Limited service
PAK,Pakistan,urban,Sanitation,2020,6.29129,5164813.33896,Limited service
PAK,Pakistan,total,Drinking water,2020,3.82228,8443122.53122,Limited service
PAK,Pakistan,rural,Drinking water,2020,3.85228,5346873.26991,Limited service
PAK,Pakistan,urban,Drinking water,2020,3.77156,3096249.55832,Limited service
PAK,Pakistan,total,Hygiene,2020,2.1364,4719139.61854,No handwashing facility
PAK,Pakistan,rural,Hygiene,2020,2.26884,3149103.04377,No handwashing facility
PAK,Pakistan,urban,Hygiene,2020,1.91246,1570028.79075,No handwashing facility
PAK,Pakistan,total,Sanitation,2020,7.30336,16132561.77713,Open defecation
PAK,Pakistan,rural,Sanitation,2020,11.62308,16132562.192,Open defecation
PAK,Pakistan,urban,Sanitation,2020,0,0,Open defecation
PAK,Pakistan,total,Drinking water,2020,35.83887,79165315.01844,Safely managed service
PAK,Pakistan,rural,Drinking water,2020,33.28277,46195717.9111,Safely managed service
PAK,Pakistan,urban,Drinking water,2020,40.16048,32969599.98415,Safely managed service
PAK,Pakistan,total,Drinking water,2020,1.61545,3568400.42646,Surface water
PAK,Pakistan,rural,Drinking water,2020,2.37326,3294036.60838,Surface water
PAK,Pakistan,urban,Drinking water,2020,0.3342,274363.9171,Surface water
PAK,Pakistan,total,Sanitation,2020,13.76622,30408527.91895,Unimproved
PAK,Pakistan,rural,Sanitation,2020,15.17084,21056778.04942,Unimproved
PAK,Pakistan,urban,Sanitation,2020,11.39142,9351743.08901,Unimproved
PAK,Pakistan,total,Drinking water,2020,4.41331,9748658.19507,Unimproved
PAK,Pakistan,rural,Drinking water,2020,5.1746,7182220.73179,Unimproved
PAK,Pakistan,urban,Drinking water,2020,3.12618,2566429.9693,Unimproved
PAN,Panama,total,Sanitation,2020,84.57385,3649165.52576,At least basic
PAN,Panama,rural,Sanitation,2020,65.31626,890170.83152,At least basic
PAN,Panama,urban,Sanitation,2020,93.46487,2758994.53891,At least basic
PAN,Panama,total,Drinking water,2020,94.37254,4071956.30039,At least basic
PAN,Panama,rural,Drinking water,2020,86.32308,1176464.91301,At least basic
PAN,Panama,urban,Drinking water,2020,98.08889,2895491.34116,At least basic
PAN,Panama,total,Sanitation,2020,2.58119,111372.25059,Limited service
PAN,Panama,rural,Sanitation,2020,3.7827,51553.04794,Limited service
PAN,Panama,urban,Sanitation,2020,2.02646,59819.20214,Limited service
PAN,Panama,total,Drinking water,2020,1.87348,80836.34107,Limited service
PAN,Panama,rural,Drinking water,2020,1.79198,24422.25863,Limited service
PAN,Panama,urban,Drinking water,2020,1.91111,56414.08247,Limited service
PAN,Panama,total,Sanitation,2020,4.19323,180928.09443,Open defecation
PAN,Panama,rural,Sanitation,2020,12.19141,166152.1239,Open defecation
PAN,Panama,urban,Sanitation,2020,0.50056,14775.96734,Open defecation
PAN,Panama,total,Drinking water,2020,1.49167,64362.1343,Surface water
PAN,Panama,rural,Drinking water,2020,4.72257,64362.13299,Surface water
PAN,Panama,urban,Drinking water,2020,0,0,Surface water
PAN,Panama,total,Sanitation,2020,8.65173,373302.22898,Unimproved
PAN,Panama,rural,Sanitation,2020,18.70963,254986.48659,Unimproved
PAN,Panama,urban,Sanitation,2020,4.00811,118315.73835,Unimproved
PAN,Panama,total,Drinking water,2020,2.2623,97613.17971,Unimproved
PAN,Panama,rural,Drinking water,2020,7.16236,97613.17773,Unimproved
PAN,Panama,urban,Drinking water,2020,0,0,Unimproved
PER,Peru,rural,Sanitation,2020,60.15794,4304829.99043,At least basic
PER,Peru,rural,Hygiene,2020,54.99118,3935102.87786,Basic service
PER,Peru,total,Sanitation,2020,25.76708,8495883.68808,Basic service
PER,Peru,urban,Sanitation,2020,20.15241,5202539.7917,Basic service
PER,Peru,total,Drinking water,2020,41.87524,13807039.30534,Basic service
PER,Peru,rural,Drinking water,2020,58.71189,4201352.54798,Basic service
PER,Peru,urban,Drinking water,2020,37.20831,9605686.4046,Basic service
PER,Peru,rural,Hygiene,2020,42.44076,3037010.00911,Limited service
PER,Peru,total,Sanitation,2020,8.857,2920317.10293,Limited service
PER,Peru,rural,Sanitation,2020,5.0931,364455.96964,Limited service
PER,Peru,urban,Sanitation,2020,9.90031,2555861.03447,Limited service
PER,Peru,total,Drinking water,2020,0.84956,280115.41788,Limited service
PER,Peru,rural,Drinking water,2020,1.59694,114275.37992,Limited service
PER,Peru,urban,Drinking water,2020,0.64239,165840.03224,Limited service
PER,Peru,rural,Hygiene,2020,2.56806,183767.11568,No handwashing facility
PER,Peru,total,Sanitation,2020,4.39777,1450026.32664,Open defecation
PER,Peru,rural,Sanitation,2020,13.14984,940986.56236,Open defecation
PER,Peru,urban,Sanitation,2020,1.9718,509039.75011,Open defecation
PER,Peru,total,Sanitation,2020,52.80962,17412307.09504,Safely managed service
PER,Peru,urban,Sanitation,2020,63.52975,16400820.1241,Safely managed service
PER,Peru,total,Drinking water,2020,51.26413,16902730.94958,Safely managed service
PER,Peru,rural,Drinking water,2020,22.08755,1580558.31103,Safely managed service
PER,Peru,urban,Drinking water,2020,59.35153,15322172.04136,Safely managed service
PER,Peru,total,Drinking water,2020,1.86061,613476.21088,Surface water
PER,Peru,rural,Drinking water,2020,7.99093,571821.11681,Surface water
PER,Peru,urban,Drinking water,2020,0.16135,41655.09572,Surface water
PER,Peru,total,Sanitation,2020,8.16853,2693313.78895,Unimproved
PER,Peru,rural,Sanitation,2020,21.59912,1545607.42884,Unimproved
PER,Peru,urban,Sanitation,2020,4.44573,1147707.30014,Unimproved
PER,Peru,total,Drinking water,2020,4.15047,1368486.11532,Unimproved
PER,Peru,rural,Drinking water,2020,9.61269,687872.64439,Unimproved
PER,Peru,urban,Drinking water,2020,2.63641,680614.42453,Unimproved
PHL,Philippines,total,Hygiene,2020,81.71248,89541420.65991,Basic service
PHL,Philippines,rural,Hygiene,2020,78.50947,45245702.05678,Basic service
PHL,Philippines,urban,Hygiene,2020,85.26573,44295718.5808,Basic service
PHL,Philippines,total,Sanitation,2020,21.61798,23689212.94276,Basic service
PHL,Philippines,rural,Sanitation,2020,16.35757,9427014.11986,Basic service
PHL,Philippines,urban,Sanitation,2020,27.4536,14262198.79286,Basic service
PHL,Philippines,total,Drinking water,2020,46.64427,51113295.93667,Basic service
PHL,Philippines,rural,Drinking water,2020,56.51699,32571243.04074,Basic service
PHL,Philippines,urban,Drinking water,2020,35.69198,18542052.93673,Basic service
PHL,Philippines,total,Hygiene,2020,11.62436,12738098.08995,Limited service
PHL,Philippines,rural,Hygiene,2020,12.66179,7297104.27859,Limited service
PHL,Philippines,urban,Hygiene,2020,10.47348,5440993.82255,Limited service
PHL,Philippines,total,Sanitation,2020,11.12126,12186802.80283,Limited service
PHL,Philippines,rural,Sanitation,2020,8.77064,5054596.44049,Limited service
PHL,Philippines,urban,Sanitation,2020,13.72893,7132206.35389,Limited service
PHL,Philippines,total,Drinking water,2020,2.85649,3130168.58749,Limited service
PHL,Philippines,rural,Drinking water,2020,3.95952,2281906.7832,Limited service
PHL,Philippines,urban,Drinking water,2020,1.63284,848261.80924,Limited service
PHL,Philippines,total,Hygiene,2020,6.66317,7301569.32575,No handwashing facility
PHL,Philippines,rural,Hygiene,2020,8.82874,5088081.88017,No handwashing facility
PHL,Philippines,urban,Hygiene,2020,4.26079,2213487.62107,No handwashing facility
PHL,Philippines,total,Sanitation,2020,3.78633,4149099.7453,Open defecation
PHL,Philippines,rural,Sanitation,2020,5.42915,3128869.29686,Open defecation
PHL,Philippines,urban,Sanitation,2020,1.96386,1020230.45543,Open defecation
PHL,Philippines,total,Sanitation,2020,60.63807,66447859.20419,Safely managed service
PHL,Philippines,rural,Sanitation,2020,65.84295,37945877.99217,Safely managed service
PHL,Philippines,urban,Sanitation,2020,54.86405,28501981.23547,Safely managed service
PHL,Philippines,total,Drinking water,2020,47.46477,52012408.02952,Safely managed service
PHL,Philippines,rural,Drinking water,2020,34.54494,19908557.70391,Safely managed service
PHL,Philippines,urban,Drinking water,2020,61.79736,32103850.27568,Safely managed service
PHL,Philippines,total,Drinking water,2020,0,0,Surface water
PHL,Philippines,rural,Drinking water,2020,0,0,Surface water
PHL,Philippines,urban,Drinking water,2020,0,0,Surface water
PHL,Philippines,total,Sanitation,2020,2.83636,3108113.31259,Unimproved
PHL,Philippines,rural,Sanitation,2020,3.59968,2074530.15062,Unimproved
PHL,Philippines,urban,Sanitation,2020,1.98957,1033583.16495,Unimproved
PHL,Philippines,total,Drinking water,2020,3.03448,3325215.43975,Unimproved
PHL,Philippines,rural,Drinking water,2020,4.97855,2869180.46927,Unimproved
PHL,Philippines,urban,Drinking water,2020,0.87783,456034.97886,Unimproved
PLW,Palau,total,Sanitation,2020,99.62328,18023.84305,At least basic
PLW,Palau,rural,Sanitation,2020,98.95108,3403.57143,At least basic
PLW,Palau,urban,Sanitation,2020,99.78107,14620.27227,At least basic
PLW,Palau,total,Drinking water,2020,8.3458,1509.92198,Basic service
PLW,Palau,rural,Drinking water,2020,29.42826,1012.22929,Basic service
PLW,Palau,urban,Drinking water,2020,3.39667,497.69267,Basic service
PLW,Palau,total,Sanitation,2020,0,0,Limited service
PLW,Palau,rural,Sanitation,2020,0,0,Limited service
PLW,Palau,urban,Sanitation,2020,0,0,Limited service
PLW,Palau,total,Drinking water,2020,0,0,Limited service
PLW,Palau,rural,Drinking water,2020,0,0,Limited service
PLW,Palau,urban,Drinking water,2020,0,0,Limited service
PLW,Palau,total,Sanitation,2020,0,0,Open defecation
PLW,Palau,rural,Sanitation,2020,0,0,Open defecation
PLW,Palau,urban,Sanitation,2020,0,0,Open defecation
PLW,Palau,total,Drinking water,2020,91.31175,16520.12115,Safely managed service
PLW,Palau,rural,Drinking water,2020,70.32873,2419.06244,Safely managed service
PLW,Palau,urban,Drinking water,2020,96.23753,14101.05932,Safely managed service
PLW,Palau,total,Drinking water,2020,0,0,Surface water
PLW,Palau,rural,Drinking water,2020,0,0,Surface water
PLW,Palau,urban,Drinking water,2020,0,0,Surface water
PLW,Palau,total,Sanitation,2020,0.37673,68.15717,Unimproved
PLW,Palau,rural,Sanitation,2020,1.04892,36.0791,Unimproved
PLW,Palau,urban,Sanitation,2020,0.21893,32.07806,Unimproved
PLW,Palau,total,Drinking water,2020,0.34245,61.95687,Unimproved
PLW,Palau,rural,Drinking water,2020,0.24301,8.35887,Unimproved
PLW,Palau,urban,Drinking water,2020,0.3658,53.598,Unimproved
PNG,Papua New Guinea,total,Sanitation,2020,19.22383,1719961.5361,At least basic
PNG,Papua New Guinea,rural,Sanitation,2020,14.66881,1137279.43034,At least basic
PNG,Papua New Guinea,total,Drinking water,2020,45.34402,4056941.44656,At least basic
PNG,Papua New Guinea,rural,Drinking water,2020,39.07134,3029219.15452,At least basic
PNG,Papua New Guinea,urban,Drinking water,2020,86.07527,1027722.21657,At least basic
PNG,Papua New Guinea,total,Hygiene,2020,29.76601,2663173.08573,Basic service
PNG,Papua New Guinea,rural,Hygiene,2020,24.72726,1917115.86715,Basic service
PNG,Papua New Guinea,urban,Hygiene,2020,62.48486,746057.20385,Basic service
PNG,Papua New Guinea,urban,Sanitation,2020,20.46132,244304.18232,Basic service
PNG,Papua New Guinea,total,Hygiene,2020,29.30819,2622211.89529,Limited service
PNG,Papua New Guinea,rural,Hygiene,2020,29.80191,2310555.66248,Limited service
PNG,Papua New Guinea,urban,Hygiene,2020,26.10228,311656.20905,Limited service
PNG,Papua New Guinea,total,Sanitation,2020,4.27509,382493.04385,Limited service
PNG,Papua New Guinea,rural,Sanitation,2020,3.55271,275443.06928,Limited service
PNG,Papua New Guinea,urban,Sanitation,2020,8.9658,107049.97238,Limited service
PNG,Papua New Guinea,total,Drinking water,2020,2.12856,190443.23623,Limited service
PNG,Papua New Guinea,rural,Drinking water,2020,2.42985,188387.41095,Limited service
PNG,Papua New Guinea,urban,Drinking water,2020,0.17218,2055.82314,Limited service
PNG,Papua New Guinea,total,Hygiene,2020,40.9258,3661642.06371,No handwashing facility
PNG,Papua New Guinea,rural,Hygiene,2020,45.47083,3525374.58512,No handwashing facility
PNG,Papua New Guinea,urban,Hygiene,2020,11.41286,136267.39032,No handwashing facility
PNG,Papua New Guinea,total,Sanitation,2020,16.13159,1443297.83898,Open defecation
PNG,Papua New Guinea,rural,Sanitation,2020,17.99162,1394898.53055,Open defecation
PNG,Papua New Guinea,urban,Sanitation,2020,4.05361,48399.29249,Open defecation
PNG,Papua New Guinea,urban,Sanitation,2020,28.34032,338377.93851,Safely managed service
PNG,Papua New Guinea,total,Drinking water,2020,30.36979,2717193.58671,Surface water
PNG,Papua New Guinea,rural,Drinking water,2020,34.06701,2641230.58165,Surface water
PNG,Papua New Guinea,urban,Drinking water,2020,6.36216,75962.97522,Surface water
PNG,Papua New Guinea,total,Sanitation,2020,60.36949,5401274.57006,Unimproved
PNG,Papua New Guinea,rural,Sanitation,2020,63.78686,4945424.98076,Unimproved
PNG,Papua New Guinea,urban,Sanitation,2020,38.17896,455849.41431,Unimproved
PNG,Papua New Guinea,total,Drinking water,2020,22.15762,1982448.68684,Unimproved
PNG,Papua New Guinea,rural,Drinking water,2020,24.4318,1894208.7593,Unimproved
PNG,Papua New Guinea,urban,Drinking water,2020,7.39039,88239.78468,Unimproved
POL,Poland,rural,Sanitation,2020,100,15122367,At least basic
POL,Poland,rural,Drinking water,2020,100,15122367,At least basic
POL,Poland,urban,Drinking water,2020,99.94435,22711590.23536,At least basic
POL,Poland,total,Sanitation,2020,9.45804,3579546.70539,Basic service
POL,Poland,urban,Sanitation,2020,6.23323,1416454.69892,Basic service
POL,Poland,total,Drinking water,2020,1.64136,621197.89272,Basic service
POL,Poland,total,Sanitation,2020,0,0,Limited service
POL,Poland,rural,Sanitation,2020,0,0,Limited service
POL,Poland,urban,Sanitation,2020,0,0,Limited service
POL,Poland,total,Drinking water,2020,0,0,Limited service
POL,Poland,rural,Drinking water,2020,0,0,Limited service
POL,Poland,urban,Drinking water,2020,0,0,Limited service
POL,Poland,total,Sanitation,2020,0,0,Open defecation
POL,Poland,rural,Sanitation,2020,0,0,Open defecation
POL,Poland,urban,Sanitation,2020,0,0,Open defecation
POL,Poland,total,Sanitation,2020,90.54196,34267058.26991,Safely managed service
POL,Poland,urban,Sanitation,2020,93.76677,21307781.29994,Safely managed service
POL,Poland,total,Drinking water,2020,98.32523,37212762.14464,Safely managed service
POL,Poland,total,Drinking water,2020,0,0,Surface water
POL,Poland,rural,Drinking water,2020,0,0,Surface water
POL,Poland,urban,Drinking water,2020,0,0,Surface water
POL,Poland,total,Sanitation,2020,0,0,Unimproved
POL,Poland,rural,Sanitation,2020,0,0,Unimproved
POL,Poland,urban,Sanitation,2020,0,0,Unimproved
POL,Poland,total,Drinking water,2020,0.03341,12643.96188,Unimproved
POL,Poland,rural,Drinking water,2020,0,0,Unimproved
POL,Poland,urban,Drinking water,2020,0.05565,12644.93771,Unimproved
PRI,Puerto Rico,total,Sanitation,2020,67.49084,1930804.92188,Basic service
PRI,Puerto Rico,total,Drinking water,2020,0.13667,3909.81468,Basic service
PRI,Puerto Rico,total,Sanitation,2020,0,0,Limited service
PRI,Puerto Rico,total,Drinking water,2020,0,0,Limited service
PRI,Puerto Rico,total,Sanitation,2020,0,0,Open defecation
PRI,Puerto Rico,total,Sanitation,2020,32.50916,930035.07812,Safely managed service
PRI,Puerto Rico,total,Drinking water,2020,99.86333,2856930.18524,Safely managed service
PRI,Puerto Rico,total,Drinking water,2020,0,0,Surface water
PRI,Puerto Rico,total,Sanitation,2020,0,0,Unimproved
PRI,Puerto Rico,total,Drinking water,2020,0,0,Unimproved
PRK,Democratic People's Republic of Korea,total,Sanitation,2020,84.66547,21825753.08229,At least basic
PRK,Democratic People's Republic of Korea,urban,Sanitation,2020,91.66697,14741040.50005,At least basic
PRK,Democratic People's Republic of Korea,rural,Sanitation,2020,71.82743,6965631.98197,Basic service
PRK,Democratic People's Republic of Korea,total,Drinking water,2020,27.46295,7079622.2529,Basic service
PRK,Democratic People's Republic of Korea,rural,Drinking water,2020,39.92131,3871461.57517,Basic service
PRK,Democratic People's Republic of Korea,urban,Drinking water,2020,19.94991,3208160.627,Basic service
PRK,Democratic People's Republic of Korea,total,Sanitation,2020,0.62757,161781.08983,Limited service
PRK,Democratic People's Republic of Korea,rural,Sanitation,2020,0,0,Limited service
PRK,Democratic People's Republic of Korea,urban,Sanitation,2020,1.00603,161781.09251,Limited service
PRK,Democratic People's Republic of Korea,total,Drinking water,2020,0.68313,176103.11807,Limited service
PRK,Democratic People's Republic of Korea,rural,Drinking water,2020,0.35644,34566.62125,Limited service
PRK,Democratic People's Republic of Korea,urban,Drinking water,2020,0.88014,141536.49825,Limited service
PRK,Democratic People's Republic of Korea,total,Hygiene,2020,0,0,No handwashing facility
PRK,Democratic People's Republic of Korea,rural,Hygiene,2020,0,0,No handwashing facility
PRK,Democratic People's Republic of Korea,urban,Hygiene,2020,0,0,No handwashing facility
PRK,Democratic People's Republic of Korea,total,Sanitation,2020,0,0,Open defecation
PRK,Democratic People's Republic of Korea,rural,Sanitation,2020,0,0,Open defecation
PRK,Democratic People's Republic of Korea,urban,Sanitation,2020,0,0,Open defecation
PRK,Democratic People's Republic of Korea,rural,Sanitation,2020,1.22791,119079.49761,Safely managed service
PRK,Democratic People's Republic of Korea,total,Drinking water,2020,66.3809,17112207.49225,Safely managed service
PRK,Democratic People's Republic of Korea,rural,Drinking water,2020,48.83232,4735627.10598,Safely managed service
PRK,Democratic People's Republic of Korea,urban,Drinking water,2020,76.96361,12376580.45754,Safely managed service
PRK,Democratic People's Republic of Korea,total,Drinking water,2020,0.26333,67884.12582,Surface water
PRK,Democratic People's Republic of Korea,rural,Drinking water,2020,0.7,67884.124,Surface water
PRK,Democratic People's Republic of Korea,urban,Drinking water,2020,0,0,Surface water
PRK,Democratic People's Republic of Korea,total,Sanitation,2020,14.70696,3791280.54144,Unimproved
PRK,Democratic People's Republic of Korea,rural,Sanitation,2020,26.94466,2613020.52041,Unimproved
PRK,Democratic People's Republic of Korea,urban,Sanitation,2020,7.32699,1178259.97117,Unimproved
PRK,Democratic People's Republic of Korea,total,Drinking water,2020,5.20969,1342997.01173,Unimproved
PRK,Democratic People's Republic of Korea,rural,Drinking water,2020,10.18993,988192.5737,Unimproved
PRK,Democratic People's Republic of Korea,urban,Drinking water,2020,2.20635,354804.41833,Unimproved
PRT,Portugal,rural,Sanitation,2020,99.79529,3428238.09215,At least basic
PRT,Portugal,total,Sanitation,2020,14.52279,1480846.0009,Basic service
PRT,Portugal,urban,Sanitation,2020,6.83334,462032.01687,Basic service
PRT,Portugal,total,Drinking water,2020,4.55829,464795.17277,Basic service
PRT,Portugal,rural,Drinking water,2020,7.20336,247454.76543,Basic service
PRT,Portugal,urban,Drinking water,2020,3.21441,217340.40743,Basic service
PRT,Portugal,total,Sanitation,2020,0.33637,34299.17195,Limited service
PRT,Portugal,rural,Sanitation,2020,0.20471,7032.28353,Limited service
PRT,Portugal,urban,Sanitation,2020,0.40327,27266.88845,Limited service
PRT,Portugal,total,Drinking water,2020,0,0,Limited service
PRT,Portugal,rural,Drinking water,2020,0,0,Limited service
PRT,Portugal,urban,Drinking water,2020,0,0,Limited service
PRT,Portugal,total,Sanitation,2020,0,0,Open defecation
PRT,Portugal,rural,Sanitation,2020,0,0,Open defecation
PRT,Portugal,urban,Sanitation,2020,0,0,Open defecation
PRT,Portugal,total,Sanitation,2020,85.08136,8675496.93983,Safely managed service
PRT,Portugal,urban,Sanitation,2020,92.67369,6266072.70764,Safely managed service
PRT,Portugal,total,Drinking water,2020,95.35371,9722938.07972,Safely managed service
PRT,Portugal,rural,Drinking water,2020,92.53542,3178841.98669,Safely managed service
PRT,Portugal,urban,Drinking water,2020,96.78559,6544096.0927,Safely managed service
PRT,Portugal,total,Drinking water,2020,0,0,Surface water
PRT,Portugal,rural,Drinking water,2020,0,0,Surface water
PRT,Portugal,urban,Drinking water,2020,0,0,Surface water
PRT,Portugal,total,Sanitation,2020,0.05948,6064.88702,Unimproved
PRT,Portugal,rural,Sanitation,2020,0,0,Unimproved
PRT,Portugal,urban,Sanitation,2020,0.0897,6064.88697,Unimproved
PRT,Portugal,total,Drinking water,2020,0.08801,8973.74802,Unimproved
PRT,Portugal,rural,Drinking water,2020,0.26122,8973.74799,Unimproved
PRT,Portugal,urban,Drinking water,2020,0,0,Unimproved
PRY,Paraguay,total,Hygiene,2020,80.15306,5716941.10962,Basic service
PRY,Paraguay,rural,Hygiene,2020,71.99361,1941890.04778,Basic service
PRY,Paraguay,urban,Hygiene,2020,85.11529,3775051.25887,Basic service
PRY,Paraguay,total,Sanitation,2020,32.59461,2324820.59055,Basic service
PRY,Paraguay,rural,Sanitation,2020,17.68931,477135.25437,Basic service
PRY,Paraguay,urban,Sanitation,2020,41.65938,1847685.41855,Basic service
PRY,Paraguay,total,Drinking water,2020,35.50925,2532707.77279,Basic service
PRY,Paraguay,rural,Drinking water,2020,48.38254,1305026.6393,Basic service
PRY,Paraguay,urban,Drinking water,2020,27.68027,1227681.21797,Basic service
PRY,Paraguay,total,Hygiene,2020,17.53716,1250842.8729,Limited service
PRY,Paraguay,rural,Hygiene,2020,25.39572,685000.97482,Limited service
PRY,Paraguay,urban,Hygiene,2020,12.75792,565841.93991,Limited service
PRY,Paraguay,total,Sanitation,2020,3.46613,247222.77436,Limited service
PRY,Paraguay,rural,Sanitation,2020,2.20647,59515.35125,Limited service
PRY,Paraguay,urban,Sanitation,2020,4.2322,187707.43181,Limited service
PRY,Paraguay,total,Drinking water,2020,0.40653,28995.89161,Limited service
PRY,Paraguay,rural,Drinking water,2020,0.88877,23972.93977,Limited service
PRY,Paraguay,urban,Drinking water,2020,0.11325,5022.95271,Limited service
PRY,Paraguay,total,Hygiene,2020,2.30978,164746.01512,No handwashing facility
PRY,Paraguay,rural,Hygiene,2020,2.61068,70417.97435,No handwashing facility
PRY,Paraguay,urban,Hygiene,2020,2.12679,94327.79648,No handwashing facility
PRY,Paraguay,total,Sanitation,2020,0.34329,24484.95076,Open defecation
PRY,Paraguay,rural,Sanitation,2020,0.90775,24484.95149,Open defecation
PRY,Paraguay,urban,Sanitation,2020,0,0,Open defecation
PRY,Paraguay,total,Sanitation,2020,60.12617,4288517.24434,Safely managed service
PRY,Paraguay,rural,Sanitation,2020,70.72425,1907651.63838,Safely managed service
PRY,Paraguay,urban,Sanitation,2020,53.68088,2380865.75101,Safely managed service
PRY,Paraguay,total,Drinking water,2020,64.08422,4570826.09195,Safely managed service
PRY,Paraguay,rural,Drinking water,2020,50.72869,1368309.42115,Safely managed service
PRY,Paraguay,urban,Drinking water,2020,72.20648,3202516.82949,Safely managed service
PRY,Paraguay,total,Drinking water,2020,0,0,Surface water
PRY,Paraguay,rural,Drinking water,2020,0,0,Surface water
PRY,Paraguay,urban,Drinking water,2020,0,0,Surface water
PRY,Paraguay,total,Sanitation,2020,3.4698,247484.43985,Unimproved
PRY,Paraguay,rural,Sanitation,2020,8.47221,228521.80445,Unimproved
PRY,Paraguay,urban,Sanitation,2020,0.42754,18962.39877,Unimproved
PRY,Paraguay,total,Drinking water,2020,0,0.24393,Unimproved
PRY,Paraguay,rural,Drinking water,2020,0,0,Unimproved
PRY,Paraguay,urban,Drinking water,2020,0,0,Unimproved
PSE,State of Palestine,total,Hygiene,2020,92.05564,4696140.95758,Basic service
PSE,State of Palestine,rural,Hygiene,2020,91.79379,1090198.85021,Basic service
PSE,State of Palestine,urban,Hygiene,2020,92.1351,3605942.31166,Basic service
PSE,State of Palestine,total,Sanitation,2020,31.88474,1626573.41208,Basic service
PSE,State of Palestine,rural,Sanitation,2020,49.89525,592586.37662,Basic service
PSE,State of Palestine,urban,Sanitation,2020,26.41931,1033987.10269,Basic service
PSE,State of Palestine,total,Drinking water,2020,18.18146,927511.66818,Basic service
PSE,State of Palestine,rural,Drinking water,2020,23.08283,274145.71631,Basic service
PSE,State of Palestine,urban,Drinking water,2020,16.69409,653365.99145,Basic service
PSE,State of Palestine,total,Hygiene,2020,6.77774,345760.87451,Limited service
PSE,State of Palestine,rural,Hygiene,2020,5.77755,68617.69966,Limited service
PSE,State of Palestine,urban,Hygiene,2020,7.08126,277143.19012,Limited service
PSE,State of Palestine,total,Sanitation,2020,1.04521,53320.70382,Limited service
PSE,State of Palestine,rural,Sanitation,2020,0.63724,7568.25929,Limited service
PSE,State of Palestine,urban,Sanitation,2020,1.16902,45752.44691,Limited service
PSE,State of Palestine,total,Drinking water,2020,1.02998,52543.5383,Limited service
PSE,State of Palestine,rural,Drinking water,2020,0.3174,3769.64283,Limited service
PSE,State of Palestine,urban,Drinking water,2020,1.24622,48773.8979,Limited service
PSE,State of Palestine,total,Hygiene,2020,1.16662,59514.17056,No handwashing facility
PSE,State of Palestine,rural,Hygiene,2020,2.42866,28844.25028,No handwashing facility
PSE,State of Palestine,urban,Hygiene,2020,0.78364,30669.79743,No handwashing facility
PSE,State of Palestine,total,Sanitation,2020,0.14072,7178.60995,Open defecation
PSE,State of Palestine,rural,Sanitation,2020,0.60443,7178.61019,Open defecation
PSE,State of Palestine,urban,Sanitation,2020,0,0,Open defecation
PSE,State of Palestine,total,Sanitation,2020,66.69318,3402296.68245,Safely managed service
PSE,State of Palestine,rural,Sanitation,2020,48.0378,570526.14567,Safely managed service
PSE,State of Palestine,urban,Sanitation,2020,72.35431,2831770.68819,Safely managed service
PSE,State of Palestine,total,Drinking water,2020,79.69894,4065774.57647,Safely managed service
PSE,State of Palestine,rural,Drinking water,2020,75.63273,898260.25067,Safely managed service
PSE,State of Palestine,urban,Drinking water,2020,80.93287,3167514.50316,Safely managed service
PSE,State of Palestine,total,Sanitation,2020,0.23614,12046.59199,Unimproved
PSE,State of Palestine,rural,Sanitation,2020,0.82527,9801.40825,Unimproved
PSE,State of Palestine,urban,Sanitation,2020,0.05736,2245.06209,Unimproved
PSE,State of Palestine,total,Drinking water,2020,1.08962,55586.21711,Unimproved
PSE,State of Palestine,rural,Drinking water,2020,0.96704,11485.19013,Unimproved
PSE,State of Palestine,urban,Drinking water,2020,1.12682,44100.90734,Unimproved
PYF,French Polynesia,total,Sanitation,2020,97.00338,272486.37405,At least basic
PYF,French Polynesia,total,Drinking water,2020,16.14121,45341.29662,Basic service
PYF,French Polynesia,total,Sanitation,2020,0,0,Limited service
PYF,French Polynesia,total,Drinking water,2020,0,0,Limited service
PYF,French Polynesia,total,Sanitation,2020,0,0,Open defecation
PYF,French Polynesia,total,Drinking water,2020,83.85879,235562.70338,Safely managed service
PYF,French Polynesia,total,Drinking water,2020,0,0,Surface water
PYF,French Polynesia,total,Sanitation,2020,2.99662,8417.62241,Unimproved
PYF,French Polynesia,total,Drinking water,2020,0,0,Unimproved
QAT,Qatar,total,Sanitation,2020,2.8,80669.68,Basic service
QAT,Qatar,total,Drinking water,2020,3.38532,97532.96976,Basic service
QAT,Qatar,total,Sanitation,2020,0,0,Limited service
QAT,Qatar,total,Drinking water,2020,0,0,Limited service
QAT,Qatar,total,Sanitation,2020,0,0,Open defecation
QAT,Qatar,total,Sanitation,2020,97.2,2800390.32,Safely managed service
QAT,Qatar,total,Drinking water,2020,96.18279,2771083.78787,Safely managed service
QAT,Qatar,total,Drinking water,2020,0,0,Surface water
QAT,Qatar,total,Sanitation,2020,0,0,Unimproved
QAT,Qatar,total,Drinking water,2020,0.4319,12443.24236,Unimproved
REU,Réunion,total,Sanitation,2020,99.54401,891225.52068,At least basic
REU,Réunion,total,Drinking water,2020,5.68012,50854.57137,Basic service
REU,Réunion,total,Sanitation,2020,0,0,Limited service
REU,Réunion,total,Drinking water,2020,0,0,Limited service
REU,Réunion,total,Sanitation,2020,0,0,Open defecation
REU,Réunion,total,Drinking water,2020,94.31988,844453.42863,Safely managed service
REU,Réunion,total,Drinking water,2020,0,0,Surface water
REU,Réunion,total,Sanitation,2020,0.45599,4082.50865,Unimproved
REU,Réunion,total,Drinking water,2020,0,0,Unimproved
ROU,Romania,rural,Sanitation,2020,75.57369,6659563.59182,At least basic
ROU,Romania,urban,Sanitation,2020,96.78038,10090002.10181,At least basic
ROU,Romania,total,Sanitation,2020,3.9254,755155.2582,Basic service
ROU,Romania,total,Drinking water,2020,18.01117,3464931.39362,Basic service
ROU,Romania,rural,Drinking water,2020,33.34993,2938800.48432,Basic service
ROU,Romania,urban,Drinking water,2020,5.0465,526130.94862,Basic service
ROU,Romania,total,Sanitation,2020,0.25858,49744.29159,Limited service
ROU,Romania,rural,Sanitation,2020,0.44613,39312.65371,Limited service
ROU,Romania,urban,Sanitation,2020,0.10006,10431.63843,Limited service
ROU,Romania,total,Drinking water,2020,0,0,Limited service
ROU,Romania,rural,Drinking water,2020,0,0,Limited service
ROU,Romania,urban,Drinking water,2020,0,0,Limited service
ROU,Romania,total,Sanitation,2020,0,0,Open defecation
ROU,Romania,rural,Sanitation,2020,0,0,Open defecation
ROU,Romania,urban,Sanitation,2020,0,0,Open defecation
ROU,Romania,total,Sanitation,2020,83.14105,15994410.5469,Safely managed service
ROU,Romania,total,Drinking water,2020,81.98883,15772750.60638,Safely managed service
ROU,Romania,rural,Drinking water,2020,66.65007,5873212.51568,Safely managed service
ROU,Romania,urban,Drinking water,2020,94.9535,9899538.05179,Safely managed service
ROU,Romania,total,Drinking water,2020,0,0,Surface water
ROU,Romania,rural,Drinking water,2020,0,0,Surface water
ROU,Romania,urban,Drinking water,2020,0,0,Surface water
ROU,Romania,total,Sanitation,2020,12.67498,2438371.9035,Unimproved
ROU,Romania,rural,Sanitation,2020,23.98018,2113136.80725,Unimproved
ROU,Romania,urban,Sanitation,2020,3.11956,325235.12517,Unimproved
ROU,Romania,total,Drinking water,2020,0,0,Unimproved
ROU,Romania,rural,Drinking water,2020,0,0,Unimproved
ROU,Romania,urban,Drinking water,2020,0,0,Unimproved
RUS,Russian Federation,rural,Drinking water,2020,91.54411,33727239.60929,At least basic
RUS,Russian Federation,urban,Drinking water,2020,98.8326,107818297.31071,At least basic
RUS,Russian Federation,total,Sanitation,2020,28.57331,41698302.76379,Basic service
RUS,Russian Federation,rural,Sanitation,2020,20.12336,7413970.43668,Basic service
RUS,Russian Federation,urban,Sanitation,2020,31.42704,34284332.36441,Basic service
RUS,Russian Federation,total,Drinking water,2020,20.88834,30483286.46271,Basic service
RUS,Russian Federation,total,Sanitation,2020,0,0,Limited service
RUS,Russian Federation,rural,Sanitation,2020,0,0,Limited service
RUS,Russian Federation,urban,Sanitation,2020,0,0,Limited service
RUS,Russian Federation,total,Drinking water,2020,0.622,907706.97935,Limited service
RUS,Russian Federation,rural,Drinking water,2020,1.58316,583278.79042,Limited service
RUS,Russian Federation,urban,Drinking water,2020,0.29739,324428.18916,Limited service
RUS,Russian Federation,total,Sanitation,2020,0,0,Open defecation
RUS,Russian Federation,rural,Sanitation,2020,0,0,Open defecation
RUS,Russian Federation,urban,Sanitation,2020,0,0,Open defecation
RUS,Russian Federation,total,Sanitation,2020,60.81737,88753487.69589,Safely managed service
RUS,Russian Federation,rural,Sanitation,2020,52.17183,19221463.80597,Safely managed service
RUS,Russian Federation,urban,Sanitation,2020,63.73714,69532023.93851,Safely managed service
RUS,Russian Federation,total,Drinking water,2020,76.10421,111062253.17897,Safely managed service
RUS,Russian Federation,urban,Drinking water,2020,0.2,218183.68,Surface water
RUS,Russian Federation,total,Sanitation,2020,10.60932,15482657.54032,Unimproved
RUS,Russian Federation,rural,Sanitation,2020,27.70482,10207177.76103,Unimproved
RUS,Russian Federation,urban,Sanitation,2020,4.83582,5275483.69489,Unimproved
RUS,Russian Federation,total,Drinking water,2020,2.38546,3481201.38918,Unimproved
RUS,Russian Federation,rural,Drinking water,2020,6.87273,2532094.91705,Unimproved
RUS,Russian Federation,urban,Drinking water,2020,0.67001,730926.69973,Unimproved
RWA,Rwanda,total,Sanitation,2020,68.83344,8915451.3591,At least basic
RWA,Rwanda,urban,Sanitation,2020,50.46087,1139320.21634,At least basic
RWA,Rwanda,total,Hygiene,2020,4.64989,602263.90329,Basic service
RWA,Rwanda,rural,Hygiene,2020,2.79796,299224.152,Basic service
RWA,Rwanda,urban,Hygiene,2020,13.42173,303039.74024,Basic service
RWA,Rwanda,rural,Sanitation,2020,18.88195,2019307.73038,Basic service
RWA,Rwanda,total,Drinking water,2020,48.31165,6257426.14746,Basic service
RWA,Rwanda,rural,Drinking water,2020,50.59883,5411231.34825,Basic service
RWA,Rwanda,urban,Drinking water,2020,37.47825,846194.81322,Basic service
RWA,Rwanda,total,Hygiene,2020,9.7057,1257102.79112,Limited service
RWA,Rwanda,rural,Hygiene,2020,10.10976,1081176.12154,Limited service
RWA,Rwanda,urban,Hygiene,2020,7.79185,175926.67233,Limited service
RWA,Rwanda,total,Sanitation,2020,15.38727,1992991.08744,Limited service
RWA,Rwanda,rural,Sanitation,2020,10.48545,1121353.39074,Limited service
RWA,Rwanda,urban,Sanitation,2020,38.60512,871637.66664,Limited service
RWA,Rwanda,total,Drinking water,2020,22.32072,2891026.21404,Limited service
RWA,Rwanda,rural,Drinking water,2020,25.08014,2682165.61837,Limited service
RWA,Rwanda,urban,Drinking water,2020,9.25051,208860.61278,Limited service
RWA,Rwanda,total,Hygiene,2020,85.6444,11092841.88556,No handwashing facility
RWA,Rwanda,rural,Hygiene,2020,87.09229,9313979.92569,No handwashing facility
RWA,Rwanda,urban,Hygiene,2020,78.78642,1778862.52819,No handwashing facility
RWA,Rwanda,total,Sanitation,2020,1.9665,254704.9097,Open defecation
RWA,Rwanda,rural,Sanitation,2020,2.08185,222641.13515,Open defecation
RWA,Rwanda,urban,Sanitation,2020,1.42012,32063.77523,Open defecation
RWA,Rwanda,rural,Sanitation,2020,53.83036,5756823.42167,Safely managed service
RWA,Rwanda,total,Drinking water,2020,12.10285,1567586.3065,Safely managed service
RWA,Rwanda,rural,Drinking water,2020,5.04364,539385.64575,Safely managed service
RWA,Rwanda,urban,Drinking water,2020,45.53935,1028200.61888,Safely managed service
RWA,Rwanda,total,Drinking water,2020,4.10998,532332.60379,Surface water
RWA,Rwanda,rural,Drinking water,2020,4.49852,481089.11342,Surface water
RWA,Rwanda,urban,Drinking water,2020,2.26959,51243.49268,Surface water
RWA,Rwanda,total,Sanitation,2020,13.81279,1789061.67433,Unimproved
RWA,Rwanda,rural,Sanitation,2020,14.72039,1574254.32217,Unimproved
RWA,Rwanda,urban,Sanitation,2020,9.51389,214807.35794,Unimproved
RWA,Rwanda,total,Drinking water,2020,13.1548,1703837.72705,Unimproved
RWA,Rwanda,rural,Drinking water,2020,14.77887,1580508.27367,Unimproved
RWA,Rwanda,urban,Drinking water,2020,5.4623,123329.46249,Unimproved
SAU,Saudi Arabia,total,Drinking water,2020,100,34813868,At least basic
SAU,Saudi Arabia,total,Sanitation,2020,40.88642,14234145.89364,Basic service
SAU,Saudi Arabia,total,Sanitation,2020,0,0,Limited service
SAU,Saudi Arabia,total,Drinking water,2020,0,0,Limited service
SAU,Saudi Arabia,total,Sanitation,2020,0,0,Open defecation
SAU,Saudi Arabia,total,Sanitation,2020,59.11358,20579722.10636,Safely managed service
SAU,Saudi Arabia,total,Drinking water,2020,0,0,Surface water
SAU,Saudi Arabia,total,Sanitation,2020,0,0,Unimproved
SAU,Saudi Arabia,total,Drinking water,2020,0,0,Unimproved
SDN,Sudan,total,Sanitation,2020,36.89208,16176907.99904,At least basic
SDN,Sudan,rural,Sanitation,2020,24.2341,6880323.18716,At least basic
SDN,Sudan,urban,Sanitation,2020,60.14022,9296585.95364,At least basic
SDN,Sudan,total,Drinking water,2020,60.44868,26506302.40649,At least basic
SDN,Sudan,rural,Drinking water,2020,53.19903,15103781.79632,At least basic
SDN,Sudan,urban,Drinking water,2020,73.76366,11402521.02781,At least basic
SDN,Sudan,total,Hygiene,2020,12.51129,5486109.51646,Basic service
SDN,Sudan,total,Sanitation,2020,8.36865,3669591.93881,Limited service
SDN,Sudan,rural,Sanitation,2020,6.3995,1816887.24479,Limited service
SDN,Sudan,urban,Sanitation,2020,11.98527,1852704.87226,Limited service
SDN,Sudan,total,Drinking water,2020,26.67002,11694608.43583,Limited service
SDN,Sudan,rural,Drinking water,2020,27.45764,7795523.46641,Limited service
SDN,Sudan,urban,Drinking water,2020,25.22344,3899085.49245,Limited service
SDN,Sudan,total,Sanitation,2020,24.00786,10527271.62229,Open defecation
SDN,Sudan,rural,Sanitation,2020,36.17519,10270529.30072,Open defecation
SDN,Sudan,urban,Sanitation,2020,1.66089,256742.71676,Open defecation
SDN,Sudan,total,Drinking water,2020,9.23109,4047763.97884,Surface water
SDN,Sudan,rural,Drinking water,2020,13.70567,3891188.108,Surface water
SDN,Sudan,urban,Drinking water,2020,1.0129,156576.02542,Surface water
SDN,Sudan,total,Sanitation,2020,30.7314,13475496.13423,Unimproved
SDN,Sudan,rural,Sanitation,2020,33.19121,9423346.16229,Unimproved
SDN,Sudan,urban,Sanitation,2020,26.21362,4052149.58549,Unimproved
SDN,Sudan,total,Drinking water,2020,3.65022,1600593.81859,Unimproved
SDN,Sudan,rural,Drinking water,2020,5.63766,1600592.90126,Unimproved
SDN,Sudan,urban,Drinking water,2020,0,0,Unimproved
SEN,Senegal,total,Drinking water,2020,84.90524,14216473.16329,At least basic
SEN,Senegal,rural,Drinking water,2020,75.24293,6535913.69757,At least basic
SEN,Senegal,urban,Drinking water,2020,95.3217,7680559.40714,At least basic
SEN,Senegal,total,Hygiene,2020,22.01142,3685577.24573,Basic service
SEN,Senegal,rural,Hygiene,2020,10.30122,894806.79361,Basic service
SEN,Senegal,urban,Hygiene,2020,34.63562,2790770.32692,Basic service
SEN,Senegal,total,Sanitation,2020,32.65272,5467348.87459,Basic service
SEN,Senegal,rural,Sanitation,2020,22.34346,1940846.1641,Basic service
SEN,Senegal,urban,Sanitation,2020,43.76663,3526502.53376,Basic service
SEN,Senegal,total,Hygiene,2020,21.4137,3585495.42901,Limited service
SEN,Senegal,rural,Hygiene,2020,20.44199,1775676.45251,Limited service
SEN,Senegal,urban,Hygiene,2020,22.46126,1809818.87014,Limited service
SEN,Senegal,total,Sanitation,2020,17.294,2895695.08006,Limited service
SEN,Senegal,rural,Sanitation,2020,9.28665,806676.65128,Limited service
SEN,Senegal,urban,Sanitation,2020,25.92634,2089018.33176,Limited service
SEN,Senegal,total,Drinking water,2020,2.38722,399714.02865,Limited service
SEN,Senegal,rural,Drinking water,2020,4.05238,352006.79604,Limited service
SEN,Senegal,urban,Drinking water,2020,0.59208,47707.22355,Limited service
SEN,Senegal,total,Hygiene,2020,56.57487,9472857.44749,No handwashing facility
SEN,Senegal,rural,Hygiene,2020,69.25679,6015932.90154,No handwashing facility
SEN,Senegal,urban,Hygiene,2020,42.90312,3456924.74976,No handwashing facility
SEN,Senegal,total,Sanitation,2020,11.25308,1884207.89832,Open defecation
SEN,Senegal,rural,Sanitation,2020,20.42585,1774274.43631,Open defecation
SEN,Senegal,urban,Sanitation,2020,1.36436,109933.42187,Open defecation
SEN,Senegal,total,Sanitation,2020,24.12374,4039261.86438,Safely managed service
SEN,Senegal,rural,Sanitation,2020,23.90389,2076391.38899,Safely managed service
SEN,Senegal,urban,Sanitation,2020,24.36074,1962870.3575,Safely managed service
SEN,Senegal,total,Drinking water,2020,0.09973,16698.56065,Surface water
SEN,Senegal,rural,Drinking water,2020,0.19224,16698.56034,Surface water
SEN,Senegal,urban,Drinking water,2020,0,0,Surface water
SEN,Senegal,total,Sanitation,2020,14.67646,2457416.28097,Unimproved
SEN,Senegal,rural,Sanitation,2020,24.04015,2088227.35871,Unimproved
SEN,Senegal,urban,Sanitation,2020,4.58193,369189.3543,Unimproved
SEN,Senegal,total,Drinking water,2020,12.60782,2111043.82864,Unimproved
SEN,Senegal,rural,Drinking water,2020,20.51245,1781796.88994,Unimproved
SEN,Senegal,urban,Drinking water,2020,4.08622,329247.37809,Unimproved
SGP,Singapore,total,Sanitation,2020,0,0,Basic service
SGP,Singapore,urban,Sanitation,2020,0,0,Basic service
SGP,Singapore,total,Drinking water,2020,0,0,Basic service
SGP,Singapore,urban,Drinking water,2020,0,0,Basic service
SGP,Singapore,total,Sanitation,2020,0,0,Limited service
SGP,Singapore,urban,Sanitation,2020,0,0,Limited service
SGP,Singapore,total,Drinking water,2020,0,0,Limited service
SGP,Singapore,urban,Drinking water,2020,0,0,Limited service
SGP,Singapore,total,Sanitation,2020,0,0,Open defecation
SGP,Singapore,urban,Sanitation,2020,0,0,Open defecation
SGP,Singapore,total,Sanitation,2020,100,5850343,Safely managed service
SGP,Singapore,urban,Sanitation,2020,100,5850343,Safely managed service
SGP,Singapore,total,Drinking water,2020,100,5850343,Safely managed service
SGP,Singapore,urban,Drinking water,2020,100,5850343,Safely managed service
SGP,Singapore,total,Drinking water,2020,0,0,Surface water
SGP,Singapore,urban,Drinking water,2020,0,0,Surface water
SGP,Singapore,total,Sanitation,2020,0,0,Unimproved
SGP,Singapore,urban,Sanitation,2020,0,0,Unimproved
SGP,Singapore,total,Drinking water,2020,0,0,Unimproved
SGP,Singapore,urban,Drinking water,2020,0,0,Unimproved
SHN,Saint Helena,total,Sanitation,2020,100,6071,At least basic
SHN,Saint Helena,total,Drinking water,2020,9.87036,599.22956,Basic service
SHN,Saint Helena,total,Sanitation,2020,0,0,Limited service
SHN,Saint Helena,total,Drinking water,2020,0,0,Limited service
SHN,Saint Helena,total,Sanitation,2020,0,0,Open defecation
SHN,Saint Helena,total,Drinking water,2020,89.22964,5417.13144,Safely managed service
SHN,Saint Helena,total,Drinking water,2020,0,0,Surface water
SHN,Saint Helena,total,Sanitation,2020,0,0,Unimproved
SHN,Saint Helena,total,Drinking water,2020,0.9,54.639,Unimproved
SLB,Solomon Islands,total,Sanitation,2020,34.75592,238730.79716,At least basic
SLB,Solomon Islands,rural,Sanitation,2020,20.62361,106711.73113,At least basic
SLB,Solomon Islands,urban,Sanitation,2020,77.90905,132019.07445,At least basic
SLB,Solomon Islands,total,Drinking water,2020,67.30103,462275.93718,At least basic
SLB,Solomon Islands,rural,Drinking water,2020,59.40527,307377.80949,At least basic
SLB,Solomon Islands,urban,Drinking water,2020,91.41077,154898.12558,At least basic
SLB,Solomon Islands,rural,Hygiene,2020,28.40395,146969.21523,Basic service
SLB,Solomon Islands,total,Sanitation,2020,5.85761,40234.61024,Limited service
SLB,Solomon Islands,rural,Sanitation,2020,1.96992,10192.8604,Limited service
SLB,Solomon Islands,urban,Sanitation,2020,17.72868,30041.75066,Limited service
SLB,Solomon Islands,total,Drinking water,2020,5.79548,39807.86551,Limited service
SLB,Solomon Islands,rural,Drinking water,2020,6.52852,33780.2259,Limited service
SLB,Solomon Islands,urban,Drinking water,2020,3.55712,6027.64052,Limited service
SLB,Solomon Islands,total,Sanitation,2020,44.79095,307659.15036,Open defecation
SLB,Solomon Islands,rural,Sanitation,2020,58.03103,300267.17655,Open defecation
SLB,Solomon Islands,urban,Sanitation,2020,4.36227,7391.98095,Open defecation
SLB,Solomon Islands,total,Drinking water,2020,5.63565,38710.06079,Surface water
SLB,Solomon Islands,rural,Drinking water,2020,7.1103,36790.4722,Surface water
SLB,Solomon Islands,urban,Drinking water,2020,1.13282,1919.58948,Surface water
SLB,Solomon Islands,total,Sanitation,2020,14.59552,100253.43359,Unimproved
SLB,Solomon Islands,rural,Sanitation,2020,19.37544,100253.42069,Unimproved
SLB,Solomon Islands,urban,Sanitation,2020,0,0,Unimproved
SLB,Solomon Islands,total,Drinking water,2020,21.26784,146084.13553,Unimproved
SLB,Solomon Islands,rural,Drinking water,2020,26.95591,139476.67371,Unimproved
SLB,Solomon Islands,urban,Drinking water,2020,3.89929,6607.44993,Unimproved
SLE,Sierra Leone,total,Hygiene,2020,21.09711,1682913.22914,Basic service
SLE,Sierra Leone,rural,Hygiene,2020,18.96647,863547.62815,Basic service
SLE,Sierra Leone,urban,Hygiene,2020,23.93034,819365.6124,Basic service
SLE,Sierra Leone,total,Sanitation,2020,2.45973,196212.06516,Basic service
SLE,Sierra Leone,rural,Sanitation,2020,0.15612,7108.29721,Basic service
SLE,Sierra Leone,urban,Sanitation,2020,5.52295,189103.77121,Basic service
SLE,Sierra Leone,total,Drinking water,2020,53.1457,4239424.71338,Basic service
SLE,Sierra Leone,rural,Drinking water,2020,43.56401,1983479.40204,Basic service
SLE,Sierra Leone,urban,Drinking water,2020,65.887,2255945.34373,Basic service
SLE,Sierra Leone,total,Hygiene,2020,14.55865,1161341.10414,Limited service
SLE,Sierra Leone,rural,Hygiene,2020,13.60466,619423.29541,Limited service
SLE,Sierra Leone,urban,Hygiene,2020,15.82722,541917.81611,Limited service
SLE,Sierra Leone,total,Sanitation,2020,37.91755,3024677.05012,Limited service
SLE,Sierra Leone,rural,Sanitation,2020,25.64125,1167451.96518,Limited service
SLE,Sierra Leone,urban,Sanitation,2020,54.242,1857225.11334,Limited service
SLE,Sierra Leone,total,Drinking water,2020,9.02332,719788.5923,Limited service
SLE,Sierra Leone,rural,Drinking water,2020,5.22114,237719.58952,Limited service
SLE,Sierra Leone,urban,Drinking water,2020,14.07928,482069.01052,Limited service
SLE,Sierra Leone,total,Hygiene,2020,64.34425,5132730.8446,No handwashing facility
SLE,Sierra Leone,rural,Hygiene,2020,67.42888,3070052.69664,No handwashing facility
SLE,Sierra Leone,urban,Hygiene,2020,60.24244,2062677.80678,No handwashing facility
SLE,Sierra Leone,total,Sanitation,2020,16.39085,1307495.31164,Open defecation
SLE,Sierra Leone,rural,Sanitation,2020,24.95792,1136339.78423,Open defecation
SLE,Sierra Leone,urban,Sanitation,2020,4.99876,171155.52656,Open defecation
SLE,Sierra Leone,total,Sanitation,2020,14.04995,1120762.32504,Safely managed service
SLE,Sierra Leone,rural,Sanitation,2020,9.74838,443846.10416,Safely managed service
SLE,Sierra Leone,urban,Sanitation,2020,19.76997,676916.23139,Safely managed service
SLE,Sierra Leone,total,Drinking water,2020,10.62058,847202.32559,Safely managed service
SLE,Sierra Leone,rural,Drinking water,2020,9.1887,418363.547,Safely managed service
SLE,Sierra Leone,urban,Drinking water,2020,12.52464,428838.78445,Safely managed service
SLE,Sierra Leone,total,Drinking water,2020,11.64645,929035.7554,Surface water
SLE,Sierra Leone,rural,Drinking water,2020,18.88321,859757.05032,Surface water
SLE,Sierra Leone,urban,Drinking water,2020,2.02335,69278.70299,Surface water
SLE,Sierra Leone,total,Sanitation,2020,29.18193,2327838.24821,Unimproved
SLE,Sierra Leone,rural,Sanitation,2020,39.49633,1798277.34908,Unimproved
SLE,Sierra Leone,urban,Sanitation,2020,15.46632,529560.6576,Unimproved
SLE,Sierra Leone,total,Drinking water,2020,15.56395,1241533.6139,Unimproved
SLE,Sierra Leone,rural,Drinking water,2020,23.14295,1053703.91066,Unimproved
SLE,Sierra Leone,urban,Drinking water,2020,5.48574,187829.45838,Unimproved
SLV,El Salvador,total,Sanitation,2020,82.44975,5347856.69126,At least basic
SLV,El Salvador,rural,Sanitation,2020,70.12963,1207965.64277,At least basic
SLV,El Salvador,total,Drinking water,2020,97.94658,6353011.98527,At least basic
SLV,El Salvador,rural,Drinking water,2020,93.45439,1609728.90346,At least basic
SLV,El Salvador,urban,Sanitation,2020,69.84712,3327325.18888,Basic service
SLV,El Salvador,urban,Drinking water,2020,22.12224,1053842.65943,Basic service
SLV,El Salvador,total,Sanitation,2020,16.78453,1088678.61345,Limited service
SLV,El Salvador,rural,Sanitation,2020,26.98699,464844.34663,Limited service
SLV,El Salvador,urban,Sanitation,2020,13.09551,623834.30024,Limited service
SLV,El Salvador,total,Drinking water,2020,0.20726,13443.50983,Limited service
SLV,El Salvador,rural,Drinking water,2020,0.78048,13443.51063,Limited service
SLV,El Salvador,urban,Drinking water,2020,0,0,Limited service
SLV,El Salvador,total,Sanitation,2020,0.29738,19288.98398,Open defecation
SLV,El Salvador,rural,Sanitation,2020,1.11984,19288.98514,Open defecation
SLV,El Salvador,urban,Sanitation,2020,0,0,Open defecation
SLV,El Salvador,urban,Sanitation,2020,17.05736,812566.01088,Safely managed service
SLV,El Salvador,urban,Drinking water,2020,77.44863,3689440.26581,Safely managed service
SLV,El Salvador,total,Drinking water,2020,1.53099,99302.91784,Surface water
SLV,El Salvador,rural,Drinking water,2020,5.76513,99302.92384,Surface water
SLV,El Salvador,urban,Drinking water,2020,0,0,Surface water
SLV,El Salvador,total,Sanitation,2020,0.46833,30376.72895,Unimproved
SLV,El Salvador,rural,Sanitation,2020,1.76354,30376.48664,Unimproved
SLV,El Salvador,urban,Sanitation,2020,0,0,Unimproved
SLV,El Salvador,total,Drinking water,2020,0.31517,20442.81895,Unimproved
SLV,El Salvador,rural,Drinking water,2020,0,0,Unimproved
SLV,El Salvador,urban,Drinking water,2020,0.42913,20442.57495,Unimproved
SMR,San Marino,total,Sanitation,2020,29.6285,10055.32033,Basic service
SMR,San Marino,total,Drinking water,2020,0,0,Basic service
SMR,San Marino,total,Sanitation,2020,0,0,Limited service
SMR,San Marino,total,Drinking water,2020,0,0,Limited service
SMR,San Marino,total,Sanitation,2020,0,0,Open defecation
SMR,San Marino,total,Sanitation,2020,70.3715,23882.67967,Safely managed service
SMR,San Marino,total,Drinking water,2020,100,33938,Safely managed service
SMR,San Marino,total,Drinking water,2020,0,0,Surface water
SMR,San Marino,total,Sanitation,2020,0,0,Unimproved
SMR,San Marino,total,Drinking water,2020,0,0,Unimproved
SOM,Somalia,total,Drinking water,2020,56.47697,8976009.24027,At least basic
SOM,Somalia,rural,Drinking water,2020,37.07586,3173667.53867,At least basic
SOM,Somalia,urban,Drinking water,2020,79.12331,5802341.50637,At least basic
SOM,Somalia,total,Hygiene,2020,24.94546,3964635.808,Basic service
SOM,Somalia,rural,Hygiene,2020,19.0097,1627217.06793,Basic service
SOM,Somalia,urban,Hygiene,2020,31.87408,2337418.7205,Basic service
SOM,Somalia,total,Sanitation,2020,7.78707,1237616.61691,Basic service
SOM,Somalia,rural,Sanitation,2020,3.79401,324764.84507,Basic service
SOM,Somalia,urban,Sanitation,2020,12.44805,912851.75838,Basic service
SOM,Somalia,total,Hygiene,2020,54.4113,8647706.64381,Limited service
SOM,Somalia,rural,Hygiene,2020,55.18374,4723688.95156,Limited service
SOM,Somalia,urban,Hygiene,2020,53.50965,3924017.69589,Limited service
SOM,Somalia,total,Sanitation,2020,16.92125,2689331.18336,Limited service
SOM,Somalia,rural,Sanitation,2020,9.12339,780955.69133,Limited service
SOM,Somalia,urban,Sanitation,2020,26.02346,1908375.4657,Limited service
SOM,Somalia,total,Drinking water,2020,27.7042,4403089.10827,Limited service
SOM,Somalia,rural,Drinking water,2020,36.64325,3136636.14734,Limited service
SOM,Somalia,urban,Drinking water,2020,17.26992,1266452.99077,Limited service
SOM,Somalia,total,Hygiene,2020,20.64325,3280876.54978,No handwashing facility
SOM,Somalia,rural,Hygiene,2020,25.80656,2209022.93086,No handwashing facility
SOM,Somalia,urban,Hygiene,2020,14.61627,1071853.61075,No handwashing facility
SOM,Somalia,total,Sanitation,2020,23.12103,3674675.7025,Open defecation
SOM,Somalia,rural,Sanitation,2020,42.29438,3620368.55146,Open defecation
SOM,Somalia,urban,Sanitation,2020,0.74056,54307.21421,Open defecation
SOM,Somalia,total,Sanitation,2020,31.51954,5009470.00633,Safely managed service
SOM,Somalia,rural,Sanitation,2020,20.8776,1787107.6008,Safely managed service
SOM,Somalia,urban,Sanitation,2020,43.94156,3222362.36926,Safely managed service
SOM,Somalia,total,Drinking water,2020,2.40178,381720.79436,Surface water
SOM,Somalia,rural,Drinking water,2020,4.45939,381720.80127,Surface water
SOM,Somalia,urban,Drinking water,2020,0,0,Surface water
SOM,Somalia,total,Sanitation,2020,20.65111,3282125.49297,Unimproved
SOM,Somalia,rural,Sanitation,2020,23.91062,2046732.31117,Unimproved
SOM,Somalia,urban,Sanitation,2020,16.84637,1235393.19224,Unimproved
SOM,Somalia,total,Drinking water,2020,13.41704,2132400.03208,Unimproved
SOM,Somalia,rural,Drinking water,2020,21.8215,1867904.51811,Unimproved
SOM,Somalia,urban,Drinking water,2020,3.60678,264495.54195,Unimproved
SPM,Saint Pierre and Miquelon,total,Sanitation,2020,99.96215,5792.80663,At least basic
SPM,Saint Pierre and Miquelon,total,Drinking water,2020,8.2717,479.34502,Basic service
SPM,Saint Pierre and Miquelon,total,Sanitation,2020,0,0,Limited service
SPM,Saint Pierre and Miquelon,total,Drinking water,2020,0,0,Limited service
SPM,Saint Pierre and Miquelon,total,Sanitation,2020,0,0,Open defecation
SPM,Saint Pierre and Miquelon,total,Drinking water,2020,83.1283,4817.28499,Safely managed service
SPM,Saint Pierre and Miquelon,total,Drinking water,2020,0,0,Surface water
SPM,Saint Pierre and Miquelon,total,Sanitation,2020,0.03785,2.19342,Unimproved
SPM,Saint Pierre and Miquelon,total,Drinking water,2020,8.6,498.37,Unimproved
SRB,Serbia,total,Sanitation,2020,79.54482,6950125.31874,Basic service
SRB,Serbia,rural,Sanitation,2020,75.75596,2882873.67376,Basic service
SRB,Serbia,urban,Sanitation,2020,82.46832,4067251.27966,Basic service
SRB,Serbia,total,Drinking water,2020,20.25711,1769938.89753,Basic service
SRB,Serbia,rural,Drinking water,2020,29.20342,1111328.54198,Basic service
SRB,Serbia,urban,Drinking water,2020,13.3541,658610.29395,Basic service
SRB,Serbia,total,Sanitation,2020,0,0,Limited service
SRB,Serbia,rural,Sanitation,2020,0,0,Limited service
SRB,Serbia,urban,Sanitation,2020,0,0,Limited service
SRB,Serbia,total,Drinking water,2020,4.2442,370831.39454,Limited service
SRB,Serbia,rural,Drinking water,2020,3.54586,134936.9443,Limited service
SRB,Serbia,urban,Drinking water,2020,4.78304,235894.42923,Limited service
SRB,Serbia,total,Sanitation,2020,0.03169,2768.96569,Open defecation
SRB,Serbia,rural,Sanitation,2020,0.07276,2768.96566,Open defecation
SRB,Serbia,urban,Sanitation,2020,0,0,Open defecation
SRB,Serbia,total,Sanitation,2020,18.35384,1603643.24203,Safely managed service
SRB,Serbia,rural,Sanitation,2020,19.8945,757079.96969,Safely managed service
SRB,Serbia,urban,Sanitation,2020,17.16507,846563.19555,Safely managed service
SRB,Serbia,total,Drinking water,2020,75.03842,6556384.09262,Safely managed service
SRB,Serbia,rural,Drinking water,2020,66.64156,2536027.33998,Safely managed service
SRB,Serbia,urban,Drinking water,2020,81.51747,4020356.39223,Safely managed service
SRB,Serbia,total,Drinking water,2020,0.01655,1446.11564,Surface water
SRB,Serbia,rural,Drinking water,2020,0.038,1446.11566,Surface water
SRB,Serbia,urban,Drinking water,2020,0,0,Surface water
SRB,Serbia,total,Sanitation,2020,2.06964,180832.4738,Unimproved
SRB,Serbia,rural,Sanitation,2020,4.27678,162751.69101,Unimproved
SRB,Serbia,urban,Sanitation,2020,0.36661,18081.02469,Unimproved
SRB,Serbia,total,Drinking water,2020,0.44372,38769.49993,Unimproved
SRB,Serbia,rural,Drinking water,2020,0.57116,21735.35793,Unimproved
SRB,Serbia,urban,Drinking water,2020,0.34539,17034.38459,Unimproved
SSD,South Sudan,total,Sanitation,2020,15.84482,1773625.89344,At least basic
SSD,South Sudan,rural,Sanitation,2020,9.27745,828727.14255,At least basic
SSD,South Sudan,urban,Sanitation,2020,41.7908,944898.84852,At least basic
SSD,South Sudan,total,Drinking water,2020,40.95093,4583935.87308,At least basic
SSD,South Sudan,rural,Drinking water,2020,33.59363,3000820.68959,At least basic
SSD,South Sudan,urban,Drinking water,2020,70.01771,1583115.28758,At least basic
SSD,South Sudan,total,Sanitation,2020,8.73196,977431.546,Limited service
SSD,South Sudan,rural,Sanitation,2020,6.18162,552185.9393,Limited service
SSD,South Sudan,urban,Sanitation,2020,18.80768,425245.63546,Limited service
SSD,South Sudan,total,Drinking water,2020,37.42696,4189472.7966,Limited service
SSD,South Sudan,rural,Drinking water,2020,42.16438,3766421.00615,Limited service
SSD,South Sudan,urban,Drinking water,2020,18.71066,423052.02877,Limited service
SSD,South Sudan,total,Sanitation,2020,60.1272,6730475.27703,Open defecation
SSD,South Sudan,rural,Sanitation,2020,73.30605,6548215.7153,Open defecation
SSD,South Sudan,urban,Sanitation,2020,8.06096,182259.98546,Open defecation
SSD,South Sudan,total,Drinking water,2020,8.08455,904963.15091,Surface water
SSD,South Sudan,rural,Drinking water,2020,10.13089,904963.21007,Surface water
SSD,South Sudan,urban,Drinking water,2020,0,0,Surface water
SSD,South Sudan,total,Sanitation,2020,15.29603,1712196.26237,Unimproved
SSD,South Sudan,rural,Sanitation,2020,11.23488,1003579.23536,Unimproved
SSD,South Sudan,urban,Sanitation,2020,31.34056,708616.8373,Unimproved
SSD,South Sudan,total,Drinking water,2020,13.53756,1515357.24119,Unimproved
SSD,South Sudan,rural,Drinking water,2020,14.1111,1260503.01557,Unimproved
SSD,South Sudan,urban,Drinking water,2020,11.27163,254854.06007,Unimproved
STP,Sao Tome and Principe,total,Hygiene,2020,55.4399,121502.64369,Basic service
STP,Sao Tome and Principe,rural,Hygiene,2020,43.77046,24601.64022,Basic service
STP,Sao Tome and Principe,urban,Hygiene,2020,59.46489,96900.99984,Basic service
STP,Sao Tome and Principe,total,Sanitation,2020,12.96105,28405.57744,Basic service
STP,Sao Tome and Principe,rural,Sanitation,2020,8.17487,4594.7683,Basic service
STP,Sao Tome and Principe,urban,Sanitation,2020,14.61189,23810.8083,Basic service
STP,Sao Tome and Principe,total,Drinking water,2020,42.05749,92173.61908,Basic service
STP,Sao Tome and Principe,rural,Drinking water,2020,49.57042,27861.56753,Basic service
STP,Sao Tome and Principe,urban,Drinking water,2020,39.46615,64312.04874,Basic service
STP,Sao Tome and Principe,total,Hygiene,2020,16.63055,36447.67383,Limited service
STP,Sao Tome and Principe,rural,Hygiene,2020,20.44456,11491.07756,Limited service
STP,Sao Tome and Principe,urban,Hygiene,2020,15.31503,24956.59518,Limited service
STP,Sao Tome and Principe,total,Sanitation,2020,5.80383,12719.73028,Limited service
STP,Sao Tome and Principe,rural,Sanitation,2020,4.26195,2395.47046,Limited service
STP,Sao Tome and Principe,urban,Sanitation,2020,6.33565,10324.25943,Limited service
STP,Sao Tome and Principe,total,Drinking water,2020,20.23798,44353.76588,Limited service
STP,Sao Tome and Principe,rural,Drinking water,2020,19.71184,11079.24435,Limited service
STP,Sao Tome and Principe,urban,Drinking water,2020,20.41946,33274.52019,Limited service
STP,Sao Tome and Principe,total,Hygiene,2020,27.92955,61210.68145,No handwashing facility
STP,Sao Tome and Principe,rural,Hygiene,2020,35.78497,20113.3131,No handwashing facility
STP,Sao Tome and Principe,urban,Hygiene,2020,25.22008,41097.37597,No handwashing facility
STP,Sao Tome and Principe,total,Sanitation,2020,42.6254,93418.25392,Open defecation
STP,Sao Tome and Principe,rural,Sanitation,2020,54.22097,30475.45593,Open defecation
STP,Sao Tome and Principe,urban,Sanitation,2020,38.62588,62942.79513,Open defecation
STP,Sao Tome and Principe,total,Sanitation,2020,34.66002,75961.25246,Safely managed service
STP,Sao Tome and Principe,rural,Sanitation,2020,30.34629,17056.44318,Safely managed service
STP,Sao Tome and Principe,urban,Sanitation,2020,36.1479,58904.807,Safely managed service
STP,Sao Tome and Principe,total,Drinking water,2020,36.16896,79268.26234,Safely managed service
STP,Sao Tome and Principe,rural,Drinking water,2020,24.73019,13899.85889,Safely managed service
STP,Sao Tome and Principe,urban,Drinking water,2020,40.1144,65368.40109,Safely managed service
STP,Sao Tome and Principe,total,Drinking water,2020,1.09204,2393.33001,Surface water
STP,Sao Tome and Principe,rural,Drinking water,2020,4.25814,2393.32993,Surface water
STP,Sao Tome and Principe,urban,Drinking water,2020,0,0,Surface water
STP,Sao Tome and Principe,total,Sanitation,2020,3.94969,8656.18591,Unimproved
STP,Sao Tome and Principe,rural,Sanitation,2020,2.99593,1683.89313,Unimproved
STP,Sao Tome and Principe,urban,Sanitation,2020,4.27867,6972.30015,Unimproved
STP,Sao Tome and Principe,total,Drinking water,2020,0.44352,972.02271,Unimproved
STP,Sao Tome and Principe,rural,Drinking water,2020,1.72941,972.03031,Unimproved
STP,Sao Tome and Principe,urban,Drinking water,2020,0,0,Unimproved
SUR,Suriname,total,Hygiene,2020,72.10366,422984.5577,Basic service
SUR,Suriname,rural,Hygiene,2020,66.83833,132728.53518,Basic service
SUR,Suriname,urban,Hygiene,2020,74.79813,290256.02181,Basic service
SUR,Suriname,total,Sanitation,2020,64.77361,379984.01354,Basic service
SUR,Suriname,rural,Sanitation,2020,48.41517,96143.5516,Basic service
SUR,Suriname,urban,Sanitation,2020,73.14485,283840.45966,Basic service
SUR,Suriname,total,Drinking water,2020,42.2292,247730.83005,Basic service
SUR,Suriname,rural,Drinking water,2020,55.76745,110743.81621,Basic service
SUR,Suriname,urban,Drinking water,2020,35.30115,136987.01571,Basic service
SUR,Suriname,total,Hygiene,2020,16.82626,98708.54912,Limited service
SUR,Suriname,rural,Hygiene,2020,24.85836,49364.09091,Limited service
SUR,Suriname,urban,Hygiene,2020,12.71592,49344.45932,Limited service
SUR,Suriname,total,Sanitation,2020,6.08719,35709.55481,Limited service
SUR,Suriname,rural,Sanitation,2020,8.84899,17572.46285,Limited service
SUR,Suriname,urban,Sanitation,2020,4.67388,18137.09234,Limited service
SUR,Suriname,total,Drinking water,2020,1.06725,6260.83342,Limited service
SUR,Suriname,rural,Drinking water,2020,1.6003,3177.89104,Limited service
SUR,Suriname,urban,Drinking water,2020,0.79447,3082.94245,Limited service
SUR,Suriname,total,Hygiene,2020,11.07009,64940.89112,No handwashing facility
SUR,Suriname,rural,Hygiene,2020,8.30331,16488.84341,No handwashing facility
SUR,Suriname,urban,Hygiene,2020,12.48595,48452.05038,No handwashing facility
SUR,Suriname,total,Sanitation,2020,1.21956,7154.36558,Open defecation
SUR,Suriname,rural,Sanitation,2020,3.24685,6447.642,Open defecation
SUR,Suriname,urban,Sanitation,2020,0.18212,706.72386,Open defecation
SUR,Suriname,total,Sanitation,2020,25.1806,147717.97514,Safely managed service
SUR,Suriname,rural,Sanitation,2020,33.94891,67416.24548,Safely managed service
SUR,Suriname,urban,Sanitation,2020,20.69352,80301.73089,Safely managed service
SUR,Suriname,total,Drinking water,2020,55.76043,327109.6658,Safely managed service
SUR,Suriname,rural,Drinking water,2020,40.80697,81035.07201,Safely managed service
SUR,Suriname,urban,Drinking water,2020,63.4127,246074.5917,Safely managed service
SUR,Suriname,total,Drinking water,2020,0.56378,3307.35382,Surface water
SUR,Suriname,rural,Drinking water,2020,1.66549,3307.35397,Surface water
SUR,Suriname,urban,Drinking water,2020,0,0,Surface water
SUR,Suriname,total,Sanitation,2020,2.73903,16068.09096,Unimproved
SUR,Suriname,rural,Sanitation,2020,5.54008,11001.56806,Unimproved
SUR,Suriname,urban,Sanitation,2020,1.30563,5066.52328,Unimproved
SUR,Suriname,total,Drinking water,2020,0.37934,2225.31692,Unimproved
SUR,Suriname,rural,Drinking water,2020,0.1598,317.33675,Unimproved
SUR,Suriname,urban,Drinking water,2020,0.49168,1907.98014,Unimproved
SVK,Slovakia,rural,Drinking water,2020,100,2524539,At least basic
SVK,Slovakia,urban,Drinking water,2020,99.60509,2923513.12491,At least basic
SVK,Slovakia,total,Sanitation,2020,15.59764,851575.63295,Basic service
SVK,Slovakia,rural,Sanitation,2020,21.17605,534597.71387,Basic service
SVK,Slovakia,urban,Sanitation,2020,10.79955,316977.91573,Basic service
SVK,Slovakia,total,Drinking water,2020,0.54996,30026.00153,Basic service
SVK,Slovakia,total,Sanitation,2020,2.42138,132198.84109,Limited service
SVK,Slovakia,rural,Sanitation,2020,3.79311,95758.48259,Limited service
SVK,Slovakia,urban,Sanitation,2020,1.24154,36440.35768,Limited service
SVK,Slovakia,total,Drinking water,2020,0.2123,11590.89983,Limited service
SVK,Slovakia,rural,Drinking water,2020,0,0,Limited service
SVK,Slovakia,urban,Drinking water,2020,0.39491,11590.89995,Limited service
SVK,Slovakia,total,Sanitation,2020,0,0,Open defecation
SVK,Slovakia,rural,Sanitation,2020,0,0,Open defecation
SVK,Slovakia,urban,Sanitation,2020,0,0,Open defecation
SVK,Slovakia,total,Sanitation,2020,81.93498,4473357.52624,Safely managed service
SVK,Slovakia,rural,Sanitation,2020,75.00813,1893609.50512,Safely managed service
SVK,Slovakia,urban,Sanitation,2020,87.8929,2579748.02508,Safely managed service
SVK,Slovakia,total,Drinking water,2020,99.23774,5418026.09869,Safely managed service
SVK,Slovakia,total,Drinking water,2020,0,0,Surface water
SVK,Slovakia,rural,Drinking water,2020,0,0,Surface water
SVK,Slovakia,urban,Drinking water,2020,0,0,Surface water
SVK,Slovakia,total,Sanitation,2020,0.04599,2510.99999,Unimproved
SVK,Slovakia,rural,Sanitation,2020,0.02271,573.29857,Unimproved
SVK,Slovakia,urban,Sanitation,2020,0.06602,1937.70142,Unimproved
SVK,Slovakia,total,Drinking water,2020,0,0,Unimproved
SVK,Slovakia,rural,Drinking water,2020,0,0,Unimproved
SVK,Slovakia,urban,Drinking water,2020,0,0,Unimproved
SVN,Slovenia,total,Sanitation,2020,26.5516,551989.66614,Basic service
SVN,Slovenia,total,Drinking water,2020,1.22568,25481.03359,Basic service
SVN,Slovenia,total,Sanitation,2020,0.87926,18279.12376,Limited service
SVN,Slovenia,total,Drinking water,2020,0,0,Limited service
SVN,Slovenia,total,Sanitation,2020,0,0,Open defecation
SVN,Slovenia,total,Sanitation,2020,71.5482,1487438.28362,Safely managed service
SVN,Slovenia,total,Drinking water,2020,98.27432,2043056.20691,Safely managed service
SVN,Slovenia,total,Drinking water,2020,0,0,Surface water
SVN,Slovenia,total,Sanitation,2020,1.02095,21224.82648,Unimproved
SVN,Slovenia,total,Drinking water,2020,0.5,10394.6595,Unimproved
SWE,Sweden,rural,Drinking water,2020,99.71938,1210827.95932,At least basic
SWE,Sweden,urban,Drinking water,2020,99.84156,8870957.58253,At least basic
SWE,Sweden,total,Sanitation,2020,4.35506,439829.54135,Basic service
SWE,Sweden,rural,Sanitation,2020,9.08333,110292.97933,Basic service
SWE,Sweden,urban,Sanitation,2020,3.70889,329536.57648,Basic service
SWE,Sweden,total,Drinking water,2020,0.07507,7581.17639,Basic service
SWE,Sweden,total,Sanitation,2020,0.70182,70878.52695,Limited service
SWE,Sweden,rural,Sanitation,2020,0.35,4249.8239,Limited service
SWE,Sweden,urban,Sanitation,2020,0.7499,66628.70607,Limited service
SWE,Sweden,total,Drinking water,2020,0,0,Limited service
SWE,Sweden,rural,Drinking water,2020,0,0,Limited service
SWE,Sweden,urban,Drinking water,2020,0,0,Limited service
SWE,Sweden,total,Sanitation,2020,0,0,Open defecation
SWE,Sweden,rural,Sanitation,2020,0,0,Open defecation
SWE,Sweden,urban,Sanitation,2020,0,0,Open defecation
SWE,Sweden,total,Sanitation,2020,94.93116,9587354.4039,Safely managed service
SWE,Sweden,rural,Sanitation,2020,90.56667,1099692.59676,Safely managed service
SWE,Sweden,urban,Sanitation,2020,95.52762,8487662.19001,Safely managed service
SWE,Sweden,total,Drinking water,2020,99.7518,10074203.7179,Safely managed service
SWE,Sweden,total,Drinking water,2020,0,0,Surface water
SWE,Sweden,rural,Drinking water,2020,0,0,Surface water
SWE,Sweden,urban,Drinking water,2020,0,0,Surface water
SWE,Sweden,total,Sanitation,2020,0.01196,1207.5278,Unimproved
SWE,Sweden,rural,Sanitation,2020,0,0,Unimproved
SWE,Sweden,urban,Sanitation,2020,0.01359,1207.52779,Unimproved
SWE,Sweden,total,Drinking water,2020,0.17313,17485.10581,Unimproved
SWE,Sweden,rural,Drinking water,2020,0.28063,3407.45128,Unimproved
SWE,Sweden,urban,Drinking water,2020,0.15844,14077.65523,Unimproved
SWZ,Eswatini,total,Sanitation,2020,64.29218,745894.67253,At least basic
SWZ,Eswatini,rural,Sanitation,2020,68.3652,601436.49005,At least basic
SWZ,Eswatini,urban,Sanitation,2020,51.51434,144458.17419,At least basic
SWZ,Eswatini,total,Drinking water,2020,70.75307,820851.70098,At least basic
SWZ,Eswatini,rural,Drinking water,2020,62.46645,549542.81344,At least basic
SWZ,Eswatini,total,Hygiene,2020,24.31107,282048.331,Basic service
SWZ,Eswatini,rural,Hygiene,2020,16.78873,147697.32948,Basic service
SWZ,Eswatini,urban,Hygiene,2020,47.91008,134350.99248,Basic service
SWZ,Eswatini,urban,Drinking water,2020,8.02856,22513.94889,Basic service
SWZ,Eswatini,total,Hygiene,2020,31.3771,364025.81218,Limited service
SWZ,Eswatini,rural,Hygiene,2020,32.93985,289785.29857,Limited service
SWZ,Eswatini,urban,Hygiene,2020,26.47445,74240.50444,Limited service
SWZ,Eswatini,total,Sanitation,2020,21.63243,250971.6747,Limited service
SWZ,Eswatini,rural,Sanitation,2020,15.53445,136662.91148,Limited service
SWZ,Eswatini,urban,Sanitation,2020,40.76294,114308.75537,Limited service
SWZ,Eswatini,total,Drinking water,2020,9.50707,110297.57068,Limited service
SWZ,Eswatini,rural,Drinking water,2020,12.2997,108205.43018,Limited service
SWZ,Eswatini,urban,Drinking water,2020,0.74606,2092.13824,Limited service
SWZ,Eswatini,total,Hygiene,2020,44.31182,514089.83907,No handwashing facility
SWZ,Eswatini,rural,Hygiene,2020,50.27142,442258.1296,No handwashing facility
SWZ,Eswatini,urban,Hygiene,2020,25.61548,71831.75201,No handwashing facility
SWZ,Eswatini,total,Sanitation,2020,3.81401,44248.82715,Open defecation
SWZ,Eswatini,rural,Sanitation,2020,4.8453,42626.09166,Open defecation
SWZ,Eswatini,urban,Sanitation,2020,0.57867,1622.73455,Open defecation
SWZ,Eswatini,urban,Drinking water,2020,88.7212,248794.88103,Safely managed service
SWZ,Eswatini,total,Drinking water,2020,9.90429,114906.05297,Surface water
SWZ,Eswatini,rural,Drinking water,2020,12.7834,112460.73672,Surface water
SWZ,Eswatini,urban,Drinking water,2020,0.87201,2445.31382,Surface water
SWZ,Eswatini,total,Sanitation,2020,10.26138,119048.83388,Unimproved
SWZ,Eswatini,rural,Sanitation,2020,11.25505,99015.27298,Unimproved
SWZ,Eswatini,urban,Sanitation,2020,7.14405,20033.58847,Unimproved
SWZ,Eswatini,total,Drinking water,2020,9.83557,114108.71833,Unimproved
SWZ,Eswatini,rural,Drinking water,2020,12.45046,109531.77836,Unimproved
SWZ,Eswatini,urban,Drinking water,2020,1.63216,4576.96802,Unimproved
SYC,Seychelles,total,Sanitation,2020,100,98340,At least basic
SYC,Seychelles,total,Sanitation,2020,0,0,Limited service
SYC,Seychelles,total,Sanitation,2020,0,0,Open defecation
SYC,Seychelles,total,Sanitation,2020,0,0,Unimproved
SYR,Syrian Arab Republic,total,Sanitation,2020,89.69348,15696947.64299,At least basic
SYR,Syrian Arab Republic,rural,Sanitation,2020,89.87375,7003112.14473,At least basic
SYR,Syrian Arab Republic,urban,Sanitation,2020,89.54879,8693834.42484,At least basic
SYR,Syrian Arab Republic,total,Drinking water,2020,93.92586,16437641.22313,At least basic
SYR,Syrian Arab Republic,rural,Drinking water,2020,92.08275,7175241.07388,At least basic
SYR,Syrian Arab Republic,urban,Drinking water,2020,95.40517,9262400.10771,At least basic
SYR,Syrian Arab Republic,total,Hygiene,2020,82.8226,14494498.03275,Basic service
SYR,Syrian Arab Republic,rural,Hygiene,2020,80.2353,6252068.13583,Basic service
SYR,Syrian Arab Republic,urban,Hygiene,2020,84.8992,8242429.49115,Basic service
SYR,Syrian Arab Republic,total,Hygiene,2020,8.67447,1518089.69967,Limited service
SYR,Syrian Arab Republic,rural,Hygiene,2020,9.07021,706765.59752,Limited service
SYR,Syrian Arab Republic,urban,Hygiene,2020,8.35685,811324.05765,Limited service
SYR,Syrian Arab Republic,total,Sanitation,2020,9.80521,1715976.53594,Limited service
SYR,Syrian Arab Republic,rural,Sanitation,2020,9.6429,751390.47083,Limited service
SYR,Syrian Arab Republic,urban,Sanitation,2020,9.93549,964586.01656,Limited service
SYR,Syrian Arab Republic,total,Drinking water,2020,5.87373,1027941.41607,Limited service
SYR,Syrian Arab Republic,rural,Drinking water,2020,7.91726,616925.69183,Limited service
SYR,Syrian Arab Republic,urban,Drinking water,2020,4.23357,411015.68912,Limited service
SYR,Syrian Arab Republic,total,Hygiene,2020,8.50293,1488068.30766,No handwashing facility
SYR,Syrian Arab Republic,rural,Hygiene,2020,10.69449,833332.79829,No handwashing facility
SYR,Syrian Arab Republic,urban,Hygiene,2020,6.74395,654735.4481,No handwashing facility
SYR,Syrian Arab Republic,urban,Sanitation,2020,0.05267,5113.42135,Open defecation
SYR,Syrian Arab Republic,total,Drinking water,2020,0,0,Surface water
SYR,Syrian Arab Republic,rural,Drinking water,2020,0,0,Surface water
SYR,Syrian Arab Republic,urban,Drinking water,2020,0,0,Surface water
SYR,Syrian Arab Republic,total,Sanitation,2020,0.50131,87732.13503,Unimproved
SYR,Syrian Arab Republic,rural,Sanitation,2020,0.48335,37663.62667,Unimproved
SYR,Syrian Arab Republic,urban,Sanitation,2020,0.46305,44955.08453,Unimproved
SYR,Syrian Arab Republic,total,Drinking water,2020,0.20041,35073.42415,Unimproved
SYR,Syrian Arab Republic,rural,Drinking water,2020,0,0,Unimproved
SYR,Syrian Arab Republic,urban,Drinking water,2020,0.36127,35073.42376,Unimproved
TCD,Chad,total,Hygiene,2020,25.30453,4156485.96999,Basic service
TCD,Chad,rural,Hygiene,2020,22.46201,2821789.46304,Basic service
TCD,Chad,urban,Hygiene,2020,34.54754,1334696.56629,Basic service
TCD,Chad,total,Sanitation,2020,1.92658,316457.89662,Basic service
TCD,Chad,rural,Sanitation,2020,0.22175,27856.8905,Basic service
TCD,Chad,urban,Sanitation,2020,7.4702,288601.00863,Basic service
TCD,Chad,total,Drinking water,2020,40.59606,6668250.75386,Basic service
TCD,Chad,rural,Drinking water,2020,35.60942,4473432.5981,Basic service
TCD,Chad,urban,Drinking water,2020,56.81109,2194818.24867,Basic service
TCD,Chad,total,Hygiene,2020,30.44524,5000891.42095,Limited service
TCD,Chad,rural,Hygiene,2020,30.9302,3885605.10665,Limited service
TCD,Chad,urban,Hygiene,2020,28.86829,1115286.38906,Limited service
TCD,Chad,total,Sanitation,2020,5.23465,859835.96681,Limited service
TCD,Chad,rural,Sanitation,2020,1.36924,172010.55064,Limited service
TCD,Chad,urban,Sanitation,2020,17.8038,687825.42418,Limited service
TCD,Chad,total,Drinking water,2020,14.74029,2421219.13497,Limited service
TCD,Chad,rural,Drinking water,2020,14.35396,1803215.93382,Limited service
TCD,Chad,urban,Drinking water,2020,15.99651,618003.23586,Limited service
TCD,Chad,total,Hygiene,2020,44.25024,7268481.4563,No handwashing facility
TCD,Chad,rural,Hygiene,2020,46.60779,5855102.4592,No handwashing facility
TCD,Chad,urban,Hygiene,2020,36.58417,1413378.97202,No handwashing facility
TCD,Chad,total,Sanitation,2020,64.07332,10524593.59568,Open defecation
TCD,Chad,rural,Sanitation,2020,78.6737,9883381.66459,Open defecation
TCD,Chad,urban,Sanitation,2020,16.59726,641212.10607,Open defecation
TCD,Chad,total,Sanitation,2020,10.13712,1665108.642,Safely managed service
TCD,Chad,rural,Sanitation,2020,3.33344,418763.63215,Safely managed service
TCD,Chad,urban,Sanitation,2020,32.26063,1246345.02662,Safely managed service
TCD,Chad,total,Drinking water,2020,5.59148,918448.58648,Safely managed service
TCD,Chad,rural,Drinking water,2020,1.96579,246952.69042,Safely managed service
TCD,Chad,urban,Drinking water,2020,17.38113,671495.90514,Safely managed service
TCD,Chad,total,Drinking water,2020,7.50972,1233535.81876,Surface water
TCD,Chad,rural,Drinking water,2020,9.54586,1199197.87702,Surface water
TCD,Chad,urban,Drinking water,2020,0.88881,34337.96263,Surface water
TCD,Chad,total,Sanitation,2020,18.62833,3059862.89791,Unimproved
TCD,Chad,rural,Sanitation,2020,16.40187,2060484.26213,Unimproved
TCD,Chad,urban,Sanitation,2020,25.8681,999378.43438,Unimproved
TCD,Chad,total,Drinking water,2020,31.56246,5184404.70675,Unimproved
TCD,Chad,rural,Drinking water,2020,38.52497,4839697.90026,Unimproved
TCD,Chad,urban,Drinking water,2020,8.92245,344706.64789,Unimproved
TGO,Togo,total,Hygiene,2020,17.14669,1419529.05269,Basic service
TGO,Togo,rural,Hygiene,2020,9.82949,465469.38454,Basic service
TGO,Togo,urban,Hygiene,2020,26.92574,954059.74826,Basic service
TGO,Togo,total,Sanitation,2020,9.46902,783915.05878,Basic service
TGO,Togo,rural,Sanitation,2020,1.42119,67299.5743,Basic service
TGO,Togo,urban,Sanitation,2020,20.22452,716615.52163,Basic service
TGO,Togo,total,Drinking water,2020,49.02274,4058463.88126,Basic service
TGO,Togo,rural,Drinking water,2020,45.43157,2151383.86671,Basic service
TGO,Togo,urban,Drinking water,2020,53.82215,1907080.27504,Basic service
TGO,Togo,total,Hygiene,2020,8.99773,744898.838,Limited service
TGO,Togo,rural,Hygiene,2020,7.48302,354353.54547,Limited service
TGO,Togo,urban,Hygiene,2020,11.02208,390545.33895,Limited service
TGO,Togo,total,Sanitation,2020,26.89599,2226648.57818,Limited service
TGO,Togo,rural,Sanitation,2020,10.078,477237.56145,Limited service
TGO,Togo,urban,Sanitation,2020,49.37237,1749411.13317,Limited service
TGO,Togo,total,Drinking water,2020,6.06543,502141.42243,Limited service
TGO,Togo,rural,Drinking water,2020,8.18754,387715.97603,Limited service
TGO,Togo,urban,Drinking water,2020,3.22935,114425.48321,Limited service
TGO,Togo,total,Hygiene,2020,73.85558,6114309.86139,No handwashing facility
TGO,Togo,rural,Hygiene,2020,82.68749,3915614.93494,No handwashing facility
TGO,Togo,urban,Hygiene,2020,62.05218,2198694.67877,No handwashing facility
TGO,Togo,total,Sanitation,2020,45.15002,3737851.35386,Open defecation
TGO,Togo,rural,Sanitation,2020,70.04316,3316850.2564,Open defecation
TGO,Togo,urban,Sanitation,2020,11.88162,421001.38829,Open defecation
TGO,Togo,total,Sanitation,2020,9.13418,756194.8753,Safely managed service
TGO,Togo,rural,Sanitation,2020,6.78119,321119.10688,Safely managed service
TGO,Togo,urban,Sanitation,2020,12.27883,435075.81411,Safely managed service
TGO,Togo,total,Drinking water,2020,19.56098,1619402.27273,Safely managed service
TGO,Togo,rural,Drinking water,2020,6.68598,316610.53064,Safely managed service
TGO,Togo,urban,Drinking water,2020,36.76776,1302791.82517,Safely managed service
TGO,Togo,total,Drinking water,2020,11.18652,926102.84888,Surface water
TGO,Togo,rural,Drinking water,2020,18.90382,895178.72451,Surface water
TGO,Togo,urban,Drinking water,2020,0.87275,30924.19879,Surface water
TGO,Togo,total,Sanitation,2020,9.35079,774127.6333,Unimproved
TGO,Togo,rural,Sanitation,2020,11.67646,552931.50116,Unimproved
TGO,Togo,urban,Sanitation,2020,6.24265,221195.94301,Unimproved
TGO,Togo,total,Drinking water,2020,14.16432,1172627.07429,Unimproved
TGO,Togo,rural,Drinking water,2020,20.79108,984548.90182,Unimproved
TGO,Togo,urban,Drinking water,2020,5.30799,188078.01776,Unimproved
THA,Thailand,total,Drinking water,2020,100,69799976,At least basic
THA,Thailand,rural,Drinking water,2020,100,33901848,At least basic
THA,Thailand,urban,Drinking water,2020,100,35898128,At least basic
THA,Thailand,total,Hygiene,2020,84.96759,59307359.7242,Basic service
THA,Thailand,rural,Hygiene,2020,83.16192,28193429.05818,Basic service
THA,Thailand,urban,Hygiene,2020,86.67285,31113930.64861,Basic service
THA,Thailand,total,Sanitation,2020,72.78078,50800969.70179,Basic service
THA,Thailand,rural,Sanitation,2020,76.22924,25843122.55109,Basic service
THA,Thailand,urban,Sanitation,2020,69.52409,24957847.19238,Basic service
THA,Thailand,total,Hygiene,2020,9.11838,6364628.19421,Limited service
THA,Thailand,rural,Hygiene,2020,11.25837,3816797.00687,Limited service
THA,Thailand,urban,Hygiene,2020,7.09739,2547831.2116,Limited service
THA,Thailand,total,Sanitation,2020,1.25305,874628.10439,Limited service
THA,Thailand,rural,Sanitation,2020,1.70549,578192.80951,Limited service
THA,Thailand,urban,Sanitation,2020,0.82577,296435.30029,Limited service
THA,Thailand,total,Drinking water,2020,0,0,Limited service
THA,Thailand,rural,Drinking water,2020,0,0,Limited service
THA,Thailand,urban,Drinking water,2020,0,0,Limited service
THA,Thailand,total,Hygiene,2020,5.91403,4127988.24492,No handwashing facility
THA,Thailand,rural,Hygiene,2020,5.5797,1891621.89562,No handwashing facility
THA,Thailand,urban,Hygiene,2020,6.22976,2236366.08164,No handwashing facility
THA,Thailand,total,Sanitation,2020,0,0,Open defecation
THA,Thailand,rural,Sanitation,2020,0,0,Open defecation
THA,Thailand,urban,Sanitation,2020,0,0,Open defecation
THA,Thailand,total,Sanitation,2020,25.93234,18100763.75282,Safely managed service
THA,Thailand,rural,Sanitation,2020,22.06527,7480532.63839,Safely managed service
THA,Thailand,urban,Sanitation,2020,29.58436,10620231.06539,Safely managed service
THA,Thailand,total,Drinking water,2020,0,0,Surface water
THA,Thailand,rural,Drinking water,2020,0,0,Surface water
THA,Thailand,urban,Drinking water,2020,0,0,Surface water
THA,Thailand,total,Sanitation,2020,0.03383,23614.441,Unimproved
THA,Thailand,rural,Sanitation,2020,0,0,Unimproved
THA,Thailand,urban,Sanitation,2020,0.06578,23614.44051,Unimproved
THA,Thailand,total,Drinking water,2020,0,0,Unimproved
THA,Thailand,rural,Drinking water,2020,0,0,Unimproved
THA,Thailand,urban,Drinking water,2020,0,0,Unimproved
TJK,Tajikistan,total,Sanitation,2020,96.76531,9229129.05686,At least basic
TJK,Tajikistan,urban,Sanitation,2020,94.09955,2468629.94684,At least basic
TJK,Tajikistan,rural,Drinking water,2020,76.6436,5299305.61885,At least basic
TJK,Tajikistan,urban,Drinking water,2020,95.58063,2507484.92845,At least basic
TJK,Tajikistan,total,Hygiene,2020,72.86508,6949610.51156,Basic service
TJK,Tajikistan,rural,Hygiene,2020,67.59731,4673825.435,Basic service
TJK,Tajikistan,urban,Hygiene,2020,86.74867,2275785.12615,Basic service
TJK,Tajikistan,rural,Sanitation,2020,38.51456,2662980.49494,Basic service
TJK,Tajikistan,total,Drinking water,2020,26.61555,2538496.08707,Basic service
TJK,Tajikistan,total,Hygiene,2020,23.59015,2249944.18302,Limited service
TJK,Tajikistan,rural,Hygiene,2020,28.15617,1946779.00882,Limited service
TJK,Tajikistan,urban,Hygiene,2020,11.55609,303165.16845,Limited service
TJK,Tajikistan,total,Sanitation,2020,2.60213,248181.9484,Limited service
TJK,Tajikistan,rural,Sanitation,2020,1.78282,123267.97319,Limited service
TJK,Tajikistan,urban,Sanitation,2020,4.76149,124913.97915,Limited service
TJK,Tajikistan,total,Drinking water,2020,2.56836,244961.35738,Limited service
TJK,Tajikistan,rural,Drinking water,2020,3.20714,221748.92276,Limited service
TJK,Tajikistan,urban,Drinking water,2020,0.88481,23212.43355,Limited service
TJK,Tajikistan,total,Hygiene,2020,3.54477,338087.31333,No handwashing facility
TJK,Tajikistan,rural,Hygiene,2020,4.24652,293613.55424,No handwashing facility
TJK,Tajikistan,urban,Hygiene,2020,1.69525,44473.50529,No handwashing facility
TJK,Tajikistan,total,Sanitation,2020,0,0,Open defecation
TJK,Tajikistan,rural,Sanitation,2020,0,0,Open defecation
TJK,Tajikistan,urban,Sanitation,2020,0,0,Open defecation
TJK,Tajikistan,rural,Sanitation,2020,59.26222,4097518.85358,Safely managed service
TJK,Tajikistan,total,Drinking water,2020,55.23686,5268294.22494,Safely managed service
TJK,Tajikistan,total,Drinking water,2020,12.15736,1159525.85877,Surface water
TJK,Tajikistan,rural,Drinking water,2020,16.00855,1106866.04011,Surface water
TJK,Tajikistan,urban,Drinking water,2020,2.00729,52659.81119,Surface water
TJK,Tajikistan,total,Sanitation,2020,0.63255,60330.77871,Unimproved
TJK,Tajikistan,rural,Sanitation,2020,0.44041,30450.67808,Unimproved
TJK,Tajikistan,urban,Sanitation,2020,1.13896,29879.85735,Unimproved
TJK,Tajikistan,total,Drinking water,2020,3.42186,326364.47089,Unimproved
TJK,Tajikistan,rural,Drinking water,2020,4.14071,286297.50513,Unimproved
TJK,Tajikistan,urban,Drinking water,2020,1.52727,40066.72068,Unimproved
TKL,Tokelau,total,Sanitation,2020,96.80265,1306.83578,At least basic
TKL,Tokelau,rural,Sanitation,2020,96.80265,1306.83578,At least basic
TKL,Tokelau,total,Drinking water,2020,99.70768,1346.05368,At least basic
TKL,Tokelau,rural,Drinking water,2020,99.70768,1346.05368,At least basic
TKL,Tokelau,total,Sanitation,2020,3.19735,43.16425,Limited service
TKL,Tokelau,rural,Sanitation,2020,3.19735,43.16425,Limited service
TKL,Tokelau,total,Drinking water,2020,0,0,Limited service
TKL,Tokelau,rural,Drinking water,2020,0,0,Limited service
TKL,Tokelau,total,Sanitation,2020,0,0,Open defecation
TKL,Tokelau,rural,Sanitation,2020,0,0,Open defecation
TKL,Tokelau,total,Drinking water,2020,0,0,Surface water
TKL,Tokelau,rural,Drinking water,2020,0,0,Surface water
TKL,Tokelau,total,Sanitation,2020,0,0,Unimproved
TKL,Tokelau,rural,Sanitation,2020,0,0,Unimproved
TKL,Tokelau,total,Drinking water,2020,0.29232,3.94637,Unimproved
TKL,Tokelau,rural,Drinking water,2020,0.29232,3.94637,Unimproved
TKM,Turkmenistan,total,Sanitation,2020,99.41113,5995671.31859,At least basic
TKM,Turkmenistan,rural,Sanitation,2020,99.72486,2855969.23935,At least basic
TKM,Turkmenistan,urban,Sanitation,2020,99.12746,3139702.14228,At least basic
TKM,Turkmenistan,total,Hygiene,2020,100,6031187,Basic service
TKM,Turkmenistan,rural,Hygiene,2020,100,2863848.8,Basic service
TKM,Turkmenistan,urban,Hygiene,2020,100,3167338.3,Basic service
TKM,Turkmenistan,total,Drinking water,2020,5.16577,311557.05153,Basic service
TKM,Turkmenistan,rural,Drinking water,2020,7.65245,219154.62556,Basic service
TKM,Turkmenistan,urban,Drinking water,2020,2.91735,92402.43705,Basic service
TKM,Turkmenistan,total,Hygiene,2020,0,0,Limited service
TKM,Turkmenistan,rural,Hygiene,2020,0,0,Limited service
TKM,Turkmenistan,urban,Hygiene,2020,0,0,Limited service
TKM,Turkmenistan,total,Sanitation,2020,0.40933,24687.72577,Limited service
TKM,Turkmenistan,rural,Sanitation,2020,0.16025,4589.29969,Limited service
TKM,Turkmenistan,urban,Sanitation,2020,0.63455,20098.42589,Limited service
TKM,Turkmenistan,total,Drinking water,2020,0,0,Limited service
TKM,Turkmenistan,rural,Drinking water,2020,0,0,Limited service
TKM,Turkmenistan,urban,Drinking water,2020,0,0,Limited service
TKM,Turkmenistan,total,Hygiene,2020,0,0,No handwashing facility
TKM,Turkmenistan,rural,Hygiene,2020,0,0,No handwashing facility
TKM,Turkmenistan,urban,Hygiene,2020,0,0,No handwashing facility
TKM,Turkmenistan,total,Sanitation,2020,0,0,Open defecation
TKM,Turkmenistan,rural,Sanitation,2020,0,0,Open defecation
TKM,Turkmenistan,urban,Sanitation,2020,0,0,Open defecation
TKM,Turkmenistan,total,Drinking water,2020,94.83423,5719629.94853,Safely managed service
TKM,Turkmenistan,rural,Drinking water,2020,92.34755,2644694.17444,Safely managed service
TKM,Turkmenistan,urban,Drinking water,2020,97.08265,3074935.86299,Safely managed service
TKM,Turkmenistan,total,Drinking water,2020,0,0,Surface water
TKM,Turkmenistan,rural,Drinking water,2020,0,0,Surface water
TKM,Turkmenistan,urban,Drinking water,2020,0,0,Surface water
TKM,Turkmenistan,total,Sanitation,2020,0.17953,10827.88821,Unimproved
TKM,Turkmenistan,rural,Sanitation,2020,0.11489,3290.22285,Unimproved
TKM,Turkmenistan,urban,Sanitation,2020,0.23798,7537.66542,Unimproved
TKM,Turkmenistan,total,Drinking water,2020,0,0,Unimproved
TKM,Turkmenistan,rural,Drinking water,2020,0,0,Unimproved
TKM,Turkmenistan,urban,Drinking water,2020,0,0,Unimproved
TLS,Timor-Leste,total,Sanitation,2020,56.76669,748435.92411,At least basic
TLS,Timor-Leste,rural,Sanitation,2020,49.08921,444505.74652,At least basic
TLS,Timor-Leste,urban,Sanitation,2020,73.60225,303930.20563,At least basic
TLS,Timor-Leste,total,Drinking water,2020,85.4956,1127209.87007,At least basic
TLS,Timor-Leste,rural,Drinking water,2020,80.48779,728821.79461,At least basic
TLS,Timor-Leste,urban,Drinking water,2020,96.47696,398388.12531,At least basic
TLS,Timor-Leste,total,Hygiene,2020,28.40753,374536.81117,Basic service
TLS,Timor-Leste,rural,Hygiene,2020,21.92583,198539.73898,Basic service
TLS,Timor-Leste,urban,Hygiene,2020,42.62091,175997.07876,Basic service
TLS,Timor-Leste,total,Hygiene,2020,64.40424,849132.55284,Limited service
TLS,Timor-Leste,rural,Hygiene,2020,69.37531,628197.62979,Limited service
TLS,Timor-Leste,urban,Hygiene,2020,53.50343,220934.94384,Limited service
TLS,Timor-Leste,total,Sanitation,2020,9.56085,126054.23635,Limited service
TLS,Timor-Leste,rural,Sanitation,2020,7.04861,63825.60628,Limited service
TLS,Timor-Leste,urban,Sanitation,2020,15.0698,62228.6322,Limited service
TLS,Timor-Leste,total,Drinking water,2020,1.88587,24864.04901,Limited service
TLS,Timor-Leste,rural,Drinking water,2020,2.04936,18557.12009,Limited service
TLS,Timor-Leste,urban,Drinking water,2020,1.52734,6306.92953,Limited service
TLS,Timor-Leste,total,Hygiene,2020,7.18823,94772.63759,No handwashing facility
TLS,Timor-Leste,rural,Hygiene,2020,8.69885,78768.63167,No handwashing facility
TLS,Timor-Leste,urban,Hygiene,2020,3.87566,16004.00713,No handwashing facility
TLS,Timor-Leste,total,Sanitation,2020,18.21606,240168.16139,Open defecation
TLS,Timor-Leste,rural,Sanitation,2020,26.52309,240168.16934,Open defecation
TLS,Timor-Leste,urban,Sanitation,2020,0,0,Open defecation
TLS,Timor-Leste,total,Drinking water,2020,4.2585,56145.89783,Surface water
TLS,Timor-Leste,rural,Drinking water,2020,6.2005,56145.89969,Surface water
TLS,Timor-Leste,urban,Drinking water,2020,0,0,Surface water
TLS,Timor-Leste,total,Sanitation,2020,15.4564,203783.65927,Unimproved
TLS,Timor-Leste,rural,Sanitation,2020,17.33909,157006.48599,Unimproved
TLS,Timor-Leste,urban,Sanitation,2020,11.32795,46777.17846,Unimproved
TLS,Timor-Leste,total,Drinking water,2020,8.36003,110222.13878,Unimproved
TLS,Timor-Leste,rural,Drinking water,2020,11.26234,101981.16154,Unimproved
TLS,Timor-Leste,urban,Drinking water,2020,1.9957,8240.98057,Unimproved
TON,Tonga,total,Hygiene,2020,69.53998,73501.67378,Basic service
TON,Tonga,rural,Hygiene,2020,66.26848,53864.37704,Basic service
TON,Tonga,urban,Hygiene,2020,80.43143,19637.29272,Basic service
TON,Tonga,total,Sanitation,2020,59.09485,62461.48421,Basic service
TON,Tonga,rural,Sanitation,2020,55.22345,44886.74807,Basic service
TON,Tonga,urban,Sanitation,2020,71.98349,17574.73275,Basic service
TON,Tonga,total,Drinking water,2020,69.22688,73170.73472,Basic service
TON,Tonga,rural,Drinking water,2020,75.3591,61253.41719,Basic service
TON,Tonga,urban,Drinking water,2020,48.81154,11917.31328,Basic service
TON,Tonga,total,Hygiene,2020,28.54693,30173.25139,Limited service
TON,Tonga,rural,Hygiene,2020,32.35438,26298.30611,Limited service
TON,Tonga,urban,Hygiene,2020,15.87119,3874.94349,Limited service
TON,Tonga,total,Sanitation,2020,6.0344,6378.17818,Limited service
TON,Tonga,rural,Sanitation,2020,6.59715,5362.29643,Limited service
TON,Tonga,urban,Sanitation,2020,4.1609,1015.88139,Limited service
TON,Tonga,total,Drinking water,2020,0.8815,931.7162,Limited service
TON,Tonga,rural,Drinking water,2020,1.10316,896.67079,Limited service
TON,Tonga,urban,Drinking water,2020,0.14354,35.04535,Limited service
TON,Tonga,total,Hygiene,2020,1.91309,2022.07482,No handwashing facility
TON,Tonga,rural,Hygiene,2020,1.37714,1119.36384,No handwashing facility
TON,Tonga,urban,Hygiene,2020,3.69738,902.71282,No handwashing facility
TON,Tonga,total,Sanitation,2020,0.0169,17.86579,Open defecation
TON,Tonga,rural,Sanitation,2020,0,0,Open defecation
TON,Tonga,urban,Sanitation,2020,0.07318,17.86579,Open defecation
TON,Tonga,total,Sanitation,2020,33.79848,35723.9813,Safely managed service
TON,Tonga,rural,Sanitation,2020,36.97101,30050.79774,Safely managed service
TON,Tonga,urban,Sanitation,2020,23.23651,5673.18148,Safely managed service
TON,Tonga,total,Drinking water,2020,29.5042,31185.05579,Safely managed service
TON,Tonga,rural,Drinking water,2020,23.10898,18783.45269,Safely managed service
TON,Tonga,urban,Drinking water,2020,50.79512,12401.60152,Safely managed service
TON,Tonga,total,Drinking water,2020,0,0,Surface water
TON,Tonga,rural,Drinking water,2020,0,0,Surface water
TON,Tonga,urban,Drinking water,2020,0,0,Surface water
TON,Tonga,total,Sanitation,2020,1.05537,1115.49052,Unimproved
TON,Tonga,rural,Sanitation,2020,1.20839,982.20476,Unimproved
TON,Tonga,urban,Sanitation,2020,0.54593,133.28759,Unimproved
TON,Tonga,total,Drinking water,2020,0.38742,409.4933,Unimproved
TON,Tonga,rural,Drinking water,2020,0.42876,348.50633,Unimproved
TON,Tonga,urban,Drinking water,2020,0.2498,60.98885,Unimproved
TTO,Trinidad and Tobago,total,Sanitation,2020,93.91521,1314334.97512,At least basic
TTO,Trinidad and Tobago,total,Drinking water,2020,98.87517,1383749.0753,At least basic
TTO,Trinidad and Tobago,total,Sanitation,2020,5.93669,83083.43209,Limited service
TTO,Trinidad and Tobago,total,Drinking water,2020,1.12483,15741.88385,Limited service
TTO,Trinidad and Tobago,total,Sanitation,2020,0,0,Open defecation
TTO,Trinidad and Tobago,total,Drinking water,2020,0,0,Surface water
TTO,Trinidad and Tobago,total,Sanitation,2020,0.1481,2072.64217,Unimproved
TTO,Trinidad and Tobago,total,Drinking water,2020,0,0,Unimproved
TUN,Tunisia,total,Hygiene,2020,84.11334,9941034.11354,Basic service
TUN,Tunisia,rural,Hygiene,2020,67.32688,2421506.64017,Basic service
TUN,Tunisia,urban,Hygiene,2020,91.45645,7519527.48634,Basic service
TUN,Tunisia,total,Sanitation,2020,16.67744,1971042.46485,Basic service
TUN,Tunisia,rural,Sanitation,2020,34.22231,1230853.66669,Basic service
TUN,Tunisia,urban,Sanitation,2020,9.00257,740188.78544,Basic service
TUN,Tunisia,total,Drinking water,2020,18.25715,2157743.31493,Basic service
TUN,Tunisia,rural,Drinking water,2020,25.23562,907634.73171,Basic service
TUN,Tunisia,urban,Drinking water,2020,15.20448,1250108.57769,Basic service
TUN,Tunisia,total,Hygiene,2020,4.85031,573239.25947,Limited service
TUN,Tunisia,rural,Hygiene,2020,8.87951,319364.23844,Limited service
TUN,Tunisia,urban,Hygiene,2020,3.08776,253875.018,Limited service
TUN,Tunisia,total,Sanitation,2020,1.53352,181240.28278,Limited service
TUN,Tunisia,rural,Sanitation,2020,2.34305,84271.19955,Limited service
TUN,Tunisia,urban,Sanitation,2020,1.17939,96969.08264,Limited service
TUN,Tunisia,total,Drinking water,2020,1.63135,192803.10393,Limited service
TUN,Tunisia,rural,Drinking water,2020,3.35169,120548.17843,Limited service
TUN,Tunisia,urban,Drinking water,2020,0.8788,72254.92418,Limited service
TUN,Tunisia,total,Hygiene,2020,11.03636,1304344.64094,No handwashing facility
TUN,Tunisia,rural,Hygiene,2020,23.7936,855770.63221,No handwashing facility
TUN,Tunisia,urban,Hygiene,2020,5.45579,448574.01046,No handwashing facility
TUN,Tunisia,total,Sanitation,2020,0,0,Open defecation
TUN,Tunisia,rural,Sanitation,2020,0,0,Open defecation
TUN,Tunisia,urban,Sanitation,2020,0,0,Open defecation
TUN,Tunisia,total,Sanitation,2020,80.75702,9544364.03172,Safely managed service
TUN,Tunisia,rural,Sanitation,2020,62.8817,2261629.22243,Safely managed service
TUN,Tunisia,urban,Sanitation,2020,88.57645,7282734.82296,Safely managed service
TUN,Tunisia,total,Drinking water,2020,79.28615,9370527.75916,Safely managed service
TUN,Tunisia,rural,Drinking water,2020,68.70061,2470914.76942,Safely managed service
TUN,Tunisia,urban,Drinking water,2020,83.91672,6899612.99797,Safely managed service
TUN,Tunisia,total,Drinking water,2020,0,0,Surface water
TUN,Tunisia,rural,Drinking water,2020,0,0,Surface water
TUN,Tunisia,urban,Drinking water,2020,0,0,Surface water
TUN,Tunisia,total,Sanitation,2020,1.03203,121971.22029,Unimproved
TUN,Tunisia,rural,Sanitation,2020,0.55294,19887.41129,Unimproved
TUN,Tunisia,urban,Sanitation,2020,1.2416,102083.80937,Unimproved
TUN,Tunisia,total,Drinking water,2020,0.82534,97543.82175,Unimproved
TUN,Tunisia,rural,Drinking water,2020,2.71208,97543.82033,Unimproved
TUN,Tunisia,urban,Drinking water,2020,0,0,Unimproved
TUR,Turkey,total,Drinking water,2020,97.01427,81820932.4701,At least basic
TUR,Turkey,rural,Drinking water,2020,96.02517,19351781.45833,At least basic
TUR,Turkey,urban,Drinking water,2020,97.32482,62469151.27429,At least basic
TUR,Turkey,total,Sanitation,2020,20.79652,17539590.29795,Basic service
TUR,Turkey,rural,Sanitation,2020,17.38055,3502671.93289,Basic service
TUR,Turkey,urban,Sanitation,2020,21.86904,14036917.53334,Basic service
TUR,Turkey,total,Sanitation,2020,0.34875,294128.95533,Limited service
TUR,Turkey,rural,Sanitation,2020,1.45949,294128.94558,Limited service
TUR,Turkey,urban,Sanitation,2020,0,0,Limited service
TUR,Turkey,total,Drinking water,2020,2.02308,1706245.27429,Limited service
TUR,Turkey,rural,Drinking water,2020,2.68457,541017.54845,Limited service
TUR,Turkey,urban,Drinking water,2020,1.81539,1165227.64855,Limited service
TUR,Turkey,total,Sanitation,2020,0.15295,128997.38064,Open defecation
TUR,Turkey,rural,Sanitation,2020,0.6401,128997.37668,Open defecation
TUR,Turkey,urban,Sanitation,2020,0,0,Open defecation
TUR,Turkey,total,Sanitation,2020,78.42843,66145808.60397,Safely managed service
TUR,Turkey,rural,Sanitation,2020,79.86895,16095846.8955,Safely managed service
TUR,Turkey,urban,Sanitation,2020,77.97614,50049958.60765,Safely managed service
TUR,Turkey,total,Drinking water,2020,0.22498,189744.19632,Surface water
TUR,Turkey,rural,Drinking water,2020,0.502,101167.16644,Surface water
TUR,Turkey,urban,Drinking water,2020,0.138,88577.02224,Surface water
TUR,Turkey,total,Sanitation,2020,0.27336,230546.76379,Unimproved
TUR,Turkey,rural,Sanitation,2020,0.65091,131176.84996,Unimproved
TUR,Turkey,urban,Sanitation,2020,0.15482,99371.85708,Unimproved
TUR,Turkey,total,Drinking water,2020,0.73767,622148.21142,Unimproved
TUR,Turkey,rural,Drinking water,2020,0.78826,158855.74616,Unimproved
TUR,Turkey,urban,Drinking water,2020,0.7218,463294.38873,Unimproved
TUV,Tuvalu,total,Drinking water,2020,100,11792,At least basic
TUV,Tuvalu,rural,Drinking water,2020,100,4243.4692,At least basic
TUV,Tuvalu,urban,Drinking water,2020,50,3774.2654,Basic service
TUV,Tuvalu,total,Drinking water,2020,0,0,Limited service
TUV,Tuvalu,rural,Drinking water,2020,0,0,Limited service
TUV,Tuvalu,urban,Drinking water,2020,0,0,Limited service
TUV,Tuvalu,urban,Drinking water,2020,50,3774.2654,Safely managed service
TUV,Tuvalu,total,Drinking water,2020,0,0,Surface water
TUV,Tuvalu,rural,Drinking water,2020,0,0,Surface water
TUV,Tuvalu,urban,Drinking water,2020,0,0,Surface water
TUV,Tuvalu,total,Drinking water,2020,0,0,Unimproved
TUV,Tuvalu,rural,Drinking water,2020,0,0,Unimproved
TUV,Tuvalu,urban,Drinking water,2020,0,0,Unimproved
TZA,United Republic of Tanzania,total,Drinking water,2020,60.7168,36268702.59658,At least basic
TZA,United Republic of Tanzania,rural,Drinking water,2020,45.44696,17584177.62029,At least basic
TZA,United Republic of Tanzania,urban,Drinking water,2020,88.79392,18684525.05685,At least basic
TZA,United Republic of Tanzania,total,Hygiene,2020,48.44392,28937592.96235,Basic service
TZA,United Republic of Tanzania,rural,Hygiene,2020,40.48421,15664007.06717,Basic service
TZA,United Republic of Tanzania,urban,Hygiene,2020,63.07968,13273586.53426,Basic service
TZA,United Republic of Tanzania,total,Sanitation,2020,5.43224,3244908.5235,Basic service
TZA,United Republic of Tanzania,rural,Sanitation,2020,1.54264,596874.54947,Basic service
TZA,United Republic of Tanzania,urban,Sanitation,2020,12.58417,2648033.92927,Basic service
TZA,United Republic of Tanzania,total,Hygiene,2020,34.84202,20812608.21432,Limited service
TZA,United Republic of Tanzania,rural,Hygiene,2020,40.28953,15588681.83801,Limited service
TZA,United Republic of Tanzania,urban,Hygiene,2020,24.82552,5223927.26595,Limited service
TZA,United Republic of Tanzania,total,Sanitation,2020,18.66387,11148715.16534,Limited service
TZA,United Republic of Tanzania,rural,Sanitation,2020,5.94016,2298345.04911,Limited service
TZA,United Republic of Tanzania,urban,Sanitation,2020,42.05935,8850369.98707,Limited service
TZA,United Republic of Tanzania,total,Drinking water,2020,11.29007,6744035.20057,Limited service
TZA,United Republic of Tanzania,rural,Drinking water,2020,13.98369,5410519.09243,Limited service
TZA,United Republic of Tanzania,urban,Drinking water,2020,6.33723,1333516.43091,Limited service
TZA,United Republic of Tanzania,total,Hygiene,2020,16.71406,9984014.8771,No handwashing facility
TZA,United Republic of Tanzania,rural,Hygiene,2020,19.22626,7438955.03678,No handwashing facility
TZA,United Republic of Tanzania,urban,Hygiene,2020,12.09481,2545058.20189,No handwashing facility
TZA,United Republic of Tanzania,total,Sanitation,2020,10.89485,6507953.66794,Open defecation
TZA,United Republic of Tanzania,rural,Sanitation,2020,16.06826,6217072.80318,Open defecation
TZA,United Republic of Tanzania,urban,Sanitation,2020,1.38235,290881.2746,Open defecation
TZA,United Republic of Tanzania,total,Sanitation,2020,26.32853,15727141.89973,Safely managed service
TZA,United Republic of Tanzania,rural,Sanitation,2020,21.74834,8414790.85748,Safely managed service
TZA,United Republic of Tanzania,urban,Sanitation,2020,34.75027,7312351.37825,Safely managed service
TZA,United Republic of Tanzania,total,Drinking water,2020,13.47538,8049412.82301,Surface water
TZA,United Republic of Tanzania,rural,Drinking water,2020,19.34938,7486594.97467,Surface water
TZA,United Republic of Tanzania,urban,Drinking water,2020,2.67467,562818.34037,Surface water
TZA,United Republic of Tanzania,total,Sanitation,2020,38.68051,23105496.74708,Unimproved
TZA,United Republic of Tanzania,rural,Sanitation,2020,54.7006,21164560.74076,Unimproved
TZA,United Republic of Tanzania,urban,Sanitation,2020,9.22385,1940935.42956,Unimproved
TZA,United Republic of Tanzania,total,Drinking water,2020,14.51775,8672064.95573,Unimproved
TZA,United Republic of Tanzania,rural,Drinking water,2020,21.21996,8210351.89474,Unimproved
TZA,United Republic of Tanzania,urban,Drinking water,2020,2.19418,461711.65085,Unimproved
UGA,Uganda,total,Sanitation,2020,19.78964,9051977.68178,At least basic
UGA,Uganda,urban,Sanitation,2020,27.97737,3193395.84063,At least basic
UGA,Uganda,total,Hygiene,2020,22.59048,10333109.84214,Basic service
UGA,Uganda,rural,Hygiene,2020,18.20991,6250876.52512,Basic service
UGA,Uganda,urban,Hygiene,2020,35.76449,4082233.85782,Basic service
UGA,Uganda,rural,Sanitation,2020,1.49272,512404.56915,Basic service
UGA,Uganda,total,Drinking water,2020,39.20714,17933739.38026,Basic service
UGA,Uganda,rural,Drinking water,2020,40.27931,13826595.55316,Basic service
UGA,Uganda,urban,Drinking water,2020,35.98274,4107145.01626,Basic service
UGA,Uganda,total,Hygiene,2020,32.27927,14764862.71577,Limited service
UGA,Uganda,rural,Hygiene,2020,34.0724,11695961.03983,Limited service
UGA,Uganda,urban,Hygiene,2020,26.88669,3068902.67932,Limited service
UGA,Uganda,total,Sanitation,2020,17.62246,8060690.40746,Limited service
UGA,Uganda,rural,Sanitation,2020,10.40381,3571295.20052,Limited service
UGA,Uganda,urban,Sanitation,2020,39.33164,4489395.51739,Limited service
UGA,Uganda,total,Drinking water,2020,27.28286,12479452.9926,Limited service
UGA,Uganda,rural,Drinking water,2020,31.78469,10910665.88647,Limited service
UGA,Uganda,urban,Drinking water,2020,13.74417,1568788.04143,Limited service
UGA,Uganda,total,Hygiene,2020,45.13025,20643027.20424,No handwashing facility
UGA,Uganda,rural,Hygiene,2020,47.7177,16379954.64444,No handwashing facility
UGA,Uganda,urban,Hygiene,2020,37.34882,4263072.34302,No handwashing facility
UGA,Uganda,total,Sanitation,2020,4.67596,2138829.06186,Open defecation
UGA,Uganda,rural,Sanitation,2020,5.60501,1924021.68272,Open defecation
UGA,Uganda,urban,Sanitation,2020,1.88193,214807.54374,Open defecation
UGA,Uganda,rural,Sanitation,2020,15.57436,5346178.07671,Safely managed service
UGA,Uganda,total,Drinking water,2020,16.64791,7614918.67431,Safely managed service
UGA,Uganda,rural,Drinking water,2020,7.95188,2729624.57172,Safely managed service
UGA,Uganda,urban,Drinking water,2020,42.80011,4885294.34435,Safely managed service
UGA,Uganda,total,Drinking water,2020,4.69618,2148081.63871,Surface water
UGA,Uganda,rural,Drinking water,2020,5.90796,2028011.61173,Surface water
UGA,Uganda,urban,Drinking water,2020,1.05194,120070.20075,Surface water
UGA,Uganda,total,Sanitation,2020,57.91194,26489502.60236,Unimproved
UGA,Uganda,rural,Sanitation,2020,66.92409,22972892.46849,Unimproved
UGA,Uganda,urban,Sanitation,2020,30.80906,3516610.1512,Unimproved
UGA,Uganda,total,Drinking water,2020,12.16591,5564807.31046,Unimproved
UGA,Uganda,rural,Drinking water,2020,14.07616,4831894.37418,Unimproved
UGA,Uganda,urban,Drinking water,2020,6.42104,732911.39732,Unimproved
UKR,Ukraine,rural,Sanitation,2020,97.16524,12914777.77546,At least basic
UKR,Ukraine,total,Sanitation,2020,25.7789,11274079.72542,Basic service
UKR,Ukraine,urban,Sanitation,2020,29.08261,8853384.35859,Basic service
UKR,Ukraine,total,Drinking water,2020,4.90781,2146368.14372,Basic service
UKR,Ukraine,rural,Drinking water,2020,10.25,1362385.105,Basic service
UKR,Ukraine,urban,Drinking water,2020,2.57532,783983.04231,Basic service
UKR,Ukraine,total,Sanitation,2020,2.25728,987194.38055,Limited service
UKR,Ukraine,rural,Sanitation,2020,2.83476,376783.72717,Limited service
UKR,Ukraine,urban,Sanitation,2020,2.00515,610410.65418,Limited service
UKR,Ukraine,total,Drinking water,2020,5.67198,2480569.33246,Limited service
UKR,Ukraine,rural,Drinking water,2020,0,0,Limited service
UKR,Ukraine,urban,Drinking water,2020,8.14846,2480569.32844,Limited service
UKR,Ukraine,total,Sanitation,2020,0,0,Open defecation
UKR,Ukraine,rural,Sanitation,2020,0,0,Open defecation
UKR,Ukraine,urban,Sanitation,2020,0,0,Open defecation
UKR,Ukraine,total,Sanitation,2020,71.96382,31472481.89316,Safely managed service
UKR,Ukraine,urban,Sanitation,2020,68.91224,20978398.98692,Safely managed service
UKR,Ukraine,total,Drinking water,2020,89.02048,38931997.4971,Safely managed service
UKR,Ukraine,rural,Drinking water,2020,89.75,11929176.895,Safely managed service
UKR,Ukraine,urban,Drinking water,2020,88.70195,27002820.60187,Safely managed service
UKR,Ukraine,total,Drinking water,2020,0.32383,141625.13702,Surface water
UKR,Ukraine,rural,Drinking water,2020,0,0,Surface water
UKR,Ukraine,urban,Drinking water,2020,0.46523,141625.13693,Surface water
UKR,Ukraine,total,Sanitation,2020,0,0,Unimproved
UKR,Ukraine,rural,Sanitation,2020,0,0,Unimproved
UKR,Ukraine,urban,Sanitation,2020,0,0,Unimproved
UKR,Ukraine,total,Drinking water,2020,0.0759,33195.88926,Unimproved
UKR,Ukraine,rural,Drinking water,2020,0,0,Unimproved
UKR,Ukraine,urban,Drinking water,2020,0.10905,33195.88923,Unimproved
URY,Uruguay,total,Sanitation,2020,98.05453,3406146.58885,At least basic
URY,Uruguay,rural,Sanitation,2020,98.96286,154180.801,At least basic
URY,Uruguay,urban,Sanitation,2020,98.01188,3251965.82994,At least basic
URY,Uruguay,total,Drinking water,2020,99.49576,3456211.01158,At least basic
URY,Uruguay,rural,Drinking water,2020,95.30083,148475.47687,At least basic
URY,Uruguay,urban,Drinking water,2020,5.10399,169346.82574,Basic service
URY,Uruguay,total,Sanitation,2020,1.18852,41286.01938,Limited service
URY,Uruguay,rural,Sanitation,2020,0.64787,1009.36611,Limited service
URY,Uruguay,urban,Sanitation,2020,1.21391,40276.65244,Limited service
URY,Uruguay,total,Drinking water,2020,0.50424,17516.00582,Limited service
URY,Uruguay,rural,Drinking water,2020,4.69917,7321.1485,Limited service
URY,Uruguay,urban,Drinking water,2020,0.30727,10194.85718,Limited service
URY,Uruguay,total,Sanitation,2020,0.2142,7440.55333,Open defecation
URY,Uruguay,rural,Sanitation,2020,0,0,Open defecation
URY,Uruguay,urban,Sanitation,2020,0.22425,7440.55316,Open defecation
URY,Uruguay,urban,Drinking water,2020,94.58874,3138388.61714,Safely managed service
URY,Uruguay,total,Drinking water,2020,0,0,Surface water
URY,Uruguay,rural,Drinking water,2020,0,0,Surface water
URY,Uruguay,urban,Drinking water,2020,0,0,Surface water
URY,Uruguay,total,Sanitation,2020,0.54275,18853.76713,Unimproved
URY,Uruguay,rural,Sanitation,2020,0.38927,606.46405,Unimproved
URY,Uruguay,urban,Sanitation,2020,0.54996,18247.30268,Unimproved
URY,Uruguay,total,Drinking water,2020,0,0,Unimproved
URY,Uruguay,rural,Drinking water,2020,0,0,Unimproved
URY,Uruguay,urban,Drinking water,2020,0,0,Unimproved
USA,United States of America,rural,Sanitation,2020,98.93832,56773394.14799,At least basic
USA,United States of America,rural,Drinking water,2020,99.67078,57193703.24691,At least basic
USA,United States of America,total,Sanitation,2020,1.41597,4686904.76603,Basic service
USA,United States of America,urban,Sanitation,2020,2.55211,6983087.73658,Basic service
USA,United States of America,total,Drinking water,2020,2.55781,8466415.53012,Basic service
USA,United States of America,urban,Drinking water,2020,2.46087,6733432.32654,Basic service
USA,United States of America,total,Sanitation,2020,0,0,Limited service
USA,United States of America,rural,Sanitation,2020,0,0,Limited service
USA,United States of America,urban,Sanitation,2020,0,0,Limited service
USA,United States of America,total,Drinking water,2020,0,0,Limited service
USA,United States of America,rural,Drinking water,2020,0,0,Limited service
USA,United States of America,urban,Drinking water,2020,0,0,Limited service
USA,United States of America,total,Sanitation,2020,0,0,Open defecation
USA,United States of America,rural,Sanitation,2020,0,0,Open defecation
USA,United States of America,urban,Sanitation,2020,0,0,Open defecation
USA,United States of America,total,Sanitation,2020,98.26365,325255282.54477,Safely managed service
USA,United States of America,urban,Sanitation,2020,97.28297,266185703.82322,Safely managed service
USA,United States of America,total,Drinking water,2020,97.32572,322150710.69046,Safely managed service
USA,United States of America,urban,Drinking water,2020,97.46727,266689988.55201,Safely managed service
USA,United States of America,total,Drinking water,2020,0,0,Surface water
USA,United States of America,rural,Drinking water,2020,0,0,Surface water
USA,United States of America,urban,Drinking water,2020,0,0,Surface water
USA,United States of America,total,Sanitation,2020,0.32038,1060468.6892,Unimproved
USA,United States of America,rural,Sanitation,2020,1.06168,609220.43237,Unimproved
USA,United States of America,urban,Sanitation,2020,0.16491,451240.43199,Unimproved
USA,United States of America,total,Drinking water,2020,0.11647,385529.77611,Unimproved
USA,United States of America,rural,Drinking water,2020,0.32921,188910.83823,Unimproved
USA,United States of America,urban,Drinking water,2020,0.07186,196611.12418,Unimproved
UZB,Uzbekistan,total,Sanitation,2020,100,33469200,At least basic
UZB,Uzbekistan,rural,Sanitation,2020,100,16595369,At least basic
UZB,Uzbekistan,urban,Sanitation,2020,100,16873832,At least basic
UZB,Uzbekistan,total,Drinking water,2020,38.99872,13052559.67791,Basic service
UZB,Uzbekistan,rural,Drinking water,2020,64.98624,10784706.26748,Basic service
UZB,Uzbekistan,urban,Drinking water,2020,13.44006,2267853.27165,Basic service
UZB,Uzbekistan,total,Sanitation,2020,0,0,Limited service
UZB,Uzbekistan,rural,Sanitation,2020,0,0,Limited service
UZB,Uzbekistan,urban,Sanitation,2020,0,0,Limited service
UZB,Uzbekistan,total,Drinking water,2020,0,0,Limited service
UZB,Uzbekistan,rural,Drinking water,2020,0,0,Limited service
UZB,Uzbekistan,urban,Drinking water,2020,0,0,Limited service
UZB,Uzbekistan,total,Sanitation,2020,0,0,Open defecation
UZB,Uzbekistan,rural,Sanitation,2020,0,0,Open defecation
UZB,Uzbekistan,urban,Sanitation,2020,0,0,Open defecation
UZB,Uzbekistan,total,Drinking water,2020,58.83006,19689951.98445,Safely managed service
UZB,Uzbekistan,rural,Drinking water,2020,31.08634,5158893.28299,Safely managed service
UZB,Uzbekistan,urban,Drinking water,2020,86.11594,14531059.85245,Safely managed service
UZB,Uzbekistan,total,Drinking water,2020,1.94737,651769.46963,Surface water
UZB,Uzbekistan,rural,Drinking water,2020,3.92742,651769.44903,Surface water
UZB,Uzbekistan,urban,Drinking water,2020,0,0,Surface water
UZB,Uzbekistan,total,Sanitation,2020,0,0,Unimproved
UZB,Uzbekistan,rural,Sanitation,2020,0,0,Unimproved
UZB,Uzbekistan,urban,Sanitation,2020,0,0,Unimproved
UZB,Uzbekistan,total,Drinking water,2020,0.22384,74918.86968,Unimproved
UZB,Uzbekistan,rural,Drinking water,2020,0,0,Unimproved
UZB,Uzbekistan,urban,Drinking water,2020,0.44399,74918.8764,Unimproved
VEN,Venezuela (Bolivarian Republic of),total,Drinking water,2020,93.6858,26640441.24007,At least basic
VEN,Venezuela (Bolivarian Republic of),total,Sanitation,2020,72.69298,20670935.31791,Basic service
VEN,Venezuela (Bolivarian Republic of),total,Sanitation,2020,0,0,Limited service
VEN,Venezuela (Bolivarian Republic of),total,Drinking water,2020,0.47078,133871.56692,Limited service
VEN,Venezuela (Bolivarian Republic of),total,Sanitation,2020,3.02385,859859.28573,Open defecation
VEN,Venezuela (Bolivarian Republic of),total,Sanitation,2020,23.06659,6559202.50421,Safely managed service
VEN,Venezuela (Bolivarian Republic of),total,Sanitation,2020,1.21658,345946.89244,Unimproved
VEN,Venezuela (Bolivarian Republic of),total,Drinking water,2020,5.84342,1661630.60751,Unimproved
VGB,British Virgin Islands,total,Drinking water,2020,99.86438,30195.99254,At least basic
VGB,British Virgin Islands,total,Drinking water,2020,0,0,Limited service
VGB,British Virgin Islands,total,Drinking water,2020,0,0,Surface water
VGB,British Virgin Islands,total,Drinking water,2020,0.13562,41.00634,Unimproved
VIR,United States Virgin Islands,total,Sanitation,2020,99.37128,103766.46844,At least basic
VIR,United States Virgin Islands,total,Drinking water,2020,0.78227,816.8738,Basic service
VIR,United States Virgin Islands,total,Sanitation,2020,0,0,Limited service
VIR,United States Virgin Islands,total,Drinking water,2020,0,0,Limited service
VIR,United States Virgin Islands,total,Sanitation,2020,0,0,Open defecation
VIR,United States Virgin Islands,total,Drinking water,2020,97.93599,102267.70254,Safely managed service
VIR,United States Virgin Islands,total,Drinking water,2020,0,0,Surface water
VIR,United States Virgin Islands,total,Sanitation,2020,0.62872,656.53086,Unimproved
VIR,United States Virgin Islands,total,Drinking water,2020,1.28173,1338.42366,Unimproved
VNM,Viet Nam,total,Sanitation,2020,89.24648,86871255.24906,At least basic
VNM,Viet Nam,rural,Sanitation,2020,85.21423,51974168.598,At least basic
VNM,Viet Nam,urban,Sanitation,2020,96.01296,34897090.20165,At least basic
VNM,Viet Nam,total,Drinking water,2020,96.88435,94305857.95073,At least basic
VNM,Viet Nam,rural,Drinking water,2020,95.51454,58256569.26274,At least basic
VNM,Viet Nam,urban,Drinking water,2020,99.18304,36049292.69265,At least basic
VNM,Viet Nam,total,Hygiene,2020,86.06633,83775748.84034,Basic service
VNM,Viet Nam,rural,Hygiene,2020,82.2079,50140535.16231,Basic service
VNM,Viet Nam,urban,Hygiene,2020,92.54114,33635213.89812,Basic service
VNM,Viet Nam,total,Hygiene,2020,12.31216,11984480.82161,Limited service
VNM,Viet Nam,rural,Hygiene,2020,15.7723,9619894.49875,Limited service
VNM,Viet Nam,urban,Hygiene,2020,6.50573,2364586.12169,Limited service
VNM,Viet Nam,total,Sanitation,2020,4.00705,3900407.64385,Limited service
VNM,Viet Nam,rural,Sanitation,2020,4.81664,2937781.97695,Limited service
VNM,Viet Nam,urban,Sanitation,2020,2.64849,962625.61933,Limited service
VNM,Viet Nam,total,Drinking water,2020,0,0,Limited service
VNM,Viet Nam,rural,Drinking water,2020,0,0,Limited service
VNM,Viet Nam,urban,Drinking water,2020,0,0,Limited service
VNM,Viet Nam,total,Hygiene,2020,1.62151,1578354.32151,No handwashing facility
VNM,Viet Nam,rural,Hygiene,2020,2.0198,1231926.33773,No handwashing facility
VNM,Viet Nam,urban,Hygiene,2020,0.95313,346427.9751,No handwashing facility
VNM,Viet Nam,total,Sanitation,2020,2.93347,2855401.8307,Open defecation
VNM,Viet Nam,rural,Sanitation,2020,3.88391,2368890.2474,Open defecation
VNM,Viet Nam,urban,Sanitation,2020,1.33855,486511.52842,Open defecation
VNM,Viet Nam,total,Drinking water,2020,0,0,Surface water
VNM,Viet Nam,rural,Drinking water,2020,0,0,Surface water
VNM,Viet Nam,urban,Drinking water,2020,0,0,Surface water
VNM,Viet Nam,total,Sanitation,2020,3.813,3711517.4143,Unimproved
VNM,Viet Nam,rural,Sanitation,2020,6.08522,3711517.2831,Unimproved
VNM,Viet Nam,urban,Sanitation,2020,0,0,Unimproved
VNM,Viet Nam,total,Drinking water,2020,3.11564,3032722.90134,Unimproved
VNM,Viet Nam,rural,Drinking water,2020,4.48546,2735788.68292,Unimproved
VNM,Viet Nam,urban,Drinking water,2020,0.81696,296934.13954,Unimproved
VUT,Vanuatu,total,Sanitation,2020,52.70705,161889.69336,At least basic
VUT,Vanuatu,rural,Sanitation,2020,48.62628,111232.59517,At least basic
VUT,Vanuatu,urban,Sanitation,2020,64.6136,50657.08892,At least basic
VUT,Vanuatu,total,Drinking water,2020,91.23119,280216.61096,At least basic
VUT,Vanuatu,rural,Drinking water,2020,88.3972,202208.55432,At least basic
VUT,Vanuatu,urban,Drinking water,2020,42.9163,33646.39594,Basic service
VUT,Vanuatu,total,Sanitation,2020,15.53142,47704.75659,Limited service
VUT,Vanuatu,rural,Sanitation,2020,11.77134,26926.94395,Limited service
VUT,Vanuatu,urban,Sanitation,2020,26.5023,20777.81104,Limited service
VUT,Vanuatu,total,Drinking water,2020,1.06239,3263.11568,Limited service
VUT,Vanuatu,rural,Drinking water,2020,1.25513,2871.11537,Limited service
VUT,Vanuatu,urban,Drinking water,2020,0.5,392.0002,Limited service
VUT,Vanuatu,total,Sanitation,2020,0.30201,927.63216,Open defecation
VUT,Vanuatu,rural,Sanitation,2020,0.21492,491.62041,Open defecation
VUT,Vanuatu,urban,Sanitation,2020,0.55614,436.01172,Open defecation
VUT,Vanuatu,urban,Drinking water,2020,56.5837,44361.64287,Safely managed service
VUT,Vanuatu,total,Drinking water,2020,7.70642,23670.28194,Surface water
VUT,Vanuatu,rural,Drinking water,2020,10.34767,23670.28103,Surface water
VUT,Vanuatu,urban,Drinking water,2020,0,0,Surface water
VUT,Vanuatu,total,Sanitation,2020,31.45952,96627.92308,Unimproved
VUT,Vanuatu,rural,Sanitation,2020,39.38746,90098.79048,Unimproved
VUT,Vanuatu,urban,Sanitation,2020,8.32797,6529.12896,Unimproved
VUT,Vanuatu,total,Drinking water,2020,0,0,Unimproved
VUT,Vanuatu,rural,Drinking water,2020,0,0,Unimproved
VUT,Vanuatu,urban,Drinking water,2020,0,0,Unimproved
WLF,Wallis and Futuna Islands,total,Sanitation,2020,92.94722,10452.84434,At least basic
WLF,Wallis and Futuna Islands,rural,Sanitation,2020,92.94722,10452.84434,At least basic
WLF,Wallis and Futuna Islands,total,Drinking water,2020,40.35132,4537.90922,Basic service
WLF,Wallis and Futuna Islands,rural,Drinking water,2020,40.35132,4537.90922,Basic service
WLF,Wallis and Futuna Islands,total,Sanitation,2020,0,0,Limited service
WLF,Wallis and Futuna Islands,rural,Sanitation,2020,0,0,Limited service
WLF,Wallis and Futuna Islands,total,Drinking water,2020,0,0,Limited service
WLF,Wallis and Futuna Islands,rural,Drinking water,2020,0,0,Limited service
WLF,Wallis and Futuna Islands,total,Sanitation,2020,7.05278,793.15573,Open defecation
WLF,Wallis and Futuna Islands,rural,Sanitation,2020,7.05278,793.15573,Open defecation
WLF,Wallis and Futuna Islands,total,Drinking water,2020,58.79197,6611.74488,Safely managed service
WLF,Wallis and Futuna Islands,rural,Drinking water,2020,58.79197,6611.74488,Safely managed service
WLF,Wallis and Futuna Islands,total,Drinking water,2020,0,0,Surface water
WLF,Wallis and Futuna Islands,rural,Drinking water,2020,0,0,Surface water
WLF,Wallis and Futuna Islands,total,Sanitation,2020,0,0,Unimproved
WLF,Wallis and Futuna Islands,rural,Sanitation,2020,0,0,Unimproved
WLF,Wallis and Futuna Islands,total,Drinking water,2020,0.85671,96.3459,Unimproved
WLF,Wallis and Futuna Islands,rural,Drinking water,2020,0.85671,96.3459,Unimproved
WSM,Samoa,rural,Drinking water,2020,91.78032,149525.22868,At least basic
WSM,Samoa,urban,Drinking water,2020,92.10119,32689.99618,At least basic
WSM,Samoa,total,Hygiene,2020,78.8,156347.08,Basic service
WSM,Samoa,total,Sanitation,2020,49.04443,97309.04723,Basic service
WSM,Samoa,rural,Sanitation,2020,46.93023,76457.06262,Basic service
WSM,Samoa,urban,Sanitation,2020,58.74864,20851.98589,Basic service
WSM,Samoa,total,Drinking water,2020,45.60917,90493.15626,Basic service
WSM,Samoa,total,Sanitation,2020,2.6977,5352.49694,Limited service
WSM,Samoa,rural,Sanitation,2020,2.37849,3874.95779,Limited service
WSM,Samoa,urban,Sanitation,2020,4.16284,1477.53924,Limited service
WSM,Samoa,total,Drinking water,2020,6.5209,12938.11759,Limited service
WSM,Samoa,rural,Drinking water,2020,6.2207,10134.54842,Limited service
WSM,Samoa,urban,Drinking water,2020,7.89881,2803.56934,Limited service
WSM,Samoa,total,Sanitation,2020,0.14551,288.71128,Open defecation
WSM,Samoa,rural,Sanitation,2020,0.17289,281.67233,Open defecation
WSM,Samoa,urban,Sanitation,2020,0.01983,7.03895,Open defecation
WSM,Samoa,total,Sanitation,2020,47.72144,94684.10289,Safely managed service
WSM,Samoa,rural,Sanitation,2020,50.14743,81698.41181,Safely managed service
WSM,Samoa,urban,Sanitation,2020,36.58604,12985.69189,Safely managed service
WSM,Samoa,total,Drinking water,2020,46.22855,91722.07304,Safely managed service
WSM,Samoa,total,Drinking water,2020,0.22275,441.96238,Surface water
WSM,Samoa,rural,Drinking water,2020,0.27128,441.96238,Surface water
WSM,Samoa,urban,Drinking water,2020,0,0,Surface water
WSM,Samoa,total,Sanitation,2020,0.39093,775.64165,Unimproved
WSM,Samoa,rural,Sanitation,2020,0.37095,604.33544,Unimproved
WSM,Samoa,urban,Sanitation,2020,0.48265,171.31003,Unimproved
WSM,Samoa,total,Drinking water,2020,1.41862,2814.69074,Unimproved
WSM,Samoa,rural,Drinking water,2020,1.72769,2814.69456,Unimproved
WSM,Samoa,urban,Drinking water,2020,0,0,Unimproved
YEM,Yemen,rural,Sanitation,2020,39.05002,7231883.76093,At least basic
YEM,Yemen,total,Drinking water,2020,60.66357,18093497.09516,At least basic
YEM,Yemen,rural,Drinking water,2020,50.68134,9385950.1912,At least basic
YEM,Yemen,urban,Drinking water,2020,77.01413,8707547.11757,At least basic
YEM,Yemen,total,Sanitation,2020,35.27866,10522201.06994,Basic service
YEM,Yemen,urban,Sanitation,2020,18.18197,2055731.48384,Basic service
YEM,Yemen,total,Sanitation,2020,4.97562,1484026.51613,Limited service
YEM,Yemen,rural,Sanitation,2020,5.13528,951029.93518,Limited service
YEM,Yemen,urban,Sanitation,2020,4.7141,532996.57878,Limited service
YEM,Yemen,total,Drinking water,2020,28.96274,8638418.10119,Limited service
YEM,Yemen,rural,Drinking water,2020,33.53021,6209641.34381,Limited service
YEM,Yemen,urban,Drinking water,2020,21.48138,2428776.69188,Limited service
YEM,Yemen,total,Sanitation,2020,9.73353,2903118.34854,Open defecation
YEM,Yemen,rural,Sanitation,2020,15.02353,2782287.8292,Open defecation
YEM,Yemen,urban,Sanitation,2020,1.06869,120830.443,Open defecation
YEM,Yemen,total,Sanitation,2020,18.83798,5618609.47803,Safely managed service
YEM,Yemen,urban,Sanitation,2020,60.61327,6853195.38841,Safely managed service
YEM,Yemen,total,Drinking water,2020,2.59584,774233.0936,Surface water
YEM,Yemen,rural,Drinking water,2020,4.18063,774233.07064,Surface water
YEM,Yemen,urban,Drinking water,2020,0,0,Surface water
YEM,Yemen,total,Sanitation,2020,31.17422,9298012.58617,Unimproved
YEM,Yemen,rural,Sanitation,2020,40.79118,7554338.34284,Unimproved
YEM,Yemen,urban,Sanitation,2020,15.42197,1743674.10609,Unimproved
YEM,Yemen,total,Drinking water,2020,7.77785,2319819.87528,Unimproved
YEM,Yemen,rural,Drinking water,2020,11.60782,2149715.59585,Unimproved
YEM,Yemen,urban,Drinking water,2020,1.50449,170104.22402,Unimproved
ZAF,South Africa,total,Sanitation,2020,78.47461,46542264.37539,At least basic
ZAF,South Africa,rural,Sanitation,2020,81.25622,15732760.66619,At least basic
ZAF,South Africa,urban,Sanitation,2020,77.12638,30809502.62302,At least basic
ZAF,South Africa,total,Drinking water,2020,93.88506,55681998.42425,At least basic
ZAF,South Africa,rural,Drinking water,2020,83.32948,16134184.5075,At least basic
ZAF,South Africa,total,Hygiene,2020,44.3697,26315086.09288,Basic service
ZAF,South Africa,rural,Hygiene,2020,27.48104,5320855.73164,Basic service
ZAF,South Africa,urban,Hygiene,2020,52.5555,20994229.38665,Basic service
ZAF,South Africa,urban,Drinking water,2020,17.94461,7168294.37516,Basic service
ZAF,South Africa,total,Hygiene,2020,43.33716,25702699.86948,Limited service
ZAF,South Africa,rural,Hygiene,2020,54.94569,10638538.7384,Limited service
ZAF,South Africa,urban,Hygiene,2020,37.71058,15064160.36165,Limited service
ZAF,South Africa,total,Sanitation,2020,14.76347,8756020.68985,Limited service
ZAF,South Africa,rural,Sanitation,2020,5.1044,988309.10224,Limited service
ZAF,South Africa,urban,Sanitation,2020,19.44515,7767711.2404,Limited service
ZAF,South Africa,total,Drinking water,2020,2.77274,1644473.56453,Limited service
ZAF,South Africa,rural,Drinking water,2020,6.97736,1350950.45811,Limited service
ZAF,South Africa,urban,Drinking water,2020,0.73479,293523.07902,Limited service
ZAF,South Africa,total,Hygiene,2020,12.29315,7290905.87158,No handwashing facility
ZAF,South Africa,rural,Hygiene,2020,17.57327,3402521.56094,No handwashing facility
ZAF,South Africa,urban,Hygiene,2020,9.73392,3888386.11429,No handwashing facility
ZAF,South Africa,total,Sanitation,2020,0.22416,132946.3717,Open defecation
ZAF,South Africa,rural,Sanitation,2020,0,0,Open defecation
ZAF,South Africa,urban,Sanitation,2020,0.33281,132946.36627,Open defecation
ZAF,South Africa,urban,Drinking water,2020,81.05665,32379519.12765,Safely managed service
ZAF,South Africa,total,Drinking water,2020,1.93139,1145481.97561,Surface water
ZAF,South Africa,rural,Drinking water,2020,5.91616,1145481.96312,Surface water
ZAF,South Africa,urban,Drinking water,2020,0,0,Surface water
ZAF,South Africa,total,Sanitation,2020,6.53776,3877459.77129,Unimproved
ZAF,South Africa,rural,Sanitation,2020,13.63938,2640846.0943,Unimproved
ZAF,South Africa,urban,Sanitation,2020,3.09566,1236615.54861,Unimproved
ZAF,South Africa,total,Drinking water,2020,1.41082,836736.90578,Unimproved
ZAF,South Africa,rural,Drinking water,2020,3.777,731299.42927,Unimproved
ZAF,South Africa,urban,Drinking water,2020,0.26395,105439.41738,Unimproved
ZMB,Zambia,total,Sanitation,2020,31.89963,5864414.57026,At least basic
ZMB,Zambia,urban,Sanitation,2020,40.97508,3361831.25828,At least basic
ZMB,Zambia,total,Drinking water,2020,65.41238,12025383.89863,At least basic
ZMB,Zambia,rural,Drinking water,2020,48.22729,4909239.31921,At least basic
ZMB,Zambia,total,Hygiene,2020,17.93393,3296965.16786,Basic service
ZMB,Zambia,rural,Hygiene,2020,9.23329,939891.3742,Basic service
ZMB,Zambia,urban,Hygiene,2020,28.72877,2357073.8185,Basic service
ZMB,Zambia,rural,Sanitation,2020,0.83306,84800.263,Basic service
ZMB,Zambia,urban,Drinking water,2020,36.24406,2973671.56397,Basic service
ZMB,Zambia,total,Hygiene,2020,31.39667,5771950.49463,Limited service
ZMB,Zambia,rural,Hygiene,2020,28.55117,2906332.45467,Limited service
ZMB,Zambia,urban,Hygiene,2020,34.92707,2865618.17596,Limited service
ZMB,Zambia,total,Sanitation,2020,19.796,3639287.36537,Limited service
ZMB,Zambia,rural,Sanitation,2020,7.27842,740898.19196,Limited service
ZMB,Zambia,urban,Sanitation,2020,35.3265,2898389.18105,Limited service
ZMB,Zambia,total,Drinking water,2020,6.15394,1131337.4417,Limited service
ZMB,Zambia,rural,Drinking water,2020,8.3317,848115.85456,Limited service
ZMB,Zambia,urban,Drinking water,2020,3.452,283221.63399,Limited service
ZMB,Zambia,total,Hygiene,2020,50.6694,9315040.06542,No handwashing facility
ZMB,Zambia,rural,Hygiene,2020,62.21554,6333157.04511,No handwashing facility
ZMB,Zambia,urban,Hygiene,2020,36.34415,2981883.5843,No handwashing facility
ZMB,Zambia,total,Sanitation,2020,11.25346,2068831.01171,Open defecation
ZMB,Zambia,rural,Sanitation,2020,19.05948,1940137.36372,Open defecation
ZMB,Zambia,urban,Sanitation,2020,1.56856,128693.76117,Open defecation
ZMB,Zambia,rural,Sanitation,2020,23.75177,2417782.90806,Safely managed service
ZMB,Zambia,urban,Drinking water,2020,50.48979,4142473.02567,Safely managed service
ZMB,Zambia,total,Drinking water,2020,6.85684,1260557.84302,Surface water
ZMB,Zambia,rural,Drinking water,2020,11.83235,1204460.35625,Surface water
ZMB,Zambia,urban,Drinking water,2020,0.68374,56097.55807,Surface water
ZMB,Zambia,total,Sanitation,2020,37.05091,6811423.21077,Unimproved
ZMB,Zambia,rural,Sanitation,2020,49.07727,4995762.27225,Unimproved
ZMB,Zambia,urban,Sanitation,2020,22.12986,1815661.21122,Unimproved
ZMB,Zambia,total,Drinking water,2020,21.57684,3966676.90232,Unimproved
ZMB,Zambia,rural,Drinking water,2020,31.60865,3217565.36442,Unimproved
ZMB,Zambia,urban,Drinking water,2020,9.13041,749111.71871,Unimproved
ZWE,Zimbabwe,total,Hygiene,2020,42.42611,6305761.92768,Basic service
ZWE,Zimbabwe,rural,Hygiene,2020,36.10724,3636296.28242,Basic service
ZWE,Zimbabwe,urban,Hygiene,2020,55.70549,2669465.45703,Basic service
ZWE,Zimbabwe,total,Sanitation,2020,9.54177,1418187.00311,Basic service
ZWE,Zimbabwe,rural,Sanitation,2020,1.79338,180607.85078,Basic service
ZWE,Zimbabwe,urban,Sanitation,2020,25.82538,1237579.12929,Basic service
ZWE,Zimbabwe,total,Drinking water,2020,33.13057,4924172.12464,Basic service
ZWE,Zimbabwe,rural,Drinking water,2020,35.42116,3567201.66174,Basic service
ZWE,Zimbabwe,urban,Drinking water,2020,28.31679,1356970.29409,Basic service
ZWE,Zimbabwe,total,Hygiene,2020,54.63541,8120421.03459,Limited service
ZWE,Zimbabwe,rural,Hygiene,2020,60.42009,6084800.10185,Limited service
ZWE,Zimbabwe,urban,Hygiene,2020,42.47863,2035620.64752,Limited service
ZWE,Zimbabwe,total,Sanitation,2020,30.23473,4493765.85746,Limited service
ZWE,Zimbabwe,rural,Sanitation,2020,18.22646,1835553.95175,Limited service
ZWE,Zimbabwe,urban,Sanitation,2020,55.47065,2658211.79458,Limited service
ZWE,Zimbabwe,total,Drinking water,2020,14.19754,2110169.96141,Limited service
ZWE,Zimbabwe,rural,Drinking water,2020,18.59098,1872264.97416,Limited service
ZWE,Zimbabwe,urban,Drinking water,2020,4.96452,237904.90366,Limited service
ZWE,Zimbabwe,total,Hygiene,2020,2.93848,436744.0517,No handwashing facility
ZWE,Zimbabwe,rural,Hygiene,2020,3.47266,349725.60586,No handwashing facility
ZWE,Zimbabwe,urban,Hygiene,2020,1.81588,87018.8963,No handwashing facility
ZWE,Zimbabwe,total,Sanitation,2020,23.49863,3492584.4726,Open defecation
ZWE,Zimbabwe,rural,Sanitation,2020,34.68023,3492584.32414,Open defecation
ZWE,Zimbabwe,urban,Sanitation,2020,0,0,Open defecation
ZWE,Zimbabwe,total,Sanitation,2020,25.65059,3812428.19478,Safely managed service
ZWE,Zimbabwe,rural,Sanitation,2020,30.2408,3045496.69727,Safely managed service
ZWE,Zimbabwe,urban,Sanitation,2020,16.00406,766931.3585,Safely managed service
ZWE,Zimbabwe,total,Drinking water,2020,29.53589,4389897.72343,Safely managed service
ZWE,Zimbabwe,rural,Drinking water,2020,12.86127,1295235.80502,Safely managed service
ZWE,Zimbabwe,urban,Drinking water,2020,64.57834,3094661.82555,Safely managed service
ZWE,Zimbabwe,total,Drinking water,2020,6.85815,1019321.41813,Surface water
ZWE,Zimbabwe,rural,Drinking water,2020,10.11294,1018456.17831,Surface water
ZWE,Zimbabwe,urban,Drinking water,2020,0.01805,865.19611,Surface water
ZWE,Zimbabwe,total,Sanitation,2020,11.07428,1645961.47145,Unimproved
ZWE,Zimbabwe,rural,Sanitation,2020,15.05914,1516579.17708,Unimproved
ZWE,Zimbabwe,urban,Sanitation,2020,2.69991,129382.71734,Unimproved
ZWE,Zimbabwe,total,Drinking water,2020,16.27786,2419365.7727,Unimproved
ZWE,Zimbabwe,rural,Drinking water,2020,23.01365,2317663.37976,Unimproved
ZWE,Zimbabwe,urban,Drinking water,2020,2.1223,101702.78087,Unimproved
